1.00025,1.00025,1.00123,1.00321,1.00617,1.01012,1.01505,1.02097,1.02788,1.03577,1.04465,1.0545,1.06534,1.07715,1.08994,1.10369,1.1184,1.13407,1.15068,1.16821,1.18667,1.20602,1.22626,1.24735,1.26928,1.29202,1.31552,1.33977,1.36471,1.3903,1.41648,1.44322,1.47043,1.49806,1.52604,1.55427,1.58269,1.61119,1.63968,1.66805,1.69619,1.72398,1.75129,1.778,1.80395,1.82901,1.85302,1.87583,1.89727,1.91717,1.93536,1.95167,1.96592,1.97792,1.98751,1.9945,1.99872,1.99999,1.99815,1.99303,1.98449,1.97238,1.95657,1.93695,1.91343,1.88592,1.85436,1.81872,1.77899,1.73518,1.68735,1.63557,1.57995,1.52065,1.45784,1.39174,1.32263,1.25079,1.17657,1.10035,1.02254,0.943619,0.864068,0.78442,0.705241,0.627123,0.550684,0.476564,0.405419,0.337915,0.274723,0.21651,0.163932,0.117629,0.0782131,0.0462604,0.022303,0.00681891,0.000222855,0.00285708,0.0149822,0.0367686
1.00025,1.00025,1.00123,1.00321,1.00617,1.01012,1.01505,1.02097,1.02788,1.03577,1.04465,1.0545,1.06534,1.07715,1.08994,1.10369,1.1184,1.13407,1.15068,1.16821,1.18667,1.20602,1.22626,1.24735,1.26928,1.29202,1.31552,1.33977,1.36471,1.3903,1.41648,1.44322,1.47043,1.49806,1.52604,1.55427,1.58269,1.61119,1.63968,1.66805,1.69619,1.72398,1.75129,1.778,1.80395,1.82901,1.85302,1.87583,1.89727,1.91717,1.93536,1.95167,1.96592,1.97792,1.98751,1.9945,1.99872,1.99999,1.99815,1.99303,1.98449,1.97238,1.95657,1.93695,1.91343,1.88592,1.85436,1.81872,1.77899,1.73518,1.68735,1.63557,1.57995,1.52065,1.45784,1.39174,1.32263,1.25079,1.17657,1.10035,1.02254,0.943619,0.864068,0.78442,0.705241,0.627123,0.550684,0.476564,0.405419,0.337915,0.274723,0.21651,0.163932,0.117629,0.0782131,0.0462604,0.022303,0.00681891,0.000222855,0.00285708,0.0149822,0.0367686
1.00123,1.00123,1.00222,1.00419,1.00716,1.0111,1.01604,1.02196,1.02886,1.03676,1.04563,1.05549,1.06632,1.07814,1.09092,1.10467,1.11938,1.13505,1.15165,1.16919,1.18764,1.20699,1.22722,1.24831,1.27023,1.29296,1.31646,1.3407,1.36563,1.3912,1.41738,1.4441,1.4713,1.49892,1.52687,1.55509,1.58349,1.61197,1.64044,1.66878,1.6969,1.72466,1.75195,1.77862,1.80454,1.82956,1.85354,1.87631,1.8977,1.91756,1.93571,1.95197,1.96617,1.97813,1.98767,1.9946,1.99877,1.99998,1.99809,1.99291,1.98431,1.97215,1.95628,1.93661,1.91303,1.88546,1.85384,1.81815,1.77837,1.73451,1.68663,1.63481,1.57915,1.51981,1.45696,1.39084,1.32169,1.24983,1.1756,1.09937,1.02156,0.942634,0.86309,0.783457,0.704298,0.626207,0.549802,0.475723,0.404626,0.337176,0.274044,0.215897,0.163391,0.117165,0.0778309,0.0459642,0.0220962,0.00670434,0.000202507,0.00293211,0.0151529,0.0370343
1.00321,1.00321,1.00419,1.00617,1.00913,1.01308,1.01801,1.02393,1.03084,1.03873,1.0476,1.05746,1.06829,1.0801,1.09289,1.10664,1.12134,1.137,1.1536,1.17113,1.18958,1.20892,1.22914,1.25022,1.27213,1.29485,1.31833,1.34255,1.36746,1.39302,1.41917,1.44587,1.47304,1.50063,1.52855,1.55673,1.58509,1.61353,1.64195,1.67025,1.69831,1.72602,1.75325,1.77986,1.80571,1.83066,1.85457,1.87725,1.89857,1.91834,1.9364,1.95257,1.96668,1.97854,1.98797,1.99481,1.99886,1.99997,1.99796,1.99268,1.98396,1.97168,1.9557,1.93592,1.91222,1.88454,1.85281,1.81701,1.77713,1.73317,1.6852,1.63328,1.57754,1.51812,1.4552,1.38902,1.31982,1.24792,1.17365,1.0974,1.01958,0.940663,0.861135,0.78153,0.702413,0.624377,0.548041,0.474043,0.403041,0.335699,0.272688,0.214673,0.162311,0.11624,0.0770692,0.0453744,0.0216855,0.00647808,0.000164732,0.0030851,0.0154971,0.0375684
1.00617,1.00617,1.00716,1.00913,1.01209,1.01604,1.02097,1.02689,1.0338,1.04169,1.05056,1.06041,1.07125,1.08306,1.09583,1.10958,1.12428,1.13993,1.15653,1.17405,1.19248,1.21181,1.23202,1.25309,1.27498,1.29768,1.32114,1.34533,1.37021,1.39574,1.42186,1.44852,1.47565,1.50319,1.53106,1.55919,1.58749,1.61587,1.64422,1.67245,1.70043,1.72805,1.75519,1.78171,1.80746,1.83231,1.8561,1.87867,1.89987,1.91951,1.93744,1.95347,1.96743,1.97914,1.98843,1.9951,1.999,1.99994,1.99777,1.99231,1.98343,1.97098,1.95483,1.93487,1.911,1.88315,1.85126,1.8153,1.77526,1.73115,1.68304,1.63099,1.57512,1.51558,1.45257,1.38629,1.31702,1.24505,1.17074,1.09445,1.01662,0.937708,0.858203,0.778642,0.699588,0.621634,0.545401,0.471527,0.400668,0.333489,0.270659,0.212844,0.160698,0.114858,0.0759334,0.0444968,0.0210765,0.00614596,0.000115373,0.00332187,0.0160207,0.0383765
1.01012,1.01012,1.0111,1.01308,1.01604,1.01998,1.02492,1.03084,1.03774,1.04563,1.0545,1.06435,1.07518,1.08699,1.09976,1.1135,1.1282,1.14384,1.16043,1.17793,1.19635,1.21567,1.23586,1.2569,1.27877,1.30144,1.32487,1.34903,1.37388,1.39936,1.42544,1.45204,1.47912,1.5066,1.5344,1.56246,1.59068,1.61897,1.64723,1.67536,1.70324,1.73075,1.75777,1.78416,1.80978,1.83449,1.85813,1.88055,1.90158,1.92106,1.93881,1.95465,1.96842,1.97994,1.98902,1.99549,1.99917,1.99989,1.9975,1.99182,1.98271,1.97003,1.95365,1.93346,1.90937,1.88129,1.84919,1.81301,1.77276,1.72845,1.68015,1.62792,1.57188,1.5122,1.44904,1.38264,1.31327,1.24122,1.16685,1.09052,1.01268,0.933768,0.854296,0.774793,0.695824,0.617983,0.541888,0.46818,0.397513,0.330551,0.267964,0.210415,0.158558,0.113028,0.0744316,0.0433398,0.0202778,0.00571669,6.31978e-05,0.00365116,0.0167322,0.0394672
1.01505,1.01505,1.01604,1.01801,1.02097,1.02492,1.02985,1.03577,1.04267,1.05056,1.05943,1.06928,1.0801,1.0919,1.10467,1.1184,1.13309,1.14872,1.16529,1.18279,1.20119,1.22049,1.24065,1.26167,1.28351,1.30614,1.32954,1.35365,1.37845,1.40388,1.4299,1.45644,1.48344,1.51084,1.53857,1.56653,1.59466,1.62284,1.65099,1.67899,1.70674,1.73411,1.76098,1.78721,1.81267,1.8372,1.86066,1.88288,1.9037,1.92297,1.94049,1.95611,1.96964,1.98091,1.98974,1.99594,1.99936,1.99981,1.99714,1.99118,1.98178,1.96881,1.95215,1.93168,1.9073,1.87895,1.84657,1.81013,1.76962,1.72507,1.67652,1.62407,1.56783,1.50795,1.44463,1.37808,1.30858,1.23643,1.16198,1.08561,1.00774,0.928845,0.849416,0.769988,0.691127,0.613427,0.537508,0.464007,0.393581,0.326893,0.264611,0.207396,0.155902,0.11076,0.0725747,0.0419144,0.019301,0.00520188,1.98943e-05,0.0040846,0.0176431,0.0408516
1.02097,1.02097,1.02196,1.02393,1.02689,1.03084,1.03577,1.04169,1.04859,1.05647,1.06534,1.07518,1.08601,1.0978,1.11056,1.12428,1.13896,1.15458,1.17113,1.18861,1.20699,1.22626,1.2464,1.26738,1.28918,1.31178,1.33512,1.35919,1.38393,1.40929,1.43524,1.4617,1.48862,1.51593,1.54355,1.5714,1.59941,1.62746,1.65547,1.68333,1.71092,1.73812,1.76481,1.79085,1.81611,1.84042,1.86366,1.88564,1.90622,1.92523,1.94249,1.95783,1.97107,1.98204,1.99056,1.99646,1.99955,1.99968,1.99667,1.99037,1.98064,1.96733,1.95032,1.92951,1.9048,1.87611,1.8434,1.80664,1.76582,1.72097,1.67215,1.61943,1.56295,1.50284,1.43931,1.37259,1.30294,1.23067,1.15613,1.07971,1.00182,0.92294,0.843564,0.764229,0.6855,0.607973,0.532265,0.459018,0.388883,0.322526,0.260611,0.203799,0.152741,0.108067,0.0703761,0.0402347,0.0181604,0.0046161,7.45214e-08,0.00463674,0.0187678,0.0425437
1.02788,1.02788,1.02886,1.03084,1.0338,1.03774,1.04267,1.04859,1.05549,1.06337,1.07223,1.08207,1.09289,1.10467,1.11742,1.13113,1.1458,1.1614,1.17793,1.19539,1.21374,1.23298,1.25309,1.27403,1.29579,1.31833,1.34162,1.36563,1.3903,1.41559,1.44145,1.46782,1.49463,1.52183,1.54933,1.57706,1.60492,1.63283,1.66067,1.68836,1.71576,1.74276,1.76924,1.79506,1.82008,1.84415,1.86712,1.88883,1.90912,1.92783,1.94478,1.95979,1.9727,1.98332,1.99149,1.99702,1.99974,1.99948,1.99608,1.98939,1.97926,1.96556,1.94815,1.92694,1.90183,1.87276,1.83967,1.80254,1.76136,1.71617,1.66702,1.61399,1.55722,1.49686,1.4331,1.36617,1.29635,1.22395,1.1493,1.07282,0.994911,0.916053,0.836744,0.757521,0.67895,0.601626,0.52617,0.45322,0.383429,0.31746,0.255977,0.199638,0.149092,0.104964,0.0678524,0.0383176,0.0168732,0.00397681,2.12726e-05,0.00532503,0.0201234,0.0445602
1.03577,1.03577,1.03676,1.03873,1.04169,1.04563,1.05056,1.05647,1.06337,1.07125,1.0801,1.08994,1.10075,1.11252,1.12526,1.13896,1.1536,1.16919,1.1857,1.20312,1.22145,1.24065,1.26072,1.28162,1.30332,1.32581,1.34903,1.37296,1.39755,1.42276,1.44852,1.47478,1.50148,1.52855,1.55591,1.58349,1.61119,1.63892,1.66658,1.69406,1.72125,1.74803,1.77426,1.79983,1.82457,1.84835,1.87102,1.89242,1.91238,1.93074,1.94733,1.96198,1.9745,1.98473,1.99248,1.99759,1.99989,1.99919,1.99535,1.98822,1.97763,1.96347,1.94561,1.92395,1.89839,1.86888,1.83536,1.7978,1.75622,1.71064,1.66111,1.60774,1.55065,1.48999,1.42597,1.35881,1.2888,1.21624,1.14149,1.06494,0.987016,0.908188,0.82896,0.749868,0.671482,0.594397,0.519232,0.446626,0.377232,0.311711,0.250725,0.19493,0.144971,0.10147,0.0650226,0.0361829,0.0154595,0.0033044,0.000103943,0.00616977,0.02173,0.0469207
1.04465,1.04465,1.04563,1.0476,1.05056,1.0545,1.05943,1.06534,1.07223,1.0801,1.08896,1.09878,1.10958,1.12134,1.13407,1.14775,1.16237,1.17793,1.19442,1.21181,1.2301,1.24927,1.26928,1.29013,1.31178,1.33419,1.35734,1.38119,1.40569,1.43079,1.45644,1.48258,1.50915,1.53607,1.56328,1.59068,1.6182,1.64573,1.67318,1.70043,1.72738,1.75389,1.77986,1.80513,1.82956,1.85302,1.87535,1.89639,1.91598,1.93396,1.95014,1.96437,1.97646,1.98624,1.99353,1.99817,1.99998,1.9988,1.99446,1.98682,1.97573,1.96105,1.94269,1.92051,1.89446,1.86445,1.83044,1.79242,1.75038,1.70436,1.65442,1.60066,1.54321,1.48223,1.41791,1.35051,1.28029,1.20756,1.13269,1.05607,0.978135,0.899347,0.820215,0.741278,0.663106,0.586294,0.511462,0.43925,0.370307,0.305295,0.244872,0.189693,0.140398,0.0976072,0.0619088,0.0338531,0.0139425,0.00262222,0.000271457,0.00719415,0.0236102,0.0496472
1.0545,1.0545,1.05549,1.05746,1.06041,1.06435,1.06928,1.07518,1.08207,1.08994,1.09878,1.1086,1.11938,1.13113,1.14384,1.1575,1.1721,1.18764,1.20409,1.22145,1.2397,1.25881,1.27877,1.29956,1.32114,1.34348,1.36654,1.3903,1.41469,1.43967,1.4652,1.4912,1.51762,1.54438,1.5714,1.59862,1.62592,1.65323,1.68044,1.70744,1.73411,1.76034,1.78599,1.81094,1.83503,1.85813,1.88008,1.90072,1.9199,1.93744,1.95317,1.96693,1.97854,1.98782,1.9946,1.99872,1.99999,1.99826,1.99337,1.98517,1.97352,1.95828,1.93935,1.91661,1.89,1.85944,1.8249,1.78636,1.74382,1.69732,1.64693,1.59274,1.5349,1.47356,1.40893,1.34125,1.2708,1.1979,1.1229,1.04622,0.968269,0.889532,0.810515,0.731757,0.653829,0.577329,0.502874,0.431105,0.362671,0.298229,0.238438,0.183949,0.135397,0.0933983,0.0585358,0.0313539,0.0123482,0.00195653,0.000550095,0.00842423,0.0257897,0.0527646
1.06534,1.06534,1.06632,1.06829,1.07125,1.07518,1.0801,1.08601,1.09289,1.10075,1.10958,1.11938,1.13016,1.14189,1.15458,1.16821,1.18279,1.19829,1.21471,1.23202,1.25022,1.26928,1.28918,1.3099,1.3314,1.35365,1.37662,1.40027,1.42454,1.4494,1.47478,1.50063,1.52687,1.55345,1.58028,1.60728,1.63435,1.66141,1.68836,1.71507,1.74144,1.76735,1.79266,1.81724,1.84096,1.86366,1.88519,1.90539,1.9241,1.94116,1.9564,1.96964,1.98072,1.98945,1.99567,1.99921,1.99989,1.99757,1.99207,1.98325,1.97098,1.95512,1.93557,1.91222,1.885,1.85384,1.81872,1.7796,1.73652,1.6895,1.63861,1.58397,1.52569,1.46397,1.399,1.33102,1.26033,1.18724,1.11212,1.03537,0.95742,0.878749,0.799867,0.721315,0.643665,0.567514,0.493484,0.42221,0.354343,0.290537,0.231447,0.177722,0.129993,0.0888704,0.0549315,0.0287138,0.0107056,0.00133656,0.000969042,0.00988887,0.0282968,0.0563004
1.07715,1.07715,1.07814,1.0801,1.08306,1.08699,1.0919,1.0978,1.10467,1.11252,1.12134,1.13113,1.14189,1.1536,1.16627,1.17988,1.19442,1.20988,1.22626,1.24353,1.26167,1.28067,1.3005,1.32114,1.34255,1.36471,1.38757,1.41109,1.43524,1.45995,1.48517,1.51084,1.5369,1.56328,1.58988,1.61664,1.64346,1.67025,1.6969,1.7233,1.74934,1.77489,1.79983,1.82401,1.84731,1.86957,1.89063,1.91035,1.92856,1.9451,1.95979,1.97247,1.98296,1.9911,1.9967,1.99961,1.99965,1.99667,1.99051,1.98102,1.96808,1.95155,1.93132,1.9073,1.87942,1.84762,1.81186,1.77213,1.72845,1.68087,1.62945,1.57431,1.51558,1.45345,1.38811,1.31982,1.24888,1.1756,1.10035,1.02353,0.94559,0.867002,0.788277,0.70996,0.632624,0.556866,0.483308,0.412584,0.345344,0.28224,0.223924,0.17104,0.124215,0.0840535,0.0511265,0.0259643,0.00904664,0.000794485,0.00156037,0.0116197,0.0311624,0.0602843
1.08994,1.08994,1.09092,1.09289,1.09583,1.09976,1.10467,1.11056,1.11742,1.12526,1.13407,1.14384,1.15458,1.16627,1.17891,1.19248,1.20699,1.22241,1.23874,1.25595,1.27403,1.29296,1.31271,1.33326,1.35458,1.37662,1.39936,1.42276,1.44675,1.4713,1.49635,1.52183,1.54768,1.57383,1.6002,1.62669,1.65323,1.67972,1.70604,1.7321,1.75777,1.78293,1.80746,1.83121,1.85405,1.87583,1.89639,1.91559,1.93325,1.94921,1.96331,1.97538,1.98524,1.99272,1.99766,1.99989,1.99923,1.99554,1.98866,1.97846,1.96478,1.94752,1.92657,1.90183,1.87324,1.84074,1.8043,1.76392,1.7196,1.67142,1.61943,1.56376,1.50455,1.44197,1.37625,1.30764,1.23643,1.16295,1.08757,1.0107,0.932783,0.854296,0.775755,0.697705,0.620721,0.545401,0.472366,0.40225,0.335699,0.273366,0.215897,0.163932,0.118094,0.0789801,0.0471547,0.0231398,0.00740631,0.000365397,0.002359,0.0136513,0.0344201,0.064749
1.10369,1.10369,1.10467,1.10664,1.10958,1.1135,1.1184,1.12428,1.13113,1.13896,1.14775,1.1575,1.16821,1.17988,1.19248,1.20602,1.22049,1.23586,1.25213,1.26928,1.28729,1.30614,1.32581,1.34626,1.36746,1.38939,1.41199,1.43524,1.45907,1.48344,1.5083,1.53357,1.55919,1.58509,1.61119,1.6374,1.66363,1.68979,1.71576,1.74144,1.76671,1.79146,1.81553,1.83882,1.86116,1.88241,1.90243,1.92106,1.93812,1.95347,1.96693,1.97833,1.98751,1.99429,1.99851,2,1.9986,1.99414,1.9865,1.97551,1.96105,1.94301,1.92128,1.89578,1.86643,1.83318,1.79601,1.75493,1.70994,1.66111,1.60853,1.55229,1.49257,1.42954,1.36341,1.29446,1.22298,1.1493,1.0738,0.996885,0.919004,0.840641,0.762311,0.684564,0.607973,0.533138,0.460679,0.39123,0.325435,0.263942,0.207396,0.156431,0.111664,0.0736861,0.0430528,0.0202778,0.00582255,8.73375e-05,0.00340274,0.0160207,0.0381062,0.0697293
1.1184,1.1184,1.11938,1.12134,1.12428,1.1282,1.13309,1.13896,1.1458,1.1536,1.16237,1.1721,1.18279,1.19442,1.20699,1.22049,1.2349,1.25022,1.26643,1.28351,1.30144,1.3202,1.33977,1.36011,1.38119,1.40298,1.42544,1.44852,1.47217,1.49635,1.52099,1.54603,1.5714,1.59703,1.62284,1.64874,1.67463,1.70043,1.72602,1.75129,1.77613,1.80042,1.82401,1.84678,1.86859,1.88928,1.90871,1.92672,1.94315,1.95783,1.9706,1.98129,1.98974,1.99576,1.99921,1.99991,1.9977,1.99244,1.98396,1.97215,1.95686,1.93798,1.91543,1.8891,1.85894,1.8249,1.78697,1.74514,1.69944,1.64993,1.59671,1.53989,1.47963,1.41612,1.34958,1.28029,1.20853,1.13465,1.05903,0.982082,0.904258,0.826043,0.747958,0.67055,0.594397,0.520098,0.448271,0.379552,0.31458,0.254002,0.198457,0.148574,0.104964,0.0682102,0.0388607,0.0174191,0.0043363,1.26065e-06,0.00473216,0.0187678,0.0422594,0.0752624
1.13407,1.13407,1.13505,1.137,1.13993,1.14384,1.14872,1.15458,1.1614,1.16919,1.17793,1.18764,1.19829,1.20988,1.22241,1.23586,1.25022,1.26548,1.28162,1.29862,1.31646,1.33512,1.35458,1.37479,1.39574,1.41738,1.43967,1.46257,1.48603,1.51,1.5344,1.55919,1.58429,1.60963,1.63512,1.66067,1.68621,1.71161,1.73679,1.76162,1.78599,1.80978,1.83286,1.85508,1.87631,1.89639,1.91519,1.93254,1.94828,1.96225,1.97428,1.98421,1.99187,1.99709,1.99971,1.99957,1.99651,1.99037,1.98102,1.96832,1.95215,1.93239,1.90896,1.88176,1.85075,1.81587,1.77713,1.73451,1.68807,1.63785,1.58397,1.52653,1.46572,1.40171,1.33475,1.26509,1.19306,1.11899,1.04326,0.966296,0.888551,0.810515,0.732708,0.655682,0.580014,0.506304,0.43517,0.367245,0.303168,0.243579,0.189115,0.140398,0.0980329,0.0625944,0.0346213,0.0146071,0.0029915,0.000151015,0.00639063,0.0219351,0.0469207,0.0813878
1.15068,1.15068,1.15165,1.1536,1.15653,1.16043,1.16529,1.17113,1.17793,1.1857,1.19442,1.20409,1.21471,1.22626,1.23874,1.25213,1.26643,1.28162,1.29768,1.31459,1.33233,1.35088,1.37021,1.3903,1.41109,1.43257,1.45468,1.47738,1.50063,1.52436,1.54851,1.57302,1.59782,1.62284,1.64799,1.67318,1.69831,1.7233,1.74803,1.77239,1.79626,1.81951,1.84202,1.86366,1.88427,1.9037,1.92182,1.93846,1.95347,1.96668,1.97792,1.98704,1.99386,1.99823,1.99997,1.99894,1.99497,1.98791,1.97763,1.964,1.94689,1.9262,1.90183,1.87372,1.84181,1.80606,1.76646,1.72302,1.67579,1.62484,1.57026,1.5122,1.4508,1.38629,1.31889,1.24888,1.17657,1.10231,1.02649,0.949533,0.871894,0.794068,0.716579,0.639979,0.564847,0.491783,0.421405,0.354343,0.291233,0.232712,0.17941,0.131946,0.0909153,0.0568837,0.0303807,0.0118887,0.00183506,0.000583314,0.00842423,0.0255675,0.0521338,0.0881469
1.16821,1.16821,1.16919,1.17113,1.17405,1.17793,1.18279,1.18861,1.19539,1.20312,1.21181,1.22145,1.23202,1.24353,1.25595,1.26928,1.28351,1.29862,1.31459,1.3314,1.34903,1.36746,1.38666,1.40659,1.42722,1.44852,1.47043,1.49292,1.51593,1.5394,1.56328,1.58749,1.61197,1.63664,1.66141,1.68621,1.71092,1.73545,1.7597,1.78355,1.80688,1.82956,1.85147,1.87247,1.89242,1.91117,1.92856,1.94445,1.95868,1.97107,1.98148,1.98974,1.99567,1.99913,1.99994,1.99796,1.99303,1.985,1.97374,1.95912,1.94103,1.91935,1.89402,1.86494,1.83209,1.79542,1.75493,1.71064,1.66259,1.61087,1.55558,1.49686,1.43488,1.36984,1.302,1.23163,1.15906,1.08462,1.00873,0.931799,0.854296,0.776717,0.699588,0.623462,0.548921,0.476564,0.407007,0.340879,0.278813,0.22144,0.169387,0.123264,0.0836579,0.0511265,0.0261882,0.00931348,0.000916868,0.00134769,0.0108817,0.0297126,0.0579443,0.0955834
1.18667,1.18667,1.18764,1.18958,1.19248,1.19635,1.20119,1.20699,1.21374,1.22145,1.2301,1.2397,1.25022,1.26167,1.27403,1.28729,1.30144,1.31646,1.33233,1.34903,1.36654,1.38484,1.40388,1.42365,1.4441,1.4652,1.4869,1.50915,1.5319,1.55509,1.57867,1.60256,1.62669,1.65099,1.67536,1.69972,1.72398,1.74803,1.77176,1.79506,1.81781,1.83989,1.86116,1.88148,1.90072,1.91873,1.93536,1.95045,1.96384,1.97538,1.9849,1.99224,1.99724,1.99974,1.99957,1.99659,1.99064,1.98159,1.9693,1.95365,1.93452,1.91181,1.88546,1.85538,1.82154,1.78391,1.7425,1.69732,1.64843,1.59592,1.53989,1.4805,1.41791,1.35236,1.28407,1.21335,1.14052,1.06592,0.989977,0.913103,0.835771,0.758479,0.681755,0.606157,0.532265,0.460679,0.392013,0.326893,0.26595,0.20981,0.159092,0.114399,0.0763111,0.0453744,0.0220962,0.00693446,0.000289744,0.00249645,0.0138143,0.0344201,0.0644001,0.103743
1.20602,1.20602,1.20699,1.20892,1.21181,1.21567,1.22049,1.22626,1.23298,1.24065,1.24927,1.25881,1.26928,1.28067,1.29296,1.30614,1.3202,1.33512,1.35088,1.36746,1.38484,1.40298,1.42186,1.44145,1.4617,1.48258,1.50404,1.52604,1.54851,1.5714,1.59466,1.6182,1.64195,1.66584,1.68979,1.71369,1.73746,1.76098,1.78416,1.80688,1.82901,1.85044,1.87102,1.89063,1.90912,1.92635,1.94216,1.9564,1.96891,1.97954,1.98813,1.9945,1.99851,1.99999,1.9988,1.99477,1.98776,1.97763,1.96426,1.94752,1.92731,1.90353,1.87611,1.84499,1.81013,1.7715,1.72913,1.68304,1.63328,1.57995,1.52317,1.46309,1.3999,1.33382,1.26509,1.19403,1.12095,1.04622,0.970242,0.893457,0.816333,0.739372,0.663106,0.588092,0.514911,0.444162,0.376461,0.312427,0.252689,0.197867,0.148574,0.105405,0.0689286,0.0396823,0.0181604,0.00480749,9.39137e-06,0.0040846,0.0172759,0.0397422,0.0715511,0.112672
1.22626,1.22626,1.22722,1.22914,1.23202,1.23586,1.24065,1.2464,1.25309,1.26072,1.26928,1.27877,1.28918,1.3005,1.31271,1.32581,1.33977,1.35458,1.37021,1.38666,1.40388,1.42186,1.44056,1.45995,1.47998,1.50063,1.52183,1.54355,1.56572,1.58829,1.61119,1.63435,1.65771,1.68116,1.70464,1.72805,1.75129,1.77426,1.79685,1.81895,1.84042,1.86116,1.88102,1.89987,1.91756,1.93396,1.9489,1.96225,1.97383,1.9835,1.9911,1.99646,1.99943,1.99985,1.99757,1.99244,1.98431,1.97306,1.95856,1.94069,1.91935,1.89446,1.86593,1.83373,1.7978,1.75815,1.71479,1.66775,1.61711,1.56295,1.5054,1.44463,1.38082,1.31421,1.24505,1.17365,1.10035,1.0255,0.949533,0.872873,0.796,0.719419,0.643665,0.569295,0.496892,0.427054,0.360392,0.297527,0.239078,0.185663,0.137887,0.0963353,0.0615674,0.0341082,0.0144395,0.0029915,0.000134351,0.00616977,0.0213226,0.045733,0.0794489,0.122419
1.24735,1.24735,1.24831,1.25022,1.25309,1.2569,1.26167,1.26738,1.27403,1.28162,1.29013,1.29956,1.3099,1.32114,1.33326,1.34626,1.36011,1.37479,1.3903,1.40659,1.42365,1.44145,1.45995,1.47912,1.49892,1.5193,1.54023,1.56164,1.58349,1.60571,1.62823,1.65099,1.6739,1.6969,1.71988,1.74276,1.76545,1.78782,1.80978,1.83121,1.85199,1.87199,1.89108,1.90912,1.92598,1.9415,1.95553,1.96793,1.97854,1.9872,1.99375,1.99805,1.99993,1.99923,1.99582,1.98954,1.98025,1.96783,1.95215,1.9331,1.9106,1.88454,1.85487,1.82154,1.78452,1.74382,1.69944,1.65143,1.59988,1.54487,1.48655,1.42507,1.36065,1.29352,1.22395,1.15223,1.07872,1.00379,0.927861,0.851368,0.774793,0.698646,0.623462,0.549802,0.478247,0.409394,0.343853,0.28224,0.22517,0.173254,0.127089,0.0872506,0.0542881,0.0287138,0.0109956,0.00154839,0.000725925,0.00881209,0.0260129,0.0524487,0.0881469,0.133035
1.26928,1.26928,1.27023,1.27213,1.27498,1.27877,1.28351,1.28918,1.29579,1.30332,1.31178,1.32114,1.3314,1.34255,1.35458,1.36746,1.38119,1.39574,1.41109,1.42722,1.4441,1.4617,1.47998,1.49892,1.51846,1.53857,1.55919,1.58028,1.60177,1.62361,1.64573,1.66805,1.6905,1.713,1.73545,1.75777,1.77986,1.8016,1.82289,1.84362,1.86366,1.88288,1.90115,1.91834,1.93431,1.9489,1.96198,1.97338,1.98296,1.99056,1.99603,1.99921,1.99994,1.99809,1.99349,1.98601,1.97551,1.96187,1.94497,1.9247,1.90098,1.87372,1.84287,1.80839,1.77025,1.72845,1.68304,1.63404,1.58156,1.52569,1.46659,1.40442,1.33939,1.27175,1.20177,1.12976,1.05607,0.981095,0.90524,0.82896,0.752736,0.677081,0.602532,0.52965,0.459018,0.39123,0.326893,0.26662,0.211021,0.160698,0.11624,0.0782131,0.0471547,0.0235638,0.00789364,0.000542993,0.00184809,0.0120741,0.0314073,0.0599473,0.0976998,0.144571
1.29202,1.29202,1.29296,1.29485,1.29768,1.30144,1.30614,1.31178,1.31833,1.32581,1.33419,1.34348,1.35365,1.36471,1.37662,1.38939,1.40298,1.41738,1.43257,1.44852,1.4652,1.48258,1.50063,1.5193,1.53857,1.55837,1.57867,1.59941,1.62052,1.64195,1.66363,1.68549,1.70744,1.7294,1.75129,1.77301,1.79446,1.81553,1.83612,1.8561,1.87535,1.89375,1.91117,1.92746,1.94249,1.95611,1.96818,1.97854,1.98704,1.99353,1.99786,1.99987,1.99941,1.99634,1.99051,1.98178,1.97003,1.95512,1.93695,1.91543,1.89045,1.86196,1.82989,1.79422,1.75493,1.71202,1.66555,1.61555,1.56213,1.5054,1.44551,1.38264,1.31702,1.24888,1.17851,1.10624,1.03241,0.95742,0.881688,0.805672,0.729856,0.654756,0.58091,0.508881,0.43925,0.37261,0.309566,0.250725,0.19669,0.148057,0.105405,0.0692891,0.0402347,0.0187264,0.00520188,4.29543e-05,0.00356738,0.0160207,0.0375684,0.0682882,0.108164,0.157077
1.31552,1.31552,1.31646,1.31833,1.32114,1.32487,1.32954,1.33512,1.34162,1.34903,1.35734,1.36654,1.37662,1.38757,1.39936,1.41199,1.42544,1.43967,1.45468,1.47043,1.4869,1.50404,1.52183,1.54023,1.55919,1.57867,1.59862,1.61897,1.63968,1.66067,1.68189,1.70324,1.72466,1.74606,1.76735,1.78843,1.8092,1.82956,1.8494,1.86859,1.88701,1.90455,1.92106,1.9364,1.95045,1.96305,1.97406,1.98332,1.9907,1.99603,1.99917,1.99996,1.99826,1.99393,1.98682,1.97679,1.96374,1.94752,1.92805,1.90522,1.87895,1.84919,1.81587,1.77899,1.73852,1.69448,1.64693,1.59592,1.54155,1.48396,1.42329,1.35973,1.29352,1.22491,1.15418,1.08167,1.00774,0.932783,0.857226,0.78153,0.706184,0.631706,0.558637,0.487539,0.418993,0.353589,0.291929,0.234614,0.182241,0.135397,0.0946517,0.0605486,0.033599,0.0142729,0.0029915,0.00011866,0.00595277,0.0207187,0.0445602,0.0775325,0.119596,0.170608
1.33977,1.33977,1.3407,1.34255,1.34533,1.34903,1.35365,1.35919,1.36563,1.37296,1.38119,1.3903,1.40027,1.41109,1.42276,1.43524,1.44852,1.46257,1.47738,1.49292,1.50915,1.52604,1.54355,1.56164,1.58028,1.59941,1.61897,1.63892,1.65919,1.67972,1.70043,1.72125,1.7421,1.7629,1.78355,1.80395,1.82401,1.84362,1.86266,1.88102,1.89857,1.91519,1.93074,1.9451,1.95811,1.96964,1.97954,1.98767,1.99386,1.99799,1.99989,1.99941,1.99642,1.99078,1.98234,1.97098,1.95657,1.93901,1.91818,1.89402,1.86643,1.83536,1.80077,1.76264,1.72097,1.67579,1.62715,1.57512,1.51981,1.46134,1.3999,1.33568,1.2689,1.19983,1.12878,1.05607,0.982082,0.907205,0.831878,0.756563,0.681755,0.607973,0.535758,0.465675,0.398301,0.334225,0.274044,0.218353,0.167742,0.12279,0.0840535,0.0520653,0.027322,0.0102778,0.00133656,0.000843104,0.0090755,0.026237,0.0524487,0.0877422,0.132053,0.185216
1.36471,1.36471,1.36563,1.36746,1.37021,1.37388,1.37845,1.38393,1.3903,1.39755,1.40569,1.41469,1.42454,1.43524,1.44675,1.45907,1.47217,1.48603,1.50063,1.51593,1.5319,1.54851,1.56572,1.58349,1.60177,1.62052,1.63968,1.65919,1.67899,1.69902,1.7192,1.73945,1.7597,1.77986,1.79983,1.81951,1.83882,1.85763,1.87583,1.89331,1.90994,1.9256,1.94016,1.95347,1.9654,1.97581,1.98456,1.99149,1.99646,1.99932,1.99993,1.99815,1.99382,1.98682,1.97701,1.96426,1.94846,1.92951,1.9073,1.88176,1.85281,1.82041,1.78452,1.74514,1.70225,1.65591,1.60617,1.55312,1.49686,1.43754,1.37534,1.31046,1.24314,1.17365,1.10231,1.02945,0.955448,0.880709,0.805672,0.730807,0.656609,0.5836,0.512324,0.443342,0.377232,0.31458,0.255977,0.202011,0.153266,0.110309,0.0736861,0.0439164,0.0214815,0.00681891,0.000313988,0.00229174,0.0130089,0.0326462,0.0613009,0.0989802,0.145595,0.200953
1.3903,1.3903,1.3912,1.39302,1.39574,1.39936,1.40388,1.40929,1.41559,1.42276,1.43079,1.43967,1.4494,1.45995,1.4713,1.48344,1.49635,1.51,1.52436,1.5394,1.55509,1.5714,1.58829,1.60571,1.62361,1.64195,1.66067,1.67972,1.69902,1.71851,1.73812,1.75777,1.77738,1.79685,1.81611,1.83503,1.85354,1.87151,1.88883,1.90539,1.92106,1.93571,1.94921,1.96144,1.97224,1.98148,1.98902,1.99471,1.9984,1.99996,1.99923,1.99608,1.99037,1.98197,1.97074,1.95657,1.93935,1.91897,1.89534,1.86839,1.83806,1.8043,1.76709,1.72642,1.68231,1.63481,1.58397,1.52989,1.47269,1.41253,1.34958,1.28407,1.21624,1.14638,1.07479,1.00182,0.927861,0.85332,0.778642,0.704298,0.630789,0.558637,0.488387,0.4206,0.355851,0.294722,0.237799,0.185663,0.138889,0.0980329,0.0636296,0.0361829,0.0161587,0.00397681,3.31486e-06,0.0045423,0.0178282,0.0400182,0.0711849,0.11131,0.160278,0.217872
1.41648,1.41648,1.41738,1.41917,1.42186,1.42544,1.4299,1.43524,1.44145,1.44852,1.45644,1.4652,1.47478,1.48517,1.49635,1.5083,1.52099,1.5344,1.54851,1.56328,1.57867,1.59466,1.61119,1.62823,1.64573,1.66363,1.68189,1.70043,1.7192,1.73812,1.75713,1.77613,1.79506,1.81382,1.83231,1.85044,1.8681,1.88519,1.90158,1.91717,1.93182,1.94542,1.95783,1.96891,1.97854,1.98656,1.99284,1.99724,1.99961,1.99981,1.9977,1.99315,1.98601,1.97616,1.96347,1.94784,1.92915,1.9073,1.88223,1.85384,1.8221,1.78697,1.74842,1.70646,1.66111,1.61243,1.5605,1.5054,1.44728,1.38629,1.32263,1.25652,1.18821,1.11801,1.04622,0.973201,0.899347,0.825072,0.750824,0.677081,0.604344,0.533138,0.464007,0.397513,0.334225,0.274723,0.219586,0.169387,0.124692,0.086045,0.0539678,0.0289491,0.0114378,0.00183506,0.000486578,0.00767459,0.0236102,0.0484262,0.0821696,0.124796,0.176162,0.236024
1.44322,1.44322,1.4441,1.44587,1.44852,1.45204,1.45644,1.4617,1.46782,1.47478,1.48258,1.4912,1.50063,1.51084,1.52183,1.53357,1.54603,1.55919,1.57302,1.58749,1.60256,1.6182,1.63435,1.65099,1.66805,1.68549,1.70324,1.72125,1.73945,1.75777,1.77613,1.79446,1.81267,1.83066,1.84835,1.86564,1.88241,1.89857,1.91399,1.92856,1.94216,1.95465,1.96592,1.97581,1.98421,1.99097,1.99594,1.999,2,1.9988,1.99526,1.98925,1.98064,1.9693,1.95512,1.93798,1.91779,1.89446,1.8679,1.83806,1.80489,1.76836,1.72845,1.6852,1.63861,1.58876,1.53573,1.47963,1.4206,1.35881,1.29446,1.22779,1.15906,1.08856,1.01662,0.943619,0.869937,0.796,0.722263,0.649204,0.577329,0.507162,0.43925,0.374149,0.312427,0.25466,0.201417,0.153266,0.11076,0.0744316,0.0447884,0.022303,0.00740631,0.0004799,0.00184809,0.0117702,0.0304333,0.0579443,0.0943241,0.139501,0.193304,0.255461
1.47043,1.47043,1.4713,1.47304,1.47565,1.47912,1.48344,1.48862,1.49463,1.50148,1.50915,1.51762,1.52687,1.5369,1.54768,1.55919,1.5714,1.58429,1.59782,1.61197,1.62669,1.64195,1.65771,1.6739,1.6905,1.70744,1.72466,1.7421,1.7597,1.77738,1.79506,1.81267,1.83011,1.84731,1.86415,1.88055,1.89639,1.91157,1.92598,1.93948,1.95197,1.96331,1.97338,1.98204,1.98916,1.9946,1.99823,1.9999,1.99948,1.99683,1.99182,1.98431,1.97419,1.96133,1.94561,1.92694,1.90522,1.88036,1.8523,1.82098,1.78636,1.74842,1.70716,1.66259,1.61477,1.56376,1.50965,1.45257,1.39265,1.33009,1.26509,1.1979,1.12878,1.05804,0.986029,0.913103,0.839666,0.766148,0.693005,0.620721,0.549802,0.480775,0.414183,0.350582,0.290537,0.234614,0.183379,0.137387,0.0971824,0.0632836,0.0361829,0.0163358,0.00415461,7.45214e-08,0.0041742,0.0169125,0.0383765,0.0686471,0.107718,0.155488,0.21176,0.276232
1.49806,1.49806,1.49892,1.50063,1.50319,1.5066,1.51084,1.51593,1.52183,1.52855,1.53607,1.54438,1.55345,1.56328,1.57383,1.58509,1.59703,1.60963,1.62284,1.63664,1.65099,1.66584,1.68116,1.6969,1.713,1.7294,1.74606,1.7629,1.77986,1.79685,1.81382,1.83066,1.84731,1.86366,1.87961,1.89508,1.90994,1.9241,1.93744,1.94983,1.96116,1.97131,1.98013,1.98751,1.99331,1.99738,1.99961,1.99985,1.99796,1.99382,1.98729,1.97825,1.96658,1.95215,1.93487,1.91463,1.89135,1.86494,1.83536,1.80254,1.76646,1.7271,1.68448,1.63861,1.58956,1.5374,1.48223,1.42418,1.36341,1.30012,1.23451,1.16685,1.0974,1.02649,0.954462,0.881688,0.808577,0.735563,0.663106,0.591692,0.52183,0.454047,0.388883,0.326893,0.268636,0.214673,0.16556,0.121844,0.0840535,0.0526958,0.0282461,0.011142,0.00177578,0.000486578,0.00755303,0.0231857,0.0475201,0.0806096,0.122419,0.17282,0.231585,0.298382
1.52604,1.52604,1.52687,1.52855,1.53106,1.5344,1.53857,1.54355,1.54933,1.55591,1.56328,1.5714,1.58028,1.58988,1.6002,1.61119,1.62284,1.63512,1.64799,1.66141,1.67536,1.68979,1.70464,1.71988,1.73545,1.75129,1.76735,1.78355,1.79983,1.81611,1.83231,1.84835,1.86415,1.87961,1.89464,1.90912,1.92297,1.93606,1.94828,1.95951,1.96964,1.97854,1.98607,1.99212,1.99654,1.99921,1.99999,1.99875,1.99535,1.98968,1.98159,1.97098,1.95771,1.94169,1.92281,1.90098,1.87611,1.84814,1.81701,1.78269,1.74514,1.70436,1.66037,1.61321,1.56295,1.50965,1.45345,1.39447,1.33288,1.2689,1.20273,1.13465,1.06494,0.993924,0.921956,0.849416,0.776717,0.704298,0.632624,0.562183,0.493484,0.427054,0.363432,0.303168,0.246816,0.19493,0.148057,0.106732,0.0714713,0.0427668,0.0210765,0.00681891,0.000365397,0.00203239,0.0120741,0.0306754,0.0579443,0.0939061,0.138497,0.191558,0.252832,0.321958
1.55427,1.55427,1.55509,1.55673,1.55919,1.56246,1.56653,1.5714,1.57706,1.58349,1.59068,1.59862,1.60728,1.61664,1.62669,1.6374,1.64874,1.66067,1.67318,1.68621,1.69972,1.71369,1.72805,1.74276,1.75777,1.77301,1.78843,1.80395,1.81951,1.83503,1.85044,1.86564,1.88055,1.89508,1.90912,1.92259,1.93536,1.94733,1.95839,1.96842,1.9773,1.9849,1.9911,1.99576,1.99877,1.99998,1.99927,1.99651,1.99156,1.98431,1.97463,1.96241,1.94752,1.92987,1.90937,1.88592,1.85944,1.82989,1.79721,1.76136,1.72234,1.68015,1.63481,1.58637,1.5349,1.4805,1.42329,1.36341,1.30106,1.23643,1.16976,1.10133,1.03142,0.960378,0.888551,0.816333,0.744139,0.672414,0.601626,0.532265,0.464841,0.399878,0.337915,0.279497,0.22517,0.175482,0.130968,0.0921528,0.0595381,0.033599,0.0147757,0.00346668,2.12726e-05,0.00473216,0.0178282,0.0394672,0.0697293,0.108611,0.156017,0.21176,0.275551,0.347
1.58269,1.58269,1.58349,1.58509,1.58749,1.59068,1.59466,1.59941,1.60492,1.61119,1.6182,1.62592,1.63435,1.64346,1.65323,1.66363,1.67463,1.68621,1.69831,1.71092,1.72398,1.73746,1.75129,1.76545,1.77986,1.79446,1.8092,1.82401,1.83882,1.85354,1.8681,1.88241,1.89639,1.90994,1.92297,1.93536,1.94702,1.95783,1.96768,1.97646,1.98403,1.99029,1.9951,1.99835,1.99989,1.9996,1.99736,1.99303,1.9865,1.97763,1.96632,1.95245,1.93592,1.91661,1.89446,1.86937,1.84128,1.81013,1.77588,1.73852,1.69803,1.65442,1.60774,1.55804,1.5054,1.44992,1.39174,1.33102,1.26795,1.20273,1.13563,1.06691,0.996885,0.925892,0.854296,0.782493,0.710905,0.639979,0.570186,0.502018,0.435985,0.37261,0.312427,0.255977,0.203799,0.156431,0.114399,0.0782131,0.0483601,0.0252982,0.00944835,0.00118791,0.000843104,0.00868184,0.0249065,0.0496472,0.082955,0.124796,0.175045,0.233483,0.29979,0.373547
1.61119,1.61119,1.61197,1.61353,1.61587,1.61897,1.62284,1.62746,1.63283,1.63892,1.64573,1.65323,1.66141,1.67025,1.67972,1.68979,1.70043,1.71161,1.7233,1.73545,1.74803,1.76098,1.77426,1.78782,1.8016,1.81553,1.82956,1.84362,1.85763,1.87151,1.88519,1.89857,1.91157,1.9241,1.93606,1.94733,1.95783,1.96743,1.97603,1.9835,1.98974,1.9946,1.99799,1.99976,1.99979,1.99796,1.99414,1.98822,1.98005,1.96954,1.95657,1.94103,1.92281,1.90183,1.87801,1.85126,1.82154,1.78879,1.75298,1.7141,1.67215,1.62715,1.57915,1.52821,1.47443,1.41791,1.35881,1.29729,1.23355,1.16782,1.10035,1.03142,0.961364,0.890513,0.819244,0.747958,0.677081,0.607065,0.538383,0.471527,0.407007,0.345344,0.287068,0.232712,0.182809,0.137887,0.0984596,0.0650226,0.0380475,0.0179736,0.00520188,8.73375e-05,0.00293211,0.0139783,0.0334008,0.0613009,0.0976998,0.142533,0.195643,0.25678,0.325594,0.401631
1.63968,1.63968,1.64044,1.64195,1.64422,1.64723,1.65099,1.65547,1.66067,1.66658,1.67318,1.68044,1.68836,1.6969,1.70604,1.71576,1.72602,1.73679,1.74803,1.7597,1.77176,1.78416,1.79685,1.80978,1.82289,1.83612,1.8494,1.86266,1.87583,1.88883,1.90158,1.91399,1.92598,1.93744,1.94828,1.95839,1.96768,1.97603,1.98332,1.98945,1.99429,1.99773,1.99964,1.99989,1.99838,1.99497,1.98954,1.98197,1.97215,1.95996,1.94529,1.92805,1.90813,1.88546,1.85995,1.83154,1.80018,1.76582,1.72845,1.68807,1.64467,1.59829,1.549,1.49686,1.44197,1.38447,1.3245,1.26224,1.1979,1.13172,1.06395,0.994911,0.924908,0.854296,0.783457,0.712795,0.642743,0.573754,0.506304,0.440885,0.378005,0.318182,0.261941,0.20981,0.162311,0.119962,0.0832632,0.0526958,0.0287138,0.0117374,0.00214603,0.000271457,0.00639063,0.0207187,0.0434023,0.074513,0.114041,0.16189,0.217872,0.281703,0.353,0.431282
1.66805,1.66805,1.66878,1.67025,1.67245,1.67536,1.67899,1.68333,1.68836,1.69406,1.70043,1.70744,1.71507,1.7233,1.7321,1.74144,1.75129,1.76162,1.77239,1.78355,1.79506,1.80688,1.81895,1.83121,1.84362,1.8561,1.86859,1.88102,1.89331,1.90539,1.91717,1.92856,1.93948,1.94983,1.95951,1.96842,1.97646,1.9835,1.98945,1.99419,1.99759,1.99955,1.99994,1.99865,1.99554,1.99051,1.98343,1.97419,1.96267,1.94878,1.93239,1.91343,1.89179,1.86741,1.84021,1.81013,1.77713,1.74117,1.70225,1.66037,1.61555,1.56783,1.51727,1.46397,1.40803,1.34958,1.2888,1.22587,1.161,1.09445,1.02649,0.95742,0.887571,0.817303,0.747003,0.677081,0.607973,0.540135,0.474043,0.410191,0.349082,0.291233,0.23716,0.187386,0.142422,0.102774,0.0689286,0.0413507,0.0204761,0.00670434,0.000392562,0.00184809,0.0113216,0.0290004,0.0550017,0.0893664,0.132053,0.182933,0.241786,0.308295,0.382046,0.462523
1.69619,1.69619,1.6969,1.69831,1.70043,1.70324,1.70674,1.71092,1.71576,1.72125,1.72738,1.73411,1.74144,1.74934,1.75777,1.76671,1.77613,1.78599,1.79626,1.80688,1.81781,1.82901,1.84042,1.85199,1.86366,1.87535,1.88701,1.89857,1.90994,1.92106,1.93182,1.94216,1.95197,1.96116,1.96964,1.9773,1.98403,1.98974,1.99429,1.99759,1.99952,1.99996,1.9988,1.99591,1.99118,1.98449,1.97573,1.96478,1.95155,1.93592,1.91779,1.89709,1.87372,1.84762,1.81872,1.78697,1.75233,1.71479,1.67434,1.63099,1.58477,1.53573,1.48396,1.42954,1.37259,1.31327,1.25174,1.18821,1.1229,1.05607,0.988003,0.919004,0.849416,0.779604,0.70996,0.6409,0.572861,0.506304,0.441704,0.379552,0.320351,0.264611,0.212844,0.16556,0.123264,0.086446,0.0555786,0.0311092,0.0134541,0.0029915,5.48154e-05,0.00492591,0.0178282,0.03892,0.0682882,0.105942,0.151808,0.205725,0.267438,0.336598,0.412758,0.495372
1.72398,1.72398,1.72466,1.72602,1.72805,1.73075,1.73411,1.73812,1.74276,1.74803,1.75389,1.76034,1.76735,1.77489,1.78293,1.79146,1.80042,1.80978,1.81951,1.82956,1.83989,1.85044,1.86116,1.87199,1.88288,1.89375,1.90455,1.91519,1.9256,1.93571,1.94542,1.95465,1.96331,1.97131,1.97854,1.9849,1.99029,1.9946,1.99773,1.99955,1.99996,1.99884,1.99608,1.99156,1.98517,1.97679,1.96632,1.95365,1.93867,1.92128,1.90141,1.87895,1.85384,1.82602,1.79542,1.762,1.72574,1.68663,1.64467,1.59988,1.55229,1.50199,1.44904,1.39356,1.33568,1.27554,1.21335,1.1493,1.08364,1.01662,0.948547,0.879729,0.810515,0.741278,0.672414,0.604344,0.537508,0.472366,0.409394,0.349082,0.291929,0.238438,0.189115,0.144459,0.104964,0.0711054,0.0433398,0.0220962,0.00777036,0.000717763,0.00124719,0.00961389,0.0260129,0.0505727,0.083349,0.124319,0.173375,0.230323,0.294875,0.366648,0.445162,0.52984
1.75129,1.75129,1.75195,1.75325,1.75519,1.75777,1.76098,1.76481,1.76924,1.77426,1.77986,1.78599,1.79266,1.79983,1.80746,1.81553,1.82401,1.83286,1.84202,1.85147,1.86116,1.87102,1.88102,1.89108,1.90115,1.91117,1.92106,1.93074,1.94016,1.94921,1.95783,1.96592,1.97338,1.98013,1.98607,1.9911,1.9951,1.99799,1.99964,1.99994,1.9988,1.99608,1.99169,1.98551,1.97742,1.96733,1.95512,1.94069,1.92395,1.9048,1.88315,1.85894,1.83209,1.80254,1.77025,1.73518,1.69732,1.65666,1.61321,1.56702,1.51812,1.46659,1.41253,1.35605,1.29729,1.23643,1.17365,1.10918,1.04326,0.976161,0.908188,0.839666,0.770949,0.702413,0.63446,0.567514,0.502018,0.438433,0.377232,0.318904,0.263942,0.212844,0.166104,0.124215,0.0876542,0.0568837,0.0323423,0.0144395,0.00354927,3.31486e-06,0.0040846,0.0160207,0.0359774,0.0640521,0.100269,0.144571,0.196818,0.25678,0.324137,0.398472,0.479272,0.565929
1.778,1.778,1.77862,1.77986,1.78171,1.78416,1.78721,1.79085,1.79506,1.79983,1.80513,1.81094,1.81724,1.82401,1.83121,1.83882,1.84678,1.85508,1.86366,1.87247,1.88148,1.89063,1.89987,1.90912,1.91834,1.92746,1.9364,1.9451,1.95347,1.96144,1.96891,1.97581,1.98204,1.98751,1.99212,1.99576,1.99835,1.99976,1.99989,1.99865,1.99591,1.99156,1.98551,1.97763,1.96783,1.95599,1.94202,1.92583,1.9073,1.88637,1.86296,1.83698,1.80839,1.77713,1.74316,1.70646,1.66702,1.62484,1.57995,1.5324,1.48223,1.42954,1.37442,1.31702,1.25747,1.19596,1.13269,1.06789,1.00182,0.934753,0.867002,0.7989,0.730807,0.663106,0.596202,0.530522,0.466509,0.404626,0.345344,0.289147,0.236523,0.187961,0.143949,0.104964,0.0714713,0.0439164,0.0227195,0.00826928,0.000916868,0.000969042,0.00868184,0.0242541,0.0478212,0.0794489,0.119128,0.166768,0.222195,0.285145,0.355261,0.432094,0.515099,0.603635
1.80395,1.80395,1.80454,1.80571,1.80746,1.80978,1.81267,1.81611,1.82008,1.82457,1.82956,1.83503,1.84096,1.84731,1.85405,1.86116,1.86859,1.87631,1.88427,1.89242,1.90072,1.90912,1.91756,1.92598,1.93431,1.94249,1.95045,1.95811,1.9654,1.97224,1.97854,1.98421,1.98916,1.99331,1.99654,1.99877,1.99989,1.99979,1.99838,1.99554,1.99118,1.98517,1.97742,1.96783,1.95628,1.94269,1.92694,1.90896,1.88865,1.86593,1.84074,1.81301,1.78269,1.74973,1.7141,1.67579,1.63481,1.59115,1.54487,1.496,1.44463,1.39084,1.33475,1.27649,1.21624,1.15418,1.09052,1.0255,0.959392,0.892476,0.825072,0.757521,0.690189,0.623462,0.557751,0.493484,0.431105,0.371074,0.313862,0.259947,0.20981,0.163932,0.12279,0.0868478,0.0565561,0.0323423,0.0146071,0.00371738,7.45214e-08,0.00373591,0.0151529,0.0344201,0.0616416,0.0968506,0.140004,0.190977,0.249561,0.315456,0.388272,0.467526,0.55264,0.642943
1.82901,1.82901,1.82956,1.83066,1.83231,1.83449,1.8372,1.84042,1.84415,1.84835,1.85302,1.85813,1.86366,1.86957,1.87583,1.88241,1.88928,1.89639,1.9037,1.91117,1.91873,1.92635,1.93396,1.9415,1.9489,1.95611,1.96305,1.96964,1.97581,1.98148,1.98656,1.99097,1.9946,1.99738,1.99921,1.99998,1.9996,1.99796,1.99497,1.99051,1.98449,1.97679,1.96733,1.95599,1.94269,1.92731,1.90978,1.89,1.8679,1.8434,1.81644,1.78697,1.75493,1.72029,1.68304,1.64316,1.60066,1.55558,1.50795,1.45784,1.40532,1.35051,1.29352,1.23451,1.17365,1.11114,1.0472,0.982082,0.916053,0.849416,0.782493,0.715632,0.649204,0.5836,0.519232,0.45653,0.395938,0.337915,0.282928,0.231447,0.183949,0.140903,0.102774,0.0700129,0.0430528,0.022303,0.0081431,0.000916868,0.000926089,0.00842423,0.0236102,0.0466224,0.0775325,0.11634,0.162968,0.217257,0.278961,0.347748,0.423192,0.504775,0.591888,0.683831
1.85302,1.85302,1.85354,1.85457,1.8561,1.85813,1.86066,1.86366,1.86712,1.87102,1.87535,1.88008,1.88519,1.89063,1.89639,1.90243,1.90871,1.91519,1.92182,1.92856,1.93536,1.94216,1.9489,1.95553,1.96198,1.96818,1.97406,1.97954,1.98456,1.98902,1.99284,1.99594,1.99823,1.99961,1.99999,1.99927,1.99736,1.99414,1.98954,1.98343,1.97573,1.96632,1.95512,1.94202,1.92694,1.90978,1.89045,1.86888,1.84499,1.81872,1.79,1.7588,1.72507,1.68878,1.64993,1.60853,1.56458,1.51812,1.46921,1.41791,1.36433,1.30858,1.25079,1.19112,1.12976,1.06691,1.00281,0.937708,0.871894,0.805672,0.739372,0.673347,0.607973,0.543644,0.480775,0.419796,0.361151,0.305295,0.252689,0.203799,0.159092,0.119026,0.0840535,0.0546093,0.0311092,0.0139425,0.00346668,1.26065e-06,0.00382163,0.0151529,0.0341639,0.0609612,0.0955834,0.137996,0.188087,0.24566,0.310436,0.382046,0.460029,0.543835,0.632824,0.726264
1.87583,1.87583,1.87631,1.87725,1.87867,1.88055,1.88288,1.88564,1.88883,1.89242,1.89639,1.90072,1.90539,1.91035,1.91559,1.92106,1.92672,1.93254,1.93846,1.94445,1.95045,1.9564,1.96225,1.96793,1.97338,1.97854,1.98332,1.98767,1.99149,1.99471,1.99724,1.999,1.9999,1.99985,1.99875,1.99651,1.99303,1.98822,1.98197,1.97419,1.96478,1.95365,1.94069,1.92583,1.90896,1.89,1.86888,1.84552,1.81985,1.79181,1.76136,1.72845,1.69306,1.65517,1.61477,1.57188,1.52653,1.47877,1.42864,1.37625,1.32169,1.26509,1.2066,1.14638,1.08462,1.02156,0.95742,0.892476,0.827015,0.761353,0.695824,0.630789,0.566625,0.503731,0.442523,0.383429,0.326893,0.273366,0.223302,0.177161,0.135397,0.0984596,0.0667844,0.0407908,0.0208754,0.00740631,0.000717763,0.00110374,0.00881209,0.0240385,0.0469207,0.0775325,0.115879,0.16189,0.215418,0.276232,0.344015,0.418364,0.498785,0.584693,0.675417,0.770197
1.89727,1.89727,1.8977,1.89857,1.89987,1.90158,1.9037,1.90622,1.90912,1.91238,1.91598,1.9199,1.9241,1.92856,1.93325,1.93812,1.94315,1.94828,1.95347,1.95868,1.96384,1.96891,1.97383,1.97854,1.98296,1.98704,1.9907,1.99386,1.99646,1.9984,1.99961,2,1.99948,1.99796,1.99535,1.99156,1.9865,1.98005,1.97215,1.96267,1.95155,1.93867,1.92395,1.9073,1.88865,1.8679,1.84499,1.81985,1.79242,1.76264,1.73048,1.6959,1.65889,1.61943,1.57754,1.53323,1.48655,1.43754,1.38629,1.33288,1.27744,1.2201,1.161,1.10035,1.03833,0.975175,0.911137,0.846489,0.78153,0.716579,0.651978,0.588092,0.525301,0.464007,0.404626,0.347585,0.293324,0.242289,0.19493,0.151695,0.113028,0.079365,0.0511265,0.0287138,0.0125033,0.00284087,3.60959e-05,0.00435631,0.0160207,0.0351945,0.0619833,0.0964273,0.138497,0.188087,0.245013,0.309008,0.37972,0.45671,0.539449,0.627322,0.719626,0.815574
1.91717,1.91717,1.91756,1.91834,1.91951,1.92106,1.92297,1.92523,1.92783,1.93074,1.93396,1.93744,1.94116,1.9451,1.94921,1.95347,1.95783,1.96225,1.96668,1.97107,1.97538,1.97954,1.9835,1.9872,1.99056,1.99353,1.99603,1.99799,1.99932,1.99996,1.99981,1.9988,1.99683,1.99382,1.98968,1.98431,1.97763,1.96954,1.95996,1.94878,1.93592,1.92128,1.9048,1.88637,1.86593,1.8434,1.81872,1.79181,1.76264,1.73115,1.69732,1.66111,1.62253,1.58156,1.53823,1.49257,1.44463,1.39447,1.34218,1.28786,1.23163,1.17365,1.11408,1.05312,0.990964,0.927861,0.864068,0.799867,0.735563,0.671482,0.607973,0.545401,0.484153,0.424629,0.367245,0.312427,0.260611,0.212235,0.167742,0.127571,0.0921528,0.0619088,0.0372427,0.0185368,0.00614596,0.000392562,0.00156037,0.00988887,0.0255675,0.04873,0.0794489,0.11773,0.163509,0.216643,0.276913,0.344015,0.417562,0.497078,0.582001,0.671685,0.765397,0.862325
1.93536,1.93536,1.93571,1.9364,1.93744,1.93881,1.94049,1.94249,1.94478,1.94733,1.95014,1.95317,1.9564,1.95979,1.96331,1.96693,1.9706,1.97428,1.97792,1.98148,1.9849,1.98813,1.9911,1.99375,1.99603,1.99786,1.99917,1.99989,1.99993,1.99923,1.9977,1.99526,1.99182,1.98729,1.98159,1.97463,1.96632,1.95657,1.94529,1.93239,1.91779,1.90141,1.88315,1.86296,1.84074,1.81644,1.79,1.76136,1.73048,1.69732,1.66185,1.62407,1.58397,1.54155,1.49686,1.44992,1.40081,1.34958,1.29635,1.24122,1.18433,1.12584,1.06592,1.00478,0.942634,0.879729,0.816333,0.752736,0.68925,0.626207,0.563958,0.502874,0.443342,0.385763,0.330551,0.278129,0.228927,0.183379,0.141915,0.104964,0.0729442,0.0462604,0.0252982,0.0104195,0.00195653,0.000206854,0.00542723,0.0178282,0.0375684,0.064749,0.0994088,0.141519,0.190977,0.247607,0.311151,0.38127,0.457539,0.539449,0.626406,0.717731,0.812665,0.910368
1.95167,1.95167,1.95197,1.95257,1.95347,1.95465,1.95611,1.95783,1.95979,1.96198,1.96437,1.96693,1.96964,1.97247,1.97538,1.97833,1.98129,1.98421,1.98704,1.98974,1.99224,1.9945,1.99646,1.99805,1.99921,1.99987,1.99996,1.99941,1.99815,1.99608,1.99315,1.98925,1.98431,1.97825,1.97098,1.96241,1.95245,1.94103,1.92805,1.91343,1.89709,1.87895,1.85894,1.83698,1.81301,1.78697,1.7588,1.72845,1.6959,1.66111,1.62407,1.58477,1.54321,1.49943,1.45345,1.40532,1.35513,1.30294,1.24888,1.19306,1.13563,1.07675,1.01662,0.955448,0.893457,0.830905,0.768068,0.705241,0.642743,0.58091,0.520098,0.460679,0.403041,0.347585,0.294722,0.244872,0.198457,0.155902,0.117629,0.0840535,0.0555786,0.0325918,0.0154595,0.00452187,8.73375e-05,0.00242724,0.0117702,0.0282968,0.0521338,0.083349,0.121946,0.167861,0.220956,0.281016,0.347748,0.420775,0.499639,0.583795,0.672617,0.765397,0.861347,0.959607
1.96592,1.96592,1.96617,1.96668,1.96743,1.96842,1.96964,1.97107,1.9727,1.9745,1.97646,1.97854,1.98072,1.98296,1.98524,1.98751,1.98974,1.99187,1.99386,1.99567,1.99724,1.99851,1.99943,1.99993,1.99994,1.99941,1.99826,1.99642,1.99382,1.99037,1.98601,1.98064,1.97419,1.96658,1.95771,1.94752,1.93592,1.92281,1.90813,1.89179,1.87372,1.85384,1.83209,1.80839,1.78269,1.75493,1.72507,1.69306,1.65889,1.62253,1.58397,1.54321,1.50028,1.4552,1.40803,1.35881,1.30764,1.25461,1.19983,1.14345,1.08561,1.02649,0.966296,0.90524,0.843564,0.78153,0.719419,0.657536,0.596202,0.535758,0.476564,0.418993,0.363432,0.310281,0.259947,0.212844,0.169387,0.129993,0.0950713,0.0650226,0.0402347,0.0210765,0.00789364,0.00100332,0.000688812,0.00719415,0.0207187,0.0414119,0.0693677,0.10462,0.147137,0.196818,0.253488,0.316896,0.386712,0.462523,0.543835,0.630071,0.720573,0.814604,0.911351,1.00993
1.97792,1.97792,1.97813,1.97854,1.97914,1.97994,1.98091,1.98204,1.98332,1.98473,1.98624,1.98782,1.98945,1.9911,1.99272,1.99429,1.99576,1.99709,1.99823,1.99913,1.99974,1.99999,1.99985,1.99923,1.99809,1.99634,1.99393,1.99078,1.98682,1.98197,1.97616,1.9693,1.96133,1.95215,1.94169,1.92987,1.91661,1.90183,1.88546,1.86741,1.84762,1.82602,1.80254,1.77713,1.74973,1.72029,1.68878,1.65517,1.61943,1.58156,1.54155,1.49943,1.4552,1.40893,1.36065,1.31046,1.25842,1.20466,1.1493,1.09249,1.03438,0.975175,0.91507,0.854296,0.793102,0.731757,0.67055,0.609789,0.549802,0.490933,0.433543,0.378005,0.324707,0.274044,0.22642,0.182241,0.141915,0.105846,0.0744316,0.0480574,0.0270933,0.0118887,0.00276701,2.12726e-05,0.00390831,0.0146437,0.0323965,0.057284,0.0893664,0.128643,0.175045,0.228436,0.288604,0.355261,0.428039,0.506491,0.590087,0.678219,0.770197,0.865258,0.962565,1.06121
1.98751,1.98751,1.98767,1.98797,1.98843,1.98902,1.98974,1.99056,1.99149,1.99248,1.99353,1.9946,1.99567,1.9967,1.99766,1.99851,1.99921,1.99971,1.99997,1.99994,1.99957,1.9988,1.99757,1.99582,1.99349,1.99051,1.98682,1.98234,1.97701,1.97074,1.96347,1.95512,1.94561,1.93487,1.92281,1.90937,1.89446,1.87801,1.85995,1.84021,1.81872,1.79542,1.77025,1.74316,1.7141,1.68304,1.64993,1.61477,1.57754,1.53823,1.49686,1.45345,1.40803,1.36065,1.3114,1.26033,1.20756,1.15321,1.0974,1.0403,0.982082,0.92294,0.86309,0.802768,0.742232,0.681755,0.621634,0.562183,0.503731,0.446626,0.39123,0.337915,0.287068,0.239078,0.194345,0.153266,0.11624,0.0836579,0.0559035,0.0333458,0.0163358,0.00520188,0.000244178,0.00173008,0.00988887,0.0249065,0.0469207,0.0760155,0.112217,0.155488,0.205725,0.262753,0.326323,0.39611,0.47171,0.55264,0.638338,0.728163,0.821397,0.917251,1.01486,1.11332
1.9945,1.9945,1.9946,1.99481,1.9951,1.99549,1.99594,1.99646,1.99702,1.99759,1.99817,1.99872,1.99921,1.99961,1.99989,2,1.99991,1.99957,1.99894,1.99796,1.99659,1.99477,1.99244,1.98954,1.98601,1.98178,1.97679,1.97098,1.96426,1.95657,1.94784,1.93798,1.92694,1.91463,1.90098,1.88592,1.86937,1.85126,1.83154,1.81013,1.78697,1.762,1.73518,1.70646,1.67579,1.64316,1.60853,1.57188,1.53323,1.49257,1.44992,1.40532,1.35881,1.31046,1.26033,1.20853,1.15516,1.10035,1.04424,0.987016,0.928845,0.869937,0.810515,0.750824,0.691127,0.631706,0.572861,0.514911,0.458188,0.403041,0.349832,0.298933,0.250725,0.205594,0.163932,0.126127,0.0925671,0.0636296,0.0396823,0.0210765,0.0081431,0.00118791,0.000486578,0.00627972,0.0187678,0.0381062,0.0644001,0.0976998,0.137996,0.185216,0.239218,0.29979,0.366648,0.439427,0.51769,0.600918,0.688517,0.779814,0.874065,0.970456,1.06811,1.16608
1.99872,1.99872,1.99877,1.99886,1.999,1.99917,1.99936,1.99955,1.99974,1.99989,1.99998,1.99999,1.99989,1.99965,1.99923,1.9986,1.9977,1.99651,1.99497,1.99303,1.99064,1.98776,1.98431,1.98025,1.97551,1.97003,1.96374,1.95657,1.94846,1.93935,1.92915,1.91779,1.90522,1.89135,1.87611,1.85944,1.84128,1.82154,1.80018,1.77713,1.75233,1.72574,1.69732,1.66702,1.63481,1.60066,1.56458,1.52653,1.48655,1.44463,1.40081,1.35513,1.30764,1.25842,1.20756,1.15516,1.10133,1.04622,0.989977,0.932783,0.874831,0.816333,0.757521,0.698646,0.639979,0.581806,0.524433,0.46818,0.413383,0.360392,0.309566,0.261276,0.215897,0.17381,0.135397,0.101038,0.0711054,0.0459642,0.0259643,0.0114378,0.00269413,1.5322e-05,0.00365116,0.0138143,0.0306754,0.054358,0.084934,0.122419,0.166768,0.217872,0.275551,0.339557,0.409567,0.485183,0.565929,0.651254,0.740532,0.833063,0.928075,1.02473,1.12214,1.21934
1.99999,1.99999,1.99998,1.99997,1.99994,1.99989,1.99981,1.99968,1.99948,1.99919,1.9988,1.99826,1.99757,1.99667,1.99554,1.99414,1.99244,1.99037,1.98791,1.985,1.98159,1.97763,1.97306,1.96783,1.96187,1.95512,1.94752,1.93901,1.92951,1.91897,1.9073,1.89446,1.88036,1.86494,1.84814,1.82989,1.81013,1.78879,1.76582,1.74117,1.71479,1.68663,1.65666,1.62484,1.59115,1.55558,1.51812,1.47877,1.43754,1.39447,1.34958,1.30294,1.25461,1.20466,1.15321,1.10035,1.04622,0.990964,0.934753,0.877769,0.820215,0.762311,0.704298,0.646433,0.588991,0.532265,0.476564,0.42221,0.369541,0.318904,0.270659,0.22517,0.182809,0.143949,0.108961,0.0782131,0.0520653,0.0308654,0.0149452,0.0046161,0.000164732,0.00184809,0.00988887,0.0244706,0.045733,0.0737671,0.108611,0.150244,0.198585,0.253488,0.314737,0.382046,0.455054,0.533328,0.616358,0.703561,0.794278,0.887784,0.983283,1.07992,1.17678,1.2729
1.99815,1.99815,1.99809,1.99796,1.99777,1.9975,1.99714,1.99667,1.99608,1.99535,1.99446,1.99337,1.99207,1.99051,1.98866,1.9865,1.98396,1.98102,1.97763,1.97374,1.9693,1.96426,1.95856,1.95215,1.94497,1.93695,1.92805,1.91818,1.9073,1.89534,1.88223,1.8679,1.8523,1.83536,1.81701,1.79721,1.77588,1.75298,1.72845,1.70225,1.67434,1.64467,1.61321,1.57995,1.54487,1.50795,1.46921,1.42864,1.38629,1.34218,1.29635,1.24888,1.19983,1.1493,1.0974,1.04424,0.989977,0.934753,0.878749,0.822157,0.765188,0.708072,0.651053,0.594397,0.538383,0.483308,0.429483,0.377232,0.326893,0.278813,0.233345,0.190851,0.151695,0.11624,0.0848474,0.0578722,0.0356586,0.0185368,0.00681891,0.000794485,0.000725925,0.00684398,0.0193431,0.0383765,0.0640521,0.0964273,0.135505,0.18123,0.233483,0.292081,0.356771,0.42723,0.503061,0.583795,0.66889,0.757729,0.849628,0.943834,1.03953,1.13584,1.23184,1.32657
1.99303,1.99303,1.99291,1.99268,1.99231,1.99182,1.99118,1.99037,1.98939,1.98822,1.98682,1.98517,1.98325,1.98102,1.97846,1.97551,1.97215,1.96832,1.964,1.95912,1.95365,1.94752,1.94069,1.9331,1.9247,1.91543,1.90522,1.89402,1.88176,1.86839,1.85384,1.83806,1.82098,1.80254,1.78269,1.76136,1.73852,1.7141,1.68807,1.66037,1.63099,1.59988,1.56702,1.5324,1.496,1.45784,1.41791,1.37625,1.33288,1.28786,1.24122,1.19306,1.14345,1.09249,1.0403,0.987016,0.932783,0.877769,0.822157,0.766148,0.70996,0.653829,0.598008,0.542766,0.488387,0.43517,0.383429,0.333489,0.285685,0.240361,0.197867,0.158558,0.12279,0.0909153,0.0632836,0.0402347,0.0220962,0.00917958,0.00177578,0.000151015,0.0045423,0.0151529,0.0321478,0.0556492,0.0857319,0.122419,0.165678,0.215418,0.271482,0.333649,0.401631,0.475066,0.553523,0.636499,0.723417,0.813634,0.906437,1.00105,1.09663,1.1923,1.28712,1.38011
1.98449,1.98449,1.98431,1.98396,1.98343,1.98271,1.98178,1.98064,1.97926,1.97763,1.97573,1.97352,1.97098,1.96808,1.96478,1.96105,1.95686,1.95215,1.94689,1.94103,1.93452,1.92731,1.91935,1.9106,1.90098,1.89045,1.87895,1.86643,1.85281,1.83806,1.8221,1.80489,1.78636,1.76646,1.74514,1.72234,1.69803,1.67215,1.64467,1.61555,1.58477,1.55229,1.51812,1.48223,1.44463,1.40532,1.36433,1.32169,1.27744,1.23163,1.18433,1.13563,1.08561,1.03438,0.982082,0.928845,0.874831,0.820215,0.765188,0.70996,0.654756,0.599817,0.545401,0.491783,0.43925,0.388102,0.338655,0.291233,0.246167,0.203799,0.164474,0.128537,0.0963353,0.0682102,0.0444968,0.0255193,0.0115871,0.0029915,9.42595e-07,0.00285708,0.0117702,0.0269151,0.0484262,0.0763934,0.110858,0.151808,0.199176,0.252832,0.312584,0.378173,0.449274,0.52549,0.606355,0.691331,0.779814,0.871128,0.964538,1.05924,1.15439,1.24909,1.34238,1.43329
1.97238,1.97238,1.97215,1.97168,1.97098,1.97003,1.96881,1.96733,1.96556,1.96347,1.96105,1.95828,1.95512,1.95155,1.94752,1.94301,1.93798,1.93239,1.9262,1.91935,1.91181,1.90353,1.89446,1.88454,1.87372,1.86196,1.84919,1.83536,1.82041,1.8043,1.78697,1.76836,1.74842,1.7271,1.70436,1.68015,1.65442,1.62715,1.59829,1.56783,1.53573,1.50199,1.46659,1.42954,1.39084,1.35051,1.30858,1.26509,1.2201,1.17365,1.12584,1.07675,1.02649,0.975175,0.92294,0.869937,0.816333,0.762311,0.708072,0.653829,0.599817,0.546281,0.493484,0.441704,0.39123,0.342365,0.295422,0.250725,0.208601,0.169387,0.13342,0.101038,0.0725747,0.0483601,0.0287138,0.0139425,0.0043363,0.000164732,0.00167254,0.0090755,0.0225561,0.0422594,0.0682882,0.1007,0.139501,0.184644,0.236024,0.293476,0.356771,0.425613,0.499639,0.578418,0.66145,0.748166,0.83793,0.930044,1.02375,1.11822,1.2126,1.30597,1.39738,1.48587
1.95657,1.95657,1.95628,1.9557,1.95483,1.95365,1.95215,1.95032,1.94815,1.94561,1.94269,1.93935,1.93557,1.93132,1.92657,1.92128,1.91543,1.90896,1.90183,1.89402,1.88546,1.87611,1.86593,1.85487,1.84287,1.82989,1.81587,1.80077,1.78452,1.76709,1.74842,1.72845,1.70716,1.68448,1.66037,1.63481,1.60774,1.57915,1.549,1.51727,1.48396,1.44904,1.41253,1.37442,1.33475,1.29352,1.25079,1.2066,1.161,1.11408,1.06592,1.01662,0.966296,0.91507,0.86309,0.810515,0.757521,0.704298,0.651053,0.598008,0.545401,0.493484,0.442523,0.392797,0.344598,0.298229,0.254002,0.212235,0.173254,0.137387,0.104964,0.0763111,0.0517515,0.0315996,0.0161587,0.00571669,0.000542993,0.00088411,0.00695974,0.0189586,0.0370343,0.0613009,0.0918293,0.128643,0.171713,0.220956,0.276232,0.337337,0.404006,0.475906,0.55264,0.633742,0.718678,0.806851,0.897597,0.990192,1.08385,1.17775,1.271,1.3627,1.45188,1.53758
1.93695,1.93695,1.93661,1.93592,1.93487,1.93346,1.93168,1.92951,1.92694,1.92395,1.92051,1.91661,1.91222,1.9073,1.90183,1.89578,1.8891,1.88176,1.87372,1.86494,1.85538,1.84499,1.83373,1.82154,1.80839,1.79422,1.77899,1.76264,1.74514,1.72642,1.70646,1.6852,1.66259,1.63861,1.61321,1.58637,1.55804,1.52821,1.49686,1.46397,1.42954,1.39356,1.35605,1.31702,1.27649,1.23451,1.19112,1.14638,1.10035,1.05312,1.00478,0.955448,0.90524,0.854296,0.802768,0.750824,0.698646,0.646433,0.594397,0.542766,0.491783,0.441704,0.392797,0.345344,0.299637,0.255977,0.214673,0.176041,0.140398,0.108067,0.079365,0.0546093,0.0341082,0.0181604,0.00705097,0.00104801,0.000398605,0.00532503,0.0160207,0.0326462,0.055325,0.0841397,0.119128,0.160278,0.207527,0.260755,0.319785,0.384376,0.454227,0.528969,0.60817,0.691331,0.777889,0.867214,0.95862,1.05136,1.14464,1.2376,1.32936,1.41901,1.50558,1.58814
1.91343,1.91343,1.91303,1.91222,1.911,1.90937,1.9073,1.9048,1.90183,1.89839,1.89446,1.89,1.885,1.87942,1.87324,1.86643,1.85894,1.85075,1.84181,1.83209,1.82154,1.81013,1.7978,1.78452,1.77025,1.75493,1.73852,1.72097,1.70225,1.68231,1.66111,1.63861,1.61477,1.58956,1.56295,1.5349,1.5054,1.47443,1.44197,1.40803,1.37259,1.33568,1.29729,1.25747,1.21624,1.17365,1.12976,1.08462,1.03833,0.990964,0.942634,0.893457,0.843564,0.793102,0.742232,0.691127,0.639979,0.588991,0.538383,0.488387,0.43925,0.39123,0.344598,0.299637,0.256637,0.215897,0.177722,0.142422,0.110309,0.0816932,0.0568837,0.0361829,0.0198843,0.00826928,0.00160378,0.000134351,0.0040846,0.0136513,0.0290004,0.0502633,0.0775325,0.110858,0.150244,0.195643,0.246957,0.30403,0.366648,0.434533,0.507349,0.584693,0.666097,0.751032,0.838904,0.929059,1.02079,1.11332,1.20584,1.2975,1.3874,1.47462,1.55822,1.63726
1.88592,1.88592,1.88546,1.88454,1.88315,1.88129,1.87895,1.87611,1.87276,1.86888,1.86445,1.85944,1.85384,1.84762,1.84074,1.83318,1.8249,1.81587,1.80606,1.79542,1.78391,1.7715,1.75815,1.74382,1.72845,1.71202,1.69448,1.67579,1.65591,1.63481,1.61243,1.58876,1.56376,1.5374,1.50965,1.4805,1.44992,1.41791,1.38447,1.34958,1.31327,1.27554,1.23643,1.19596,1.15418,1.11114,1.06691,1.02156,0.975175,0.927861,0.879729,0.830905,0.78153,0.731757,0.681755,0.631706,0.581806,0.532265,0.483308,0.43517,0.388102,0.342365,0.298229,0.255977,0.215897,0.178284,0.143439,0.111664,0.0832632,0.0585358,0.0377783,0.0212785,0.00931348,0.00214603,2.12726e-05,0.00316306,0.0117702,0.0260129,0.0460286,0.0719182,0.103743,0.141519,0.185216,0.234752,0.289993,0.350746,0.41676,0.487724,0.563264,0.642943,0.726264,0.812665,0.901525,0.992165,1.08385,1.17581,1.2672,1.35717,1.44482,1.52923,1.60948,1.68463
1.85436,1.85436,1.85384,1.85281,1.85126,1.84919,1.84657,1.8434,1.83967,1.83536,1.83044,1.8249,1.81872,1.81186,1.8043,1.79601,1.78697,1.77713,1.76646,1.75493,1.7425,1.72913,1.71479,1.69944,1.68304,1.66555,1.64693,1.62715,1.60617,1.58397,1.5605,1.53573,1.50965,1.48223,1.45345,1.42329,1.39174,1.35881,1.3245,1.2888,1.25174,1.21335,1.17365,1.13269,1.09052,1.0472,1.00281,0.95742,0.911137,0.864068,0.816333,0.768068,0.719419,0.67055,0.621634,0.572861,0.524433,0.476564,0.429483,0.383429,0.338655,0.295422,0.254002,0.214673,0.177722,0.143439,0.112118,0.0840535,0.0595381,0.0388607,0.022303,0.0101372,0.00262222,9.42595e-07,0.00249645,0.0103086,0.0236102,0.0425437,0.0672169,0.0976998,0.134021,0.176162,0.224059,0.277595,0.336598,0.40084,0.470035,0.543835,0.621833,0.703561,0.788487,0.876024,0.965524,1.05629,1.14756,1.23856,1.32843,1.41632,1.50132,1.58254,1.65905,1.72995
1.81872,1.81872,1.81815,1.81701,1.8153,1.81301,1.81013,1.80664,1.80254,1.7978,1.79242,1.78636,1.7796,1.77213,1.76392,1.75493,1.74514,1.73451,1.72302,1.71064,1.69732,1.68304,1.66775,1.65143,1.63404,1.61555,1.59592,1.57512,1.55312,1.52989,1.5054,1.47963,1.45257,1.42418,1.39447,1.36341,1.33102,1.29729,1.26224,1.22587,1.18821,1.1493,1.10918,1.06789,1.0255,0.982082,0.937708,0.892476,0.846489,0.799867,0.752736,0.705241,0.657536,0.609789,0.562183,0.514911,0.46818,0.42221,0.377232,0.333489,0.291233,0.250725,0.212235,0.176041,0.142422,0.111664,0.0840535,0.059874,0.0394075,0.0229291,0.0107056,0.0029915,2.66069e-05,0.00203239,0.00920865,0.02173,0.0397422,0.0633588,0.0926574,0.127676,0.168409,0.214806,0.266766,0.324137,0.386712,0.454227,0.526359,0.602729,0.682895,0.766357,0.852556,0.940878,1.03065,1.12116,1.21163,1.30127,1.38922,1.47462,1.55658,1.63421,1.70661,1.7729
1.77899,1.77899,1.77837,1.77713,1.77526,1.77276,1.76962,1.76582,1.76136,1.75622,1.75038,1.74382,1.73652,1.72845,1.7196,1.70994,1.69944,1.68807,1.67579,1.66259,1.64843,1.63328,1.61711,1.59988,1.58156,1.56213,1.54155,1.51981,1.49686,1.47269,1.44728,1.4206,1.39265,1.36341,1.33288,1.30106,1.26795,1.23355,1.1979,1.161,1.1229,1.08364,1.04326,1.00182,0.959392,0.916053,0.871894,0.827015,0.78153,0.735563,0.68925,0.642743,0.596202,0.549802,0.503731,0.458188,0.413383,0.369541,0.326893,0.285685,0.246167,0.208601,0.173254,0.140398,0.110309,0.0832632,0.0595381,0.0394075,0.0231398,0.0109956,0.00322472,6.31978e-05,0.00173008,0.00842423,0.0203209,0.0375684,0.0602843,0.0885525,0.122419,0.16189,0.206926,0.257441,0.313301,0.374316,0.440245,0.510789,0.585591,0.664237,0.746256,0.831117,0.918235,1.00697,1.09663,1.18649,1.27575,1.36362,1.44923,1.53174,1.61026,1.68391,1.75182,1.81314
1.73518,1.73518,1.73451,1.73317,1.73115,1.72845,1.72507,1.72097,1.71617,1.71064,1.70436,1.69732,1.6895,1.68087,1.67142,1.66111,1.64993,1.63785,1.62484,1.61087,1.59592,1.57995,1.56295,1.54487,1.52569,1.5054,1.48396,1.46134,1.43754,1.41253,1.38629,1.35881,1.33009,1.30012,1.2689,1.23643,1.20273,1.16782,1.13172,1.09445,1.05607,1.01662,0.976161,0.934753,0.892476,0.849416,0.805672,0.761353,0.716579,0.671482,0.626207,0.58091,0.535758,0.490933,0.446626,0.403041,0.360392,0.318904,0.278813,0.240361,0.203799,0.169387,0.137387,0.108067,0.0816932,0.0585358,0.0388607,0.0229291,0.0109956,0.0033044,8.73375e-05,0.00156037,0.0079206,0.0193431,0.0359774,0.0579443,0.0853325,0.118195,0.156547,0.20036,0.249561,0.30403,0.363597,0.428039,0.497078,0.57038,0.647557,0.728163,0.811695,0.897597,0.985257,1.07402,1.16316,1.25195,1.33959,1.42527,1.50814,1.58734,1.66201,1.7313,1.79435,1.85034
1.68735,1.68735,1.68663,1.6852,1.68304,1.68015,1.67652,1.67215,1.66702,1.66111,1.65442,1.64693,1.63861,1.62945,1.61943,1.60853,1.59671,1.58397,1.57026,1.55558,1.53989,1.52317,1.5054,1.48655,1.46659,1.44551,1.42329,1.3999,1.37534,1.34958,1.32263,1.29446,1.26509,1.23451,1.20273,1.16976,1.13563,1.10035,1.06395,1.02649,0.988003,0.948547,0.908188,0.867002,0.825072,0.782493,0.739372,0.695824,0.651978,0.607973,0.563958,0.520098,0.476564,0.433543,0.39123,0.349832,0.309566,0.270659,0.233345,0.197867,0.164474,0.13342,0.104964,0.079365,0.0568837,0.0377783,0.022303,0.0107056,0.00322472,8.73375e-05,0.00150574,0.00767459,0.0187678,0.0349354,0.0563004,0.082955,0.114958,0.152332,0.195057,0.243074,0.296276,0.354507,0.417562,0.485183,0.557059,0.632824,0.712055,0.794278,0.878962,0.965524,1.05333,1.1417,1.22992,1.31722,1.40281,1.48587,1.56557,1.64105,1.71148,1.77602,1.83384,1.88418
1.63557,1.63557,1.63481,1.63328,1.63099,1.62792,1.62407,1.61943,1.61399,1.60774,1.60066,1.59274,1.58397,1.57431,1.56376,1.55229,1.53989,1.52653,1.5122,1.49686,1.4805,1.46309,1.44463,1.42507,1.40442,1.38264,1.35973,1.33568,1.31046,1.28407,1.25652,1.22779,1.1979,1.16685,1.13465,1.10133,1.06691,1.03142,0.994911,0.95742,0.919004,0.879729,0.839666,0.7989,0.757521,0.715632,0.673347,0.630789,0.588092,0.545401,0.502874,0.460679,0.418993,0.378005,0.337915,0.298933,0.261276,0.22517,0.190851,0.158558,0.128537,0.101038,0.0763111,0.0546093,0.0361829,0.0212785,0.0101372,0.0029915,6.31978e-05,0.00156037,0.00767459,0.018578,0.0344201,0.055325,0.0813878,0.112672,0.149205,0.190977,0.237938,0.289993,0.347,0.408771,0.475066,0.545593,0.620007,0.69791,0.778851,0.862325,0.947776,1.0346,1.12214,1.2097,1.29656,1.38193,1.46503,1.54505,1.62115,1.69251,1.75829,1.81771,1.86996,1.91432
1.57995,1.57995,1.57915,1.57754,1.57512,1.57188,1.56783,1.56295,1.55722,1.55065,1.54321,1.5349,1.52569,1.51558,1.50455,1.49257,1.47963,1.46572,1.4508,1.43488,1.41791,1.3999,1.38082,1.36065,1.33939,1.31702,1.29352,1.2689,1.24314,1.21624,1.18821,1.15906,1.12878,1.0974,1.06494,1.03142,0.996885,0.961364,0.924908,0.887571,0.849416,0.810515,0.770949,0.730807,0.690189,0.649204,0.607973,0.566625,0.525301,0.484153,0.443342,0.403041,0.363432,0.324707,0.287068,0.250725,0.215897,0.182809,0.151695,0.12279,0.0963353,0.0725747,0.0517515,0.0341082,0.0198843,0.00931348,0.00262222,2.66069e-05,0.00173008,0.0079206,0.0187678,0.0344201,0.0550017,0.0806096,0.11131,0.147137,0.188087,0.234117,0.285145,0.341041,0.401631,0.466691,0.535949,0.609079,0.685704,0.765397,0.847677,0.932013,1.01783,1.10449,1.19133,1.27765,1.3627,1.4457,1.52588,1.60241,1.6745,1.74132,1.80208,1.856,1.90235,1.94043
1.52065,1.52065,1.51981,1.51812,1.51558,1.5122,1.50795,1.50284,1.49686,1.48999,1.48223,1.47356,1.46397,1.45345,1.44197,1.42954,1.41612,1.40171,1.38629,1.36984,1.35236,1.33382,1.31421,1.29352,1.27175,1.24888,1.22491,1.19983,1.17365,1.14638,1.11801,1.08856,1.05804,1.02649,0.993924,0.960378,0.925892,0.890513,0.854296,0.817303,0.779604,0.741278,0.702413,0.663106,0.623462,0.5836,0.543644,0.503731,0.464007,0.424629,0.385763,0.347585,0.310281,0.274044,0.239078,0.205594,0.17381,0.143949,0.11624,0.0909153,0.0682102,0.0483601,0.0315996,0.0181604,0.00826928,0.00214603,9.42595e-07,0.00203239,0.00842423,0.0193431,0.0349354,0.055325,0.0806096,0.110858,0.146108,0.186362,0.231585,0.281703,0.336598,0.39611,0.460029,0.528099,0.600013,0.675417,0.753901,0.835009,0.918235,1.00302,1.08877,1.17484,1.26054,1.34516,1.42795,1.50814,1.58494,1.65757,1.72521,1.7871,1.84246,1.89055,1.93068,1.9622
1.45784,1.45784,1.45696,1.4552,1.45257,1.44904,1.44463,1.43931,1.4331,1.42597,1.41791,1.40893,1.399,1.38811,1.37625,1.36341,1.34958,1.33475,1.31889,1.302,1.28407,1.26509,1.24505,1.22395,1.20177,1.17851,1.15418,1.12878,1.10231,1.07479,1.04622,1.01662,0.986029,0.954462,0.921956,0.888551,0.854296,0.819244,0.783457,0.747003,0.70996,0.672414,0.63446,0.596202,0.557751,0.519232,0.480775,0.442523,0.404626,0.367245,0.330551,0.294722,0.259947,0.22642,0.194345,0.163932,0.135397,0.108961,0.0848474,0.0632836,0.0444968,0.0287138,0.0161587,0.00705097,0.00160378,2.12726e-05,0.00249645,0.00920865,0.0203209,0.0359774,0.0563004,0.0813878,0.11131,0.146108,0.185788,0.230323,0.279646,0.333649,0.392184,0.455054,0.522019,0.592789,0.667028,0.744347,0.824311,0.906437,0.990192,1.075,1.16024,1.24526,1.32936,1.41182,1.4919,1.56882,1.64181,1.71009,1.7729,1.82946,1.87905,1.92098,1.9546,1.97931
1.39174,1.39174,1.39084,1.38902,1.38629,1.38264,1.37808,1.37259,1.36617,1.35881,1.35051,1.34125,1.33102,1.31982,1.30764,1.29446,1.28029,1.26509,1.24888,1.23163,1.21335,1.19403,1.17365,1.15223,1.12976,1.10624,1.08167,1.05607,1.02945,1.00182,0.973201,0.943619,0.913103,0.881688,0.849416,0.816333,0.782493,0.747958,0.712795,0.677081,0.6409,0.604344,0.567514,0.530522,0.493484,0.45653,0.419796,0.383429,0.347585,0.312427,0.278129,0.244872,0.212844,0.182241,0.153266,0.126127,0.101038,0.0782131,0.0578722,0.0402347,0.0255193,0.0139425,0.00571669,0.00104801,0.000134351,0.00316306,0.0103086,0.02173,0.0375684,0.0579443,0.082955,0.112672,0.147137,0.186362,0.230323,0.278961,0.332179,0.389835,0.451748,0.51769,0.587388,0.660521,0.736722,0.815574,0.896615,0.979336,1.06318,1.14756,1.23184,1.31535,1.39738,1.47722,1.55412,1.62732,1.69606,1.75958,1.81714,1.86801,1.9115,1.94696,1.97379,1.99146
1.32263,1.32263,1.32169,1.31982,1.31702,1.31327,1.30858,1.30294,1.29635,1.2888,1.28029,1.2708,1.26033,1.24888,1.23643,1.22298,1.20853,1.19306,1.17657,1.15906,1.14052,1.12095,1.10035,1.07872,1.05607,1.03241,1.00774,0.982082,0.955448,0.927861,0.899347,0.869937,0.839666,0.808577,0.776717,0.744139,0.710905,0.677081,0.642743,0.607973,0.572861,0.537508,0.502018,0.466509,0.431105,0.395938,0.361151,0.326893,0.293324,0.260611,0.228927,0.198457,0.169387,0.141915,0.11624,0.0925671,0.0711054,0.0520653,0.0356586,0.0220962,0.0115871,0.0043363,0.000542993,0.000398605,0.0040846,0.0117702,0.0236102,0.0397422,0.0602843,0.0853325,0.114958,0.149205,0.188087,0.231585,0.279646,0.332179,0.389053,0.450098,0.515099,0.583795,0.655884,0.731014,0.808788,0.888765,0.970456,1.05333,1.13682,1.22031,1.30315,1.38467,1.46416,1.5409,1.61416,1.68319,1.74725,1.8056,1.85753,1.90235,1.93942,1.96813,1.98794,1.99839
1.25079,1.25079,1.24983,1.24792,1.24505,1.24122,1.23643,1.23067,1.22395,1.21624,1.20756,1.1979,1.18724,1.1756,1.16295,1.1493,1.13465,1.11899,1.10231,1.08462,1.06592,1.04622,1.0255,1.00379,0.981095,0.95742,0.932783,0.907205,0.880709,0.85332,0.825072,0.796,0.766148,0.735563,0.704298,0.672414,0.639979,0.607065,0.573754,0.540135,0.506304,0.472366,0.438433,0.404626,0.371074,0.337915,0.305295,0.273366,0.242289,0.212235,0.183379,0.155902,0.129993,0.105846,0.0836579,0.0636296,0.0459642,0.0308654,0.0185368,0.00917958,0.0029915,0.000164732,0.00088411,0.00532503,0.0136513,0.0260129,0.0425437,0.0633588,0.0885525,0.118195,0.152332,0.190977,0.234117,0.281703,0.333649,0.389835,0.450098,0.514236,0.582001,0.653105,0.727213,0.803947,0.882882,0.963551,1.04545,1.12801,1.21067,1.29278,1.37371,1.45276,1.52923,1.60241,1.67158,1.73599,1.79495,1.84773,1.89367,1.93211,1.96246,1.98418,1.99677,1.99983
1.17657,1.17657,1.1756,1.17365,1.17074,1.16685,1.16198,1.15613,1.1493,1.14149,1.13269,1.1229,1.11212,1.10035,1.08757,1.0738,1.05903,1.04326,1.02649,1.00873,0.989977,0.970242,0.949533,0.927861,0.90524,0.881688,0.857226,0.831878,0.805672,0.778642,0.750824,0.722263,0.693005,0.663106,0.632624,0.601626,0.570186,0.538383,0.506304,0.474043,0.441704,0.409394,0.377232,0.345344,0.313862,0.282928,0.252689,0.223302,0.19493,0.167742,0.141915,0.117629,0.0950713,0.0744316,0.0559035,0.0396823,0.0259643,0.0149452,0.00681891,0.00177578,9.42595e-07,0.00167254,0.00695974,0.0160207,0.0290004,0.0460286,0.0672169,0.0926574,0.122419,0.156547,0.195057,0.237938,0.285145,0.336598,0.392184,0.451748,0.515099,0.582001,0.65218,0.725315,0.801044,0.878962,0.95862,1.03953,1.12116,1.20294,1.28428,1.36453,1.44305,1.51915,1.59212,1.66127,1.72589,1.78527,1.83871,1.88556,1.92516,1.95692,1.98029,1.99479,1.99999,1.99556
1.10035,1.10035,1.09937,1.0974,1.09445,1.09052,1.08561,1.07971,1.07282,1.06494,1.05607,1.04622,1.03537,1.02353,1.0107,0.996885,0.982082,0.966296,0.949533,0.931799,0.913103,0.893457,0.872873,0.851368,0.82896,0.805672,0.78153,0.756563,0.730807,0.704298,0.677081,0.649204,0.620721,0.591692,0.562183,0.532265,0.502018,0.471527,0.440885,0.410191,0.379552,0.349082,0.318904,0.289147,0.259947,0.231447,0.203799,0.177161,0.151695,0.127571,0.104964,0.0840535,0.0650226,0.0480574,0.0333458,0.0210765,0.0114378,0.0046161,0.000794485,0.000151015,0.00285708,0.0090755,0.0189586,0.0326462,0.0502633,0.0719182,0.0976998,0.127676,0.16189,0.20036,0.243074,0.289993,0.341041,0.39611,0.455054,0.51769,0.583795,0.653105,0.725315,0.800077,0.877003,0.955662,1.03558,1.11626,1.19714,1.27765,1.35717,1.43507,1.51068,1.58334,1.65234,1.71701,1.77664,1.83056,1.87811,1.91866,1.95161,1.97642,1.99258,1.99968,1.99737,1.98537
1.02254,1.02254,1.02156,1.01958,1.01662,1.01268,1.00774,1.00182,0.994911,0.987016,0.978135,0.968269,0.95742,0.94559,0.932783,0.919004,0.904258,0.888551,0.871894,0.854296,0.835771,0.816333,0.796,0.774793,0.752736,0.729856,0.706184,0.681755,0.656609,0.630789,0.604344,0.577329,0.549802,0.52183,0.493484,0.464841,0.435985,0.407007,0.378005,0.349082,0.320351,0.291929,0.263942,0.236523,0.20981,0.183949,0.159092,0.135397,0.113028,0.0921528,0.0729442,0.0555786,0.0402347,0.0270933,0.0163358,0.0081431,0.00269413,0.000164732,0.000725925,0.0045423,0.0117702,0.0225561,0.0370343,0.055325,0.0775325,0.103743,0.134021,0.168409,0.206926,0.249561,0.296276,0.347,0.401631,0.460029,0.522019,0.587388,0.655884,0.727213,0.801044,0.877003,0.954676,1.03361,1.11332,1.19327,1.2729,1.35163,1.42884,1.50388,1.5761,1.64483,1.7094,1.76912,1.82335,1.87142,1.91271,1.94664,1.97266,1.99027,1.99904,1.99861,1.98869,1.9691
0.943619,0.943619,0.942634,0.940663,0.937708,0.933768,0.928845,0.92294,0.916053,0.908188,0.899347,0.889532,0.878749,0.867002,0.854296,0.840641,0.826043,0.810515,0.794068,0.776717,0.758479,0.739372,0.719419,0.698646,0.677081,0.654756,0.631706,0.607973,0.5836,0.558637,0.533138,0.507162,0.480775,0.454047,0.427054,0.399878,0.37261,0.345344,0.318182,0.291233,0.264611,0.238438,0.212844,0.187961,0.163932,0.140903,0.119026,0.0984596,0.079365,0.0619088,0.0462604,0.0325918,0.0210765,0.0118887,0.00520188,0.00118791,1.5322e-05,0.00184809,0.00684398,0.0151529,0.0269151,0.0422594,0.0613009,0.0841397,0.110858,0.141519,0.176162,0.214806,0.257441,0.30403,0.354507,0.408771,0.466691,0.528099,0.592789,0.660521,0.731014,0.803947,0.878962,0.955662,1.03361,1.11234,1.19133,1.27005,1.34793,1.42438,1.49876,1.57044,1.63878,1.70311,1.76278,1.81714,1.86555,1.90739,1.9421,1.96911,1.98794,1.99816,1.99939,1.99133,1.97378,1.94663
0.864068,0.864068,0.86309,0.861135,0.858203,0.854296,0.849416,0.843564,0.836744,0.82896,0.820215,0.810515,0.799867,0.788277,0.775755,0.762311,0.747958,0.732708,0.716579,0.699588,0.681755,0.663106,0.643665,0.623462,0.602532,0.58091,0.558637,0.535758,0.512324,0.488387,0.464007,0.43925,0.414183,0.388883,0.363432,0.337915,0.312427,0.287068,0.261941,0.23716,0.212844,0.189115,0.166104,0.143949,0.12279,0.102774,0.0840535,0.0667844,0.0511265,0.0372427,0.0252982,0.0154595,0.00789364,0.00276701,0.000244178,0.000486578,0.00365116,0.00988887,0.0193431,0.0321478,0.0484262,0.0682882,0.0918293,0.119128,0.150244,0.185216,0.224059,0.266766,0.313301,0.363597,0.417562,0.475066,0.535949,0.600013,0.667028,0.736722,0.808788,0.882882,0.95862,1.03558,1.11332,1.19133,1.2691,1.34608,1.42169,1.49533,1.56638,1.63421,1.69818,1.75765,1.81198,1.86056,1.90278,1.93806,1.96587,1.98571,1.99715,1.99981,1.9934,1.97767,1.95251,1.91787
0.78442,0.78442,0.783457,0.78153,0.778642,0.774793,0.769988,0.764229,0.757521,0.749868,0.741278,0.731757,0.721315,0.70996,0.697705,0.684564,0.67055,0.655682,0.639979,0.623462,0.606157,0.588092,0.569295,0.549802,0.52965,0.508881,0.487539,0.465675,0.443342,0.4206,0.397513,0.374149,0.350582,0.326893,0.303168,0.279497,0.255977,0.232712,0.20981,0.187386,0.16556,0.144459,0.124215,0.104964,0.0868478,0.0700129,0.0546093,0.0407908,0.0287138,0.0185368,0.0104195,0.00452187,0.00100332,2.12726e-05,0.00173008,0.00627972,0.0138143,0.0244706,0.0383765,0.0556492,0.0763934,0.1007,0.128643,0.160278,0.195643,0.234752,0.277595,0.324137,0.374316,0.428039,0.485183,0.545593,0.609079,0.675417,0.744347,0.815574,0.888765,0.963551,1.03953,1.11626,1.19327,1.27005,1.34608,1.4208,1.49362,1.56394,1.63115,1.69464,1.75377,1.80793,1.85651,1.89892,1.93459,1.963,1.98365,1.9961,1.99999,1.99499,1.98087,1.95748,1.92477,1.88278
0.705241,0.705241,0.704298,0.702413,0.699588,0.695824,0.691127,0.6855,0.67895,0.671482,0.663106,0.653829,0.643665,0.632624,0.620721,0.607973,0.594397,0.580014,0.564847,0.548921,0.532265,0.514911,0.496892,0.478247,0.459018,0.43925,0.418993,0.398301,0.377232,0.355851,0.334225,0.312427,0.290537,0.268636,0.246816,0.22517,0.203799,0.182809,0.162311,0.142422,0.123264,0.104964,0.0876542,0.0714713,0.0565561,0.0430528,0.0311092,0.0208754,0.0125033,0.00614596,0.00195653,8.73375e-05,0.000688812,0.00390831,0.00988887,0.0187678,0.0306754,0.045733,0.0640521,0.0857319,0.110858,0.139501,0.171713,0.207527,0.246957,0.289993,0.336598,0.386712,0.440245,0.497078,0.557059,0.620007,0.685704,0.753901,0.824311,0.896615,0.970456,1.04545,1.12116,1.19714,1.2729,1.34793,1.42169,1.49362,1.56312,1.62962,1.69251,1.75117,1.80502,1.85344,1.89587,1.93176,1.96057,1.98182,1.99509,1.99998,1.99619,1.98346,1.96165,1.93067,1.89054,1.84138
0.627123,0.627123,0.626207,0.624377,0.621634,0.617983,0.613427,0.607973,0.601626,0.594397,0.586294,0.577329,0.567514,0.556866,0.545401,0.533138,0.520098,0.506304,0.491783,0.476564,0.460679,0.444162,0.427054,0.409394,0.39123,0.37261,0.353589,0.334225,0.31458,0.294722,0.274723,0.25466,0.234614,0.214673,0.19493,0.175482,0.156431,0.137887,0.119962,0.102774,0.086446,0.0711054,0.0568837,0.0439164,0.0323423,0.022303,0.0139425,0.00740631,0.00284087,0.000392562,0.000206854,0.00242724,0.00719415,0.0146437,0.0249065,0.0381062,0.054358,0.0737671,0.0964273,0.122419,0.151808,0.184644,0.220956,0.260755,0.30403,0.350746,0.40084,0.454227,0.510789,0.57038,0.632824,0.69791,0.765397,0.835009,0.906437,0.979336,1.05333,1.12801,1.20294,1.27765,1.35163,1.42438,1.49533,1.56394,1.62962,1.69179,1.74987,1.80325,1.85138,1.89367,1.92959,1.95862,1.98029,1.99417,1.99987,1.99707,1.98554,1.96509,1.93563,1.89717,1.84981,1.79373
0.550684,0.550684,0.549802,0.548041,0.545401,0.541888,0.537508,0.532265,0.52617,0.519232,0.511462,0.502874,0.493484,0.483308,0.472366,0.460679,0.448271,0.43517,0.421405,0.407007,0.392013,0.376461,0.360392,0.343853,0.326893,0.309566,0.291929,0.274044,0.255977,0.237799,0.219586,0.201417,0.183379,0.16556,0.148057,0.130968,0.114399,0.0984596,0.0832632,0.0689286,0.0555786,0.0433398,0.0323423,0.0227195,0.0146071,0.0081431,0.00346668,0.000717763,3.60959e-05,0.00156037,0.00542723,0.0117702,0.0207187,0.0323965,0.0469207,0.0644001,0.084934,0.108611,0.135505,0.165678,0.199176,0.236024,0.276232,0.319785,0.366648,0.41676,0.470035,0.526359,0.585591,0.647557,0.712055,0.778851,0.847677,0.918235,0.990192,1.06318,1.13682,1.21067,1.28428,1.35717,1.42884,1.49876,1.56638,1.63115,1.69251,1.74987,1.80267,1.85034,1.89234,1.92813,1.95721,1.97911,1.9934,1.99971,1.99771,1.98716,1.96788,1.93975,1.90277,1.85701,1.80265,1.73997
0.476564,0.476564,0.475723,0.474043,0.471527,0.46818,0.464007,0.459018,0.45322,0.446626,0.43925,0.431105,0.42221,0.412584,0.40225,0.39123,0.379552,0.367245,0.354343,0.340879,0.326893,0.312427,0.297527,0.28224,0.26662,0.250725,0.234614,0.218353,0.202011,0.185663,0.169387,0.153266,0.137387,0.121844,0.106732,0.0921528,0.0782131,0.0650226,0.0526958,0.0413507,0.0311092,0.0220962,0.0144395,0.00826928,0.00371738,0.000916868,1.26065e-06,0.00110374,0.00435631,0.00988887,0.0178282,0.0282968,0.0414119,0.057284,0.0760155,0.0976998,0.122419,0.150244,0.18123,0.215418,0.252832,0.293476,0.337337,0.384376,0.434533,0.487724,0.543835,0.602729,0.664237,0.728163,0.794278,0.862325,0.932013,1.00302,1.075,1.14756,1.22031,1.29278,1.36453,1.43507,1.50388,1.57044,1.63421,1.69464,1.75117,1.80325,1.85034,1.89189,1.92739,1.95635,1.9783,1.99282,1.99955,1.99816,1.98839,1.97007,1.94308,1.90738,1.86305,1.81024,1.74919,1.68028
0.405419,0.405419,0.404626,0.403041,0.400668,0.397513,0.393581,0.388883,0.383429,0.377232,0.370307,0.362671,0.354343,0.345344,0.335699,0.325435,0.31458,0.303168,0.291233,0.278813,0.26595,0.252689,0.239078,0.22517,0.211021,0.19669,0.182241,0.167742,0.153266,0.138889,0.124692,0.11076,0.0971824,0.0840535,0.0714713,0.0595381,0.0483601,0.0380475,0.0287138,0.0204761,0.0134541,0.00777036,0.00354927,0.000916868,7.45214e-08,0.000926089,0.00382163,0.00881209,0.0160207,0.0255675,0.0375684,0.0521338,0.0693677,0.0893664,0.112217,0.137996,0.166768,0.198585,0.233483,0.271482,0.312584,0.356771,0.404006,0.454227,0.507349,0.563264,0.621833,0.682895,0.746256,0.811695,0.878962,0.947776,1.01783,1.08877,1.16024,1.23184,1.30315,1.37371,1.44305,1.51068,1.5761,1.63878,1.69818,1.75377,1.80502,1.85138,1.89234,1.92739,1.95606,1.97788,1.99246,1.99942,1.99844,1.98928,1.97173,1.94567,1.91108,1.86799,1.81655,1.75699,1.68963,1.61492
0.337915,0.337915,0.337176,0.335699,0.333489,0.330551,0.326893,0.322526,0.31746,0.311711,0.305295,0.298229,0.290537,0.28224,0.273366,0.263942,0.254002,0.243579,0.232712,0.22144,0.20981,0.197867,0.185663,0.173254,0.160698,0.148057,0.135397,0.12279,0.110309,0.0980329,0.086045,0.0744316,0.0632836,0.0526958,0.0427668,0.033599,0.0252982,0.0179736,0.0117374,0.00670434,0.0029915,0.000717763,3.31486e-06,0.000969042,0.00373591,0.00842423,0.0151529,0.0240385,0.0351945,0.04873,0.064749,0.083349,0.10462,0.128643,0.155488,0.185216,0.217872,0.253488,0.292081,0.333649,0.378173,0.425613,0.475906,0.528969,0.584693,0.642943,0.703561,0.766357,0.831117,0.897597,0.965524,1.0346,1.10449,1.17484,1.24526,1.31535,1.38467,1.45276,1.51915,1.58334,1.64483,1.70311,1.75765,1.80793,1.85344,1.89367,1.92813,1.95635,1.97788,1.99234,1.99935,1.99861,1.98985,1.97288,1.94758,1.91391,1.87189,1.82165,1.7634,1.69745,1.62422,1.5442
0.274723,0.274723,0.274044,0.272688,0.270659,0.267964,0.264611,0.260611,0.255977,0.250725,0.244872,0.238438,0.231447,0.223924,0.215897,0.207396,0.198457,0.189115,0.17941,0.169387,0.159092,0.148574,0.137887,0.127089,0.11624,0.105405,0.0946517,0.0840535,0.0736861,0.0636296,0.0539678,0.0447884,0.0361829,0.0282461,0.0210765,0.0147757,0.00944835,0.00520188,0.00214603,0.000392562,5.48154e-05,0.00124719,0.0040846,0.00868184,0.0151529,0.0236102,0.0341639,0.0469207,0.0619833,0.0794489,0.0994088,0.121946,0.147137,0.175045,0.205725,0.239218,0.275551,0.314737,0.356771,0.401631,0.449274,0.499639,0.55264,0.60817,0.666097,0.726264,0.788487,0.852556,0.918235,0.985257,1.05333,1.12214,1.19133,1.26054,1.32936,1.39738,1.46416,1.52923,1.59212,1.65234,1.7094,1.76278,1.81198,1.85651,1.89587,1.92959,1.95721,1.9783,1.99246,1.99935,1.99866,1.99012,1.97356,1.94883,1.9159,1.87477,1.82556,1.76847,1.70379,1.6319,1.55327,1.4685
0.21651,0.21651,0.215897,0.214673,0.212844,0.210415,0.207396,0.203799,0.199638,0.19493,0.189693,0.183949,0.177722,0.17104,0.163932,0.156431,0.148574,0.140398,0.131946,0.123264,0.114399,0.105405,0.0963353,0.0872506,0.0782131,0.0692891,0.0605486,0.0520653,0.0439164,0.0361829,0.0289491,0.022303,0.0163358,0.011142,0.00681891,0.00346668,0.00118791,8.73375e-05,0.000271457,0.00184809,0.00492591,0.00961389,0.0160207,0.0242541,0.0344201,0.0466224,0.0609612,0.0775325,0.0964273,0.11773,0.141519,0.167861,0.196818,0.228436,0.262753,0.29979,0.339557,0.382046,0.42723,0.475066,0.52549,0.578418,0.633742,0.691331,0.751032,0.812665,0.876024,0.940878,1.00697,1.07402,1.1417,1.2097,1.27765,1.34516,1.41182,1.47722,1.5409,1.60241,1.66127,1.71701,1.76912,1.81714,1.86056,1.89892,1.93176,1.95862,1.97911,1.99282,1.99942,1.99861,1.99012,1.97378,1.94946,1.91708,1.87668,1.82834,1.77225,1.70868,1.638,1.56065,1.4772,1.38828
0.163932,0.163932,0.163391,0.162311,0.160698,0.158558,0.155902,0.152741,0.149092,0.144971,0.140398,0.135397,0.129993,0.124215,0.118094,0.111664,0.104964,0.0980329,0.0909153,0.0836579,0.0763111,0.0689286,0.0615674,0.0542881,0.0471547,0.0402347,0.033599,0.027322,0.0214815,0.0161587,0.0114378,0.00740631,0.00415461,0.00177578,0.000365397,2.12726e-05,0.000843104,0.00293211,0.00639063,0.0113216,0.0178282,0.0260129,0.0359774,0.0478212,0.0616416,0.0775325,0.0955834,0.115879,0.138497,0.163509,0.190977,0.220956,0.253488,0.288604,0.326323,0.366648,0.409567,0.455054,0.503061,0.553523,0.606355,0.66145,0.718678,0.777889,0.838904,0.901525,0.965524,1.03065,1.09663,1.16316,1.22992,1.29656,1.3627,1.42795,1.4919,1.55412,1.61416,1.67158,1.72589,1.77664,1.82335,1.86555,1.90278,1.93459,1.96057,1.98029,1.9934,1.99955,1.99844,1.98985,1.97356,1.94946,1.91748,1.87763,1.82999,1.77475,1.71215,1.64254,1.56636,1.48412,1.39645,1.30406
0.117629,0.117629,0.117165,0.11624,0.114858,0.113028,0.11076,0.108067,0.104964,0.10147,0.0976072,0.0933983,0.0888704,0.0840535,0.0789801,0.0736861,0.0682102,0.0625944,0.0568837,0.0511265,0.0453744,0.0396823,0.0341082,0.0287138,0.0235638,0.0187264,0.0142729,0.0102778,0.00681891,0.00397681,0.00183506,0.0004799,7.45214e-08,0.000486578,0.00203239,0.00473216,0.00868184,0.0139783,0.0207187,0.0290004,0.03892,0.0505727,0.0640521,0.0794489,0.0968506,0.11634,0.137996,0.16189,0.188087,0.216643,0.247607,0.281016,0.316896,0.355261,0.39611,0.439427,0.485183,0.533328,0.583795,0.636499,0.691331,0.748166,0.806851,0.867214,0.929059,0.992165,1.05629,1.12116,1.18649,1.25195,1.31722,1.38193,1.4457,1.50814,1.56882,1.62732,1.68319,1.73599,1.78527,1.83056,1.87142,1.90739,1.93806,1.963,1.98182,1.99417,1.99971,1.99816,1.98928,1.97288,1.94883,1.91708,1.87763,1.83054,1.776,1.71423,1.64556,1.57042,1.48929,1.40278,1.31157,1.21642
0.0782131,0.0782131,0.0778309,0.0770692,0.0759334,0.0744316,0.0725747,0.0703761,0.0678524,0.0650226,0.0619088,0.0585358,0.0549315,0.0511265,0.0471547,0.0430528,0.0388607,0.0346213,0.0303807,0.0261882,0.0220962,0.0181604,0.0144395,0.0109956,0.00789364,0.00520188,0.0029915,0.00133656,0.000313988,3.31486e-06,0.000486578,0.00184809,0.0041742,0.00755303,0.0120741,0.0178282,0.0249065,0.0334008,0.0434023,0.0550017,0.0682882,0.083349,0.100269,0.119128,0.140004,0.162968,0.188087,0.215418,0.245013,0.276913,0.311151,0.347748,0.386712,0.428039,0.47171,0.51769,0.565929,0.616358,0.66889,0.723417,0.779814,0.83793,0.897597,0.95862,1.02079,1.08385,1.14756,1.21163,1.27575,1.33959,1.40281,1.46503,1.52588,1.58494,1.64181,1.69606,1.74725,1.79495,1.83871,1.87811,1.91271,1.9421,1.96587,1.98365,1.99509,1.99987,1.99771,1.98839,1.97173,1.94758,1.9159,1.87668,1.82999,1.776,1.71492,1.64707,1.57285,1.49273,1.4073,1.31719,1.22316,1.12603
0.0462604,0.0462604,0.0459642,0.0453744,0.0444968,0.0433398,0.0419144,0.0402347,0.0383176,0.0361829,0.0338531,0.0313539,0.0287138,0.0259643,0.0231398,0.0202778,0.0174191,0.0146071,0.0118887,0.00931348,0.00693446,0.00480749,0.0029915,0.00154839,0.000542993,4.29543e-05,0.00011866,0.000843104,0.00229174,0.0045423,0.00767459,0.0117702,0.0169125,0.0231857,0.0306754,0.0394672,0.0496472,0.0613009,0.074513,0.0893664,0.105942,0.124319,0.144571,0.166768,0.190977,0.217257,0.24566,0.276232,0.309008,0.344015,0.38127,0.420775,0.462523,0.506491,0.55264,0.600918,0.651254,0.703561,0.757729,0.813634,0.871128,0.930044,0.990192,1.05136,1.11332,1.17581,1.23856,1.30127,1.36362,1.42527,1.48587,1.54505,1.60241,1.65757,1.71009,1.75958,1.8056,1.84773,1.88556,1.91866,1.94664,1.96911,1.98571,1.9961,1.99998,1.99707,1.98716,1.97007,1.94567,1.91391,1.87477,1.82834,1.77475,1.71423,1.64707,1.57366,1.49445,1.41,1.32093,1.22797,1.1319,1.03358
0.022303,0.022303,0.0220962,0.0216855,0.0210765,0.0202778,0.019301,0.0181604,0.0168732,0.0154595,0.0139425,0.0123482,0.0107056,0.00904664,0.00740631,0.00582255,0.0043363,0.0029915,0.00183506,0.000916868,0.000289744,9.39137e-06,0.000134351,0.000725925,0.00184809,0.00356738,0.00595277,0.0090755,0.0130089,0.0178282,0.0236102,0.0304333,0.0383765,0.0475201,0.0579443,0.0697293,0.082955,0.0976998,0.114041,0.132053,0.151808,0.173375,0.196818,0.222195,0.249561,0.278961,0.310436,0.344015,0.37972,0.417562,0.457539,0.499639,0.543835,0.590087,0.638338,0.688517,0.740532,0.794278,0.849628,0.906437,0.964538,1.02375,1.08385,1.14464,1.20584,1.2672,1.32843,1.38922,1.44923,1.50814,1.56557,1.62115,1.6745,1.72521,1.7729,1.81714,1.85753,1.89367,1.92516,1.95161,1.97266,1.98794,1.99715,1.99999,1.99619,1.98554,1.96788,1.94308,1.91108,1.87189,1.82556,1.77225,1.71215,1.64556,1.57285,1.49445,1.4109,1.3228,1.23085,1.13581,1.03851,0.939864
0.00681891,0.00681891,0.00670434,0.00647808,0.00614596,0.00571669,0.00520188,0.0046161,0.00397681,0.0033044,0.00262222,0.00195653,0.00133656,0.000794485,0.000365397,8.73375e-05,1.26065e-06,0.000151015,0.000583314,0.00134769,0.00249645,0.0040846,0.00616977,0.00881209,0.0120741,0.0160207,0.0207187,0.026237,0.0326462,0.0400182,0.0484262,0.0579443,0.0686471,0.0806096,0.0939061,0.108611,0.124796,0.142533,0.16189,0.182933,0.205725,0.230323,0.25678,0.285145,0.315456,0.347748,0.382046,0.418364,0.45671,0.497078,0.539449,0.583795,0.630071,0.678219,0.728163,0.779814,0.833063,0.887784,0.943834,1.00105,1.05924,1.11822,1.17775,1.2376,1.2975,1.35717,1.41632,1.47462,1.53174,1.58734,1.64105,1.69251,1.74132,1.7871,1.82946,1.86801,1.90235,1.93211,1.95692,1.97642,1.99027,1.99816,1.99981,1.99499,1.98346,1.96509,1.93975,1.90738,1.86799,1.82165,1.76847,1.70868,1.64254,1.57042,1.49273,1.41,1.3228,1.23181,1.13777,1.04147,0.943805,0.845698
0.000222855,0.000222855,0.000202507,0.000164732,0.000115373,6.31978e-05,1.98943e-05,7.45214e-08,2.12726e-05,0.000103943,0.000271457,0.000550095,0.000969042,0.00156037,0.002359,0.00340274,0.00473216,0.00639063,0.00842423,0.0108817,0.0138143,0.0172759,0.0213226,0.0260129,0.0314073,0.0375684,0.0445602,0.0524487,0.0613009,0.0711849,0.0821696,0.0943241,0.107718,0.122419,0.138497,0.156017,0.175045,0.195643,0.217872,0.241786,0.267438,0.294875,0.324137,0.355261,0.388272,0.423192,0.460029,0.498785,0.539449,0.582001,0.626406,0.672617,0.720573,0.770197,0.821397,0.874065,0.928075,0.983283,1.03953,1.09663,1.15439,1.2126,1.271,1.32936,1.3874,1.44482,1.50132,1.55658,1.61026,1.66201,1.71148,1.75829,1.80208,1.84246,1.87905,1.9115,1.93942,1.96246,1.98029,1.99258,1.99904,1.99939,1.9934,1.98087,1.96165,1.93563,1.90277,1.86305,1.81655,1.7634,1.70379,1.638,1.56636,1.48929,1.4073,1.32093,1.23085,1.13777,1.04246,0.945776,0.848624,0.75196
0.00285708,0.00285708,0.00293211,0.0030851,0.00332187,0.00365116,0.0040846,0.00463674,0.00532503,0.00616977,0.00719415,0.00842423,0.00988887,0.0116197,0.0136513,0.0160207,0.0187678,0.0219351,0.0255675,0.0297126,0.0344201,0.0397422,0.045733,0.0524487,0.0599473,0.0682882,0.0775325,0.0877422,0.0989802,0.11131,0.124796,0.139501,0.155488,0.17282,0.191558,0.21176,0.233483,0.25678,0.281703,0.308295,0.336598,0.366648,0.398472,0.432094,0.467526,0.504775,0.543835,0.584693,0.627322,0.671685,0.717731,0.765397,0.814604,0.865258,0.917251,0.970456,1.02473,1.07992,1.13584,1.1923,1.24909,1.30597,1.3627,1.41901,1.47462,1.52923,1.58254,1.63421,1.68391,1.7313,1.77602,1.81771,1.856,1.89055,1.92098,1.94696,1.96813,1.98418,1.99479,1.99968,1.99861,1.99133,1.97767,1.95748,1.93067,1.89717,1.85701,1.81024,1.75699,1.69745,1.6319,1.56065,1.48412,1.40278,1.31719,1.22797,1.13581,1.04147,0.945776,0.8496,0.753873,0.659566
0.0149822,0.0149822,0.0151529,0.0154971,0.0160207,0.0167322,0.0176431,0.0187678,0.0201234,0.02173,0.0236102,0.0257897,0.0282968,0.0311624,0.0344201,0.0381062,0.0422594,0.0469207,0.0521338,0.0579443,0.0644001,0.0715511,0.0794489,0.0881469,0.0976998,0.108164,0.119596,0.132053,0.145595,0.160278,0.176162,0.193304,0.21176,0.231585,0.252832,0.275551,0.29979,0.325594,0.353,0.382046,0.412758,0.445162,0.479272,0.515099,0.55264,0.591888,0.632824,0.675417,0.719626,0.765397,0.812665,0.861347,0.911351,0.962565,1.01486,1.06811,1.12214,1.17678,1.23184,1.28712,1.34238,1.39738,1.45188,1.50558,1.55822,1.60948,1.65905,1.70661,1.75182,1.79435,1.83384,1.86996,1.90235,1.93068,1.9546,1.97379,1.98794,1.99677,1.99999,1.99737,1.98869,1.97378,1.95251,1.92477,1.89054,1.84981,1.80265,1.74919,1.68963,1.62422,1.55327,1.4772,1.39645,1.31157,1.22316,1.1319,1.03851,0.943805,0.848624,0.753873,0.660494,0.569463
0.0367686,0.0367686,0.0370343,0.0375684,0.0383765,0.0394672,0.0408516,0.0425437,0.0445602,0.0469207,0.0496472,0.0527646,0.0563004,0.0602843,0.064749,0.0697293,0.0752624,0.0813878,0.0881469,0.0955834,0.103743,0.112672,0.122419,0.133035,0.144571,0.157077,0.170608,0.185216,0.200953,0.217872,0.236024,0.255461,0.276232,0.298382,0.321958,0.347,0.373547,0.401631,0.431282,0.462523,0.495372,0.52984,0.565929,0.603635,0.642943,0.683831,0.726264,0.770197,0.815574,0.862325,0.910368,0.959607,1.00993,1.06121,1.11332,1.16608,1.21934,1.2729,1.32657,1.38011,1.43329,1.48587,1.53758,1.58814,1.63726,1.68463,1.72995,1.7729,1.81314,1.85034,1.88418,1.91432,1.94043,1.9622,1.97931,1.99146,1.99839,1.99983,1.99556,1.98537,1.9691,1.94663,1.91787,1.88278,1.84138,1.79373,1.73997,1.68028,1.61492,1.5442,1.4685,1.38828,1.30406,1.21642,1.12603,1.03358,0.939864,0.845698,0.75196,0.659566,0.569463,0.482622
