0.0314108,0.0126471,-0.00037204,-0.0130314,-0.0260652,-0.0393447,-0.0526878,-0.0660006,-0.0792455,-0.0924017,-0.105444,-0.118335,-0.131014,-0.143398,-0.155372,-0.16678,-0.177411,-0.186987,-0.195142,-0.201395,-0.20513,-0.20556,-0.201715,-0.19243,-0.17638,-0.152159,-0.118434,-0.0741587,-0.0188044,0.0474624,0.123751,0.208606,0.300315,0.397292,0.498413,0.603262,0.712292,0.826946,0.949867,1.08525,1.239,1.42503,1.67432,1.88691,2.42874,5.62312,5.80157,2.74666,1.45552,0.822775,0.371113,-0.0239035,-0.424749,-0.898859,-1.59932,-3.10052,-5.84845,-4.79653,-2.35151,-1.86329,-1.60697,-1.36264,-1.1717,-1.01096,-0.868533,-0.738611,-0.617465,-0.502913,-0.393961,-0.29056,-0.193416,-0.103745,-0.0229768,0.0475828,0.107056,0.155179,0.192338,0.21945,0.237776,0.248713,0.253631,0.25377,0.250192,0.243769,0.235199,0.225027,0.213672,0.201456,0.188616,0.175331,0.161729,0.147896,0.133886,0.119718,0.105373,0.0907867,0.0758531,0.0604524,0.0445033,0.027796,0.0314108,0.0314108
-0.00875388,-0.0313957,-0.0464653,-0.059611,-0.0725646,-0.0857269,-0.0990976,-0.1126,-0.126164,-0.139738,-0.15327,-0.166704,-0.179965,-0.192951,-0.205527,-0.217508,-0.228651,-0.238632,-0.247028,-0.253291,-0.25672,-0.25644,-0.251389,-0.240321,-0.221865,-0.194619,-0.157321,-0.109049,-0.0494175,0.0213125,0.102261,0.19212,0.289455,0.393045,0.502184,0.616914,0.73823,0.868315,1.0109,1.17181,1.36293,1.60743,1.86396,2.35439,4.80057,5.843,3.0966,1.59789,0.898031,0.424097,0.0233018,-0.371743,-0.823538,-1.45671,-2.74981,-5.80801,-5.61921,-2.4251,-1.88633,-1.67385,-1.42469,-1.23884,-1.08525,-0.950011,-0.827243,-0.712751,-0.603893,-0.499225,-0.398293,-0.301508,-0.209989,-0.125317,-0.0491973,0.0169157,0.0721321,0.116284,0.149896,0.174012,0.18996,0.199142,0.202881,0.202338,0.198483,0.192098,0.1838,0.174067,0.163262,0.151662,0.139475,0.126853,0.113911,0.100728,0.0873607,0.0738415,0.0601769,0.0463308,0.0321932,0.0175597,0.00231018,-0.0123676,-0.00875388,-0.0313957
-0.0602855,-0.0768075,-0.0915147,-0.10521,-0.118608,-0.132067,-0.1457,-0.159505,-0.173439,-0.187448,-0.201471,-0.215433,-0.229241,-0.24277,-0.255855,-0.268278,-0.279747,-0.289883,-0.298191,-0.304039,-0.306633,-0.304996,-0.29797,-0.28424,-0.262407,-0.231107,-0.189184,-0.135873,-0.070944,0.00524593,0.0918425,0.187708,0.291714,0.403053,0.521516,0.647753,0.783547,0.932207,1.09926,1.29515,1.53818,1.81988,2.30002,4.1586,5.58041,3.4107,1.75744,0.979933,0.479467,0.0704497,-0.321242,-0.754946,-1.33324,-2.4216,-5.41244,-6.56181,-2.58135,-1.87627,-1.73884,-1.48011,-1.29871,-1.15298,-1.02568,-0.911235,-0.804978,-0.703785,-0.605703,-0.50974,-0.41581,-0.324674,-0.237811,-0.157143,-0.0846492,-0.0219362,0.0300859,0.0713282,0.10243,0.124528,0.138989,0.147198,0.150421,0.149741,0.146046,0.140041,0.132276,0.123176,0.113062,0.102179,0.0907118,0.0787969,0.0665379,0.0540126,0.0412824,0.028402,0.0154316,0.00245371,-0.0104093,-0.0229967,-0.0351933,-0.0473412,-0.0602855,-0.0768075
-0.106277,-0.121698,-0.136342,-0.150478,-0.164399,-0.178333,-0.192399,-0.206631,-0.22101,-0.235493,-0.250012,-0.26448,-0.278782,-0.292767,-0.306232,-0.318913,-0.330463,-0.340429,-0.348233,-0.353145,-0.354264,-0.350509,-0.340633,-0.323269,-0.297024,-0.260612,-0.213024,-0.153671,-0.0824833,0.000110704,0.0933187,0.196218,0.308043,0.428474,0.557931,0.697881,0.851259,1.0232,1.22303,1.46624,1.76209,2.23917,3.67439,5.13819,3.62705,1.92558,1.06759,0.536876,0.117417,-0.273185,-0.692667,-1.22727,-2.14662,-4.75242,-7.41019,-2.93381,-1.81897,-1.80104,-1.529,-1.34958,-1.21211,-1.09294,-0.987524,-0.890696,-0.798875,-0.709616,-0.621328,-0.533268,-0.445575,-0.359276,-0.276167,-0.198516,-0.128595,-0.0681967,-0.0182813,0.0211112,0.0507045,0.0716983,0.0854779,0.0934002,0.0966738,0.096312,0.0931327,0.0877798,0.0807522,0.0724325,0.0631128,0.0530146,0.0423064,0.0311157,0.0195396,0.00765291,-0.0044856,-0.0168266,-0.0293228,-0.0419169,-0.0545265,-0.0670369,-0.0793743,-0.0918911,-0.106277,-0.121698
-0.151531,-0.16655,-0.181278,-0.195796,-0.210219,-0.224675,-0.239251,-0.253982,-0.268858,-0.283835,-0.298841,-0.313772,-0.328487,-0.342801,-0.356467,-0.369163,-0.38047,-0.389853,-0.396634,-0.399974,-0.39886,-0.392111,-0.378409,-0.356366,-0.32464,-0.282069,-0.227819,-0.161492,-0.083156,0.00673271,0.107503,0.218518,0.339455,0.470605,0.613207,0.769876,0.94534,1.14799,1.3917,1.69466,2.1642,3.30202,4.6335,3.71012,2.08622,1.15878,0.595627,0.163978,-0.227459,-0.636059,-1.13615,-1.92789,-4.02092,-7.81828,-3.62532,-1.71207,-1.85437,-1.57322,-1.39005,-1.26092,-1.14952,-1.0532,-0.966386,-0.885088,-0.806457,-0.728352,-0.649328,-0.568718,-0.486752,-0.404637,-0.324459,-0.248847,-0.180421,-0.121219,-0.0723054,-0.033714,-0.00466876,0.0160713,0.0298966,0.0381348,0.0419445,0.0422819,0.039911,0.0354287,0.0292965,0.0218682,0.0134147,0.00414307,-0.00578801,-0.0162563,-0.0271668,-0.0384442,-0.0500271,-0.0618633,-0.0739072,-0.0861194,-0.0984713,-0.110964,-0.123685,-0.136954,-0.151531,-0.16655
-0.196719,-0.211612,-0.226497,-0.241369,-0.25626,-0.271234,-0.286339,-0.301592,-0.316975,-0.332436,-0.347887,-0.3632,-0.378204,-0.392669,-0.406291,-0.41868,-0.429331,-0.437612,-0.442733,-0.443742,-0.439517,-0.428793,-0.410211,-0.382409,-0.344143,-0.294416,-0.232594,-0.158455,-0.0721615,0.0258678,0.135165,0.255472,0.387029,0.530918,0.689492,0.867079,1.07129,1.31489,1.61985,2.07514,3.00137,4.14017,3.6618,2.21934,1.24948,0.654594,0.209765,-0.183951,-0.584358,-1.05715,-1.75496,-3.38368,-7.52031,-4.72411,-1.59818,-1.88213,-1.61673,-1.4195,-1.29827,-1.19373,-1.10586,-1.02891,-0.958496,-0.891512,-0.825418,-0.758175,-0.688302,-0.615041,-0.538575,-0.460189,-0.382222,-0.307698,-0.23967,-0.180515,-0.131482,-0.0926535,-0.0632327,-0.0419529,-0.0274212,-0.0183323,-0.013565,-0.0122036,-0.0135225,-0.016956,-0.0220672,-0.0285203,-0.0360568,-0.0444779,-0.0536295,-0.0633921,-0.0736718,-0.084394,-0.0954987,-0.106937,-0.11867,-0.130672,-0.142939,-0.155513,-0.168513,-0.182164,-0.196719,-0.211612
-0.242075,-0.256996,-0.272086,-0.287301,-0.302635,-0.318103,-0.33372,-0.349478,-0.36534,-0.381232,-0.397041,-0.41261,-0.42772,-0.442088,-0.455343,-0.467008,-0.476483,-0.483024,-0.485726,-0.483523,-0.475201,-0.459441,-0.434888,-0.400259,-0.354457,-0.296681,-0.226494,-0.143814,-0.0488334,0.058158,0.176998,0.307928,0.451926,0.611127,0.789481,0.993905,1.23626,1.53907,1.97442,2.7451,3.69129,3.51059,2.30749,1.33389,0.712173,0.254239,-0.142608,-0.536811,-0.987692,-1.61528,-2.89736,-6.60054,-6.04178,-1.60679,-1.8561,-1.66371,-1.43883,-1.32352,-1.22473,-1.14396,-1.07596,-1.0159,-0.960571,-0.907235,-0.853486,-0.797233,-0.736804,-0.67118,-0.600325,-0.525468,-0.449143,-0.374811,-0.306071,-0.245779,-0.195481,-0.155377,-0.124682,-0.102111,-0.0862621,-0.0758386,-0.0697388,-0.0670698,-0.0671269,-0.0693614,-0.0733487,-0.078761,-0.0853444,-0.0929021,-0.101281,-0.110359,-0.120044,-0.130258,-0.140944,-0.152054,-0.163558,-0.175441,-0.18771,-0.200412,-0.213639,-0.227511,-0.242075,-0.256996
-0.287702,-0.302752,-0.318084,-0.33364,-0.349392,-0.365321,-0.38141,-0.397622,-0.413891,-0.430115,-0.446146,-0.461778,-0.476743,-0.490685,-0.503151,-0.513568,-0.521227,-0.525266,-0.524667,-0.518265,-0.504784,-0.482894,-0.4513,-0.408852,-0.354638,-0.288064,-0.208861,-0.117028,-0.0126911,0.104092,0.23359,0.37671,0.5354,0.713256,0.916554,1.1562,1.45341,1.86485,2.51672,3.29468,3.2935,2.34116,1.40523,0.766293,0.296694,-0.103467,-0.49277,-0.925624,-1.49891,-2.5395,-5.45403,-7.06057,-1.94734,-1.75403,-1.71257,-1.45163,-1.33661,-1.24255,-1.16695,-1.10635,-1.0553,-1.01062,-0.969539,-0.929558,-0.888307,-0.843538,-0.793247,-0.735979,-0.671268,-0.60009,-0.52507,-0.450132,-0.379571,-0.316914,-0.264162,-0.221723,-0.188858,-0.164265,-0.146518,-0.134308,-0.126531,-0.122297,-0.120904,-0.121807,-0.12458,-0.128897,-0.134499,-0.141187,-0.148804,-0.157225,-0.166352,-0.176108,-0.186432,-0.197279,-0.20862,-0.220443,-0.232756,-0.245594,-0.259011,-0.273057,-0.287702,-0.302752
-0.333653,-0.348897,-0.364498,-0.380393,-0.396534,-0.412877,-0.429374,-0.445954,-0.462518,-0.478922,-0.494971,-0.510406,-0.524886,-0.537974,-0.549122,-0.557648,-0.562727,-0.563384,-0.5585,-0.546841,-0.527111,-0.498027,-0.458414,-0.407294,-0.343966,-0.268021,-0.179304,-0.0778052,0.0365181,0.163969,0.3054,0.462591,0.638797,0.83967,1.07505,1.36378,1.74896,2.3069,2.94654,3.04303,2.32022,1.4571,0.814515,0.336277,-0.0666621,-0.451723,-0.869235,-1.39903,-2.27063,-4.43871,-7.25884,-2.77278,-1.60466,-1.74755,-1.46454,-1.33831,-1.24803,-1.17536,-1.1201,-1.07614,-1.04026,-1.00982,-0.982412,-0.955714,-0.927346,-0.894842,-0.855768,-0.808051,-0.750539,-0.683677,-0.60998,-0.53382,-0.460358,-0.394055,-0.33759,-0.291704,-0.255748,-0.228396,-0.208176,-0.19374,-0.183955,-0.17791,-0.174891,-0.174337,-0.175814,-0.178983,-0.183578,-0.189392,-0.196258,-0.204046,-0.212651,-0.221992,-0.232004,-0.24264,-0.253869,-0.265675,-0.27806,-0.29104,-0.304638,-0.318858,-0.333653,-0.348897
-0.379947,-0.395425,-0.41131,-0.427529,-0.44402,-0.460711,-0.477522,-0.494346,-0.51104,-0.527412,-0.543207,-0.558096,-0.571656,-0.583355,-0.592538,-0.59841,-0.600032,-0.596329,-0.58611,-0.568118,-0.541094,-0.50386,-0.455408,-0.394968,-0.322032,-0.236331,-0.137746,-0.0261515,0.0987843,0.237865,0.392708,0.566234,0.763469,0.993075,1.27099,1.62886,2.11052,2.63936,2.7823,2.25177,1.48486,0.854268,0.372027,-0.0324156,-0.413297,-0.817186,-1.31088,-2.0601,-3.67443,-6.61511,-3.9395,-1.53427,-1.74011,-1.48381,-1.33113,-1.24248,-1.17068,-1.11833,-1.0792,-1.04979,-1.02762,-1.01046,-0.996249,-0.982831,-0.967824,-0.948549,-0.922094,-0.885617,-0.836988,-0.775739,-0.703924,-0.62624,-0.548884,-0.477592,-0.416048,-0.365512,-0.325481,-0.294598,-0.271313,-0.254201,-0.242073,-0.233971,-0.229146,-0.227011,-0.227107,-0.229078,-0.23264,-0.237573,-0.243698,-0.250873,-0.258988,-0.267951,-0.277693,-0.288161,-0.299318,-0.311141,-0.323619,-0.336752,-0.350537,-0.364953,-0.379947,-0.395425
-0.426575,-0.442308,-0.458472,-0.474985,-0.491765,-0.50871,-0.525706,-0.542603,-0.559205,-0.575261,-0.590446,-0.604347,-0.616446,-0.626108,-0.632564,-0.63491,-0.632108,-0.623012,-0.606406,-0.581062,-0.545821,-0.499665,-0.441786,-0.371614,-0.2888,-0.193144,-0.0844598,0.0376024,0.173792,0.325563,0.495501,0.687996,0.910456,1.17578,1.50628,1.92477,2.36561,2.52535,2.1465,1.4864,0.883163,0.402923,-0.00102794,-0.377264,-0.768483,-1.23111,-1.88751,-3.12371,-5.58167,-4.94081,-1.73391,-1.67666,-1.50768,-1.32037,-1.22759,-1.15501,-1.10304,-1.06636,-1.04092,-1.02432,-1.01451,-1.00973,-1.0082,-1.00797,-1.00673,-1.00167,-0.989432,-0.966322,-0.928962,-0.875475,-0.806903,-0.72793,-0.645883,-0.568213,-0.500075,-0.443539,-0.39834,-0.363081,-0.33609,-0.315824,-0.300995,-0.290575,-0.283755,-0.279904,-0.278529,-0.279243,-0.281741,-0.285781,-0.291168,-0.297749,-0.305397,-0.314015,-0.323522,-0.333858,-0.344976,-0.356843,-0.369435,-0.382735,-0.396719,-0.411353,-0.426575,-0.442308
-0.473506,-0.489489,-0.505905,-0.522657,-0.539635,-0.556705,-0.573712,-0.590454,-0.606676,-0.622053,-0.63618,-0.648548,-0.658539,-0.665406,-0.668274,-0.666145,-0.657911,-0.6424,-0.618425,-0.584854,-0.540679,-0.48508,-0.417451,-0.337395,-0.244655,-0.139007,-0.0200998,0.112753,0.260838,0.4264,0.613185,0.827326,1.07882,1.38258,1.74806,2.11895,2.27956,2.01561,1.46222,0.899322,0.42795,0.0271395,-0.343537,-0.722468,-1.15747,-1.74035,-2.71853,-4.58964,-5.30007,-2.29097,-1.6029,-1.52203,-1.31291,-1.20588,-1.13082,-1.07681,-1.0402,-1.01632,-1.00263,-0.997206,-0.998494,-1.00509,-1.01555,-1.02819,-1.04088,-1.05083,-1.05438,-1.04704,-1.02401,-0.981467,-0.918637,-0.839495,-0.752381,-0.666949,-0.59051,-0.526404,-0.474774,-0.434174,-0.402754,-0.378797,-0.360873,-0.347843,-0.338818,-0.3331,-0.330149,-0.329539,-0.330931,-0.334059,-0.338707,-0.344702,-0.351905,-0.360202,-0.369503,-0.379736,-0.390842,-0.402777,-0.415502,-0.428982,-0.443179,-0.458042,-0.473506,-0.489489
-0.520674,-0.536881,-0.553495,-0.570397,-0.587445,-0.604467,-0.621257,-0.637552,-0.653027,-0.667276,-0.679801,-0.689993,-0.697126,-0.700353,-0.698708,-0.691125,-0.676477,-0.65362,-0.621458,-0.579009,-0.525457,-0.460186,-0.382771,-0.292927,-0.190412,-0.0748877,0.0542575,0.198134,0.358647,0.538902,0.743791,0.980691,1.25885,1.57942,1.8944,2.04804,1.86887,1.41477,0.901598,0.446172,0.0516815,-0.31215,-0.678767,-1.08858,-1.61116,-2.40786,-3.803,-5.01145,-3.01878,-1.62982,-1.5133,-1.31234,-1.18152,-1.10067,-1.04254,-1.00369,-0.979134,-0.965962,-0.96223,-0.966479,-0.977549,-0.994391,-1.0159,-1.04075,-1.06711,-1.09242,-1.11299,-1.12378,-1.11859,-1.09125,-1.03816,-0.96138,-0.869643,-0.775228,-0.688563,-0.615015,-0.555435,-0.508348,-0.471652,-0.44338,-0.421902,-0.405928,-0.394452,-0.386692,-0.382041,-0.380021,-0.380255,-0.382441,-0.386338,-0.391751,-0.39852,-0.406517,-0.415636,-0.425789,-0.436907,-0.448928,-0.461799,-0.47547,-0.489884,-0.504978,-0.520674,-0.536881
-0.567982,-0.584357,-0.601083,-0.618009,-0.634955,-0.6517,-0.667982,-0.683465,-0.697746,-0.710328,-0.720615,-0.727897,-0.731349,-0.73004,-0.722943,-0.708976,-0.68704,-0.656085,-0.61516,-0.563474,-0.500414,-0.425551,-0.338589,-0.239287,-0.127335,-0.002209,0.137023,0.291926,0.464985,0.659936,0.8819,1.13591,1.4182,1.68813,1.8315,1.71389,1.34774,0.889663,0.456804,0.0721667,-0.283239,-0.637231,-1.02361,-1.49541,-2.15954,-3.21431,-4.40586,-3.55723,-1.84846,-1.49647,-1.31515,-1.1599,-1.06743,-1.00319,-0.959911,-0.932648,-0.91792,-0.913605,-0.918211,-0.930669,-0.950154,-0.975946,-1.0073,-1.04328,-1.08251,-1.12286,-1.16097,-1.19171,-1.20788,-1.20086,-1.16325,-1.09341,-0.999008,-0.894915,-0.795912,-0.710638,-0.641226,-0.586243,-0.543243,-0.509908,-0.48433,-0.465011,-0.450792,-0.440779,-0.434277,-0.430743,-0.429748,-0.43095,-0.434075,-0.438899,-0.44524,-0.452949,-0.461901,-0.471994,-0.48314,-0.495261,-0.508288,-0.522151,-0.536777,-0.552086,-0.567982,-0.584357
-0.615293,-0.631749,-0.648462,-0.665242,-0.681862,-0.698044,-0.713457,-0.727687,-0.740245,-0.750538,-0.757873,-0.761449,-0.760362,-0.753626,-0.740202,-0.719043,-0.689144,-0.649598,-0.599643,-0.538689,-0.466315,-0.382233,-0.286217,-0.178002,-0.0571548,0.077072,0.225913,0.39127,0.575839,0.782877,1.01439,1.2639,1.49722,1.62942,1.55613,1.2652,0.863951,0.45927,0.0881569,-0.257027,-0.597887,-0.962171,-1.39036,-1.95411,-2.77202,-3.77073,-3.70091,-2.21292,-1.52335,-1.31674,-1.14512,-1.03475,-0.961697,-0.91195,-0.880073,-0.861993,-0.855226,-0.858127,-0.869582,-0.888824,-0.915312,-0.948626,-0.988364,-1.03401,-1.08472,-1.139,-1.19417,-1.24559,-1.28582,-1.30438,-1.28958,-1.23401,-1.14146,-1.02828,-0.914844,-0.815039,-0.73339,-0.668722,-0.618134,-0.578812,-0.548464,-0.525313,-0.507996,-0.495469,-0.486929,-0.481748,-0.479434,-0.479593,-0.481911,-0.48613,-0.492039,-0.499465,-0.508262,-0.518307,-0.529491,-0.541719,-0.554901,-0.568948,-0.583767,-0.599254,-0.615293,-0.631749
-0.662429,-0.678844,-0.695377,-0.711793,-0.727806,-0.743074,-0.757188,-0.76965,-0.779882,-0.7872,-0.790822,-0.789876,-0.783413,-0.77044,-0.749958,-0.721013,-0.682746,-0.634434,-0.575518,-0.5056,-0.424411,-0.331753,-0.227414,-0.111062,0.0178705,0.160305,0.317608,0.491574,0.683978,0.894724,1.11606,1.31941,1.44072,1.39924,1.1711,0.825492,0.453235,0.0992262,-0.2338,-0.560893,-0.904135,-1.29428,-1.77977,-2.4309,-3.226,-3.51973,-2.55023,-1.63964,-1.32533,-1.13821,-1.00679,-0.9211,-0.862806,-0.824463,-0.801403,-0.790622,-0.790202,-0.798873,-0.815803,-0.840466,-0.87255,-0.911887,-0.958386,-1.01193,-1.07223,-1.13853,-1.20911,-1.28039,-1.34573,-1.39404,-1.41003,-1.37894,-1.29671,-1.17772,-1.04837,-0.930667,-0.833639,-0.756952,-0.697124,-0.650645,-0.614691,-0.587102,-0.566246,-0.550884,-0.540072,-0.533077,-0.529326,-0.528363,-0.529823,-0.533407,-0.538872,-0.546012,-0.554657,-0.564658,-0.575885,-0.588218,-0.601546,-0.615755,-0.630727,-0.646334,-0.662429,-0.678844
-0.70917,-0.725382,-0.741524,-0.757304,-0.772371,-0.786311,-0.798632,-0.808751,-0.816003,-0.819623,-0.818768,-0.812526,-0.799948,-0.780085,-0.752036,-0.714992,-0.668276,-0.611367,-0.543896,-0.465626,-0.376397,-0.276056,-0.164373,-0.0409546,0.0948291,0.243873,0.407214,0.585491,0.77722,0.97429,1.15288,1.26415,1.24553,1.06894,0.775716,0.438622,0.104981,-0.213897,-0.5265,-0.849555,-1.20615,-1.62912,-2.15984,-2.7887,-3.1885,-2.71472,-1.82649,-1.3633,-1.14023,-0.987146,-0.884734,-0.815428,-0.768757,-0.739141,-0.722959,-0.717897,-0.722438,-0.735596,-0.756751,-0.785557,-0.82188,-0.865753,-0.917335,-0.976859,-1.04453,-1.12032,-1.20358,-1.29223,-1.38134,-1.46101,-1.51446,-1.51993,-1.46144,-1.34488,-1.20024,-1.06093,-0.944375,-0.852523,-0.781281,-0.726134,-0.683505,-0.650713,-0.625763,-0.607163,-0.593785,-0.584762,-0.579423,-0.577232,-0.577764,-0.580671,-0.585665,-0.592508,-0.600996,-0.61095,-0.622215,-0.634642,-0.648093,-0.662427,-0.677496,-0.693137,-0.70917,-0.725382
-0.755251,-0.771059,-0.786553,-0.801375,-0.815105,-0.827247,-0.837229,-0.844389,-0.847989,-0.847205,-0.841166,-0.828964,-0.809701,-0.78253,-0.746692,-0.70156,-0.646655,-0.581647,-0.506335,-0.420603,-0.324361,-0.21748,-0.0997312,0.029255,0.169966,0.322829,0.48764,0.662064,0.838171,0.996178,1.09842,1.09628,0.961579,0.716252,0.415586,0.105077,-0.197692,-0.49503,-0.798597,-1.12532,-1.49735,-1.93875,-2.44168,-2.83383,-2.68913,-2.00464,-1.44468,-1.15714,-0.978326,-0.856067,-0.772813,-0.715814,-0.678026,-0.655097,-0.644212,-0.64353,-0.651836,-0.668349,-0.692607,-0.724393,-0.763702,-0.810709,-0.865758,-0.929341,-1.00206,-1.08451,-1.17704,-1.27914,-1.3882,-1.49715,-1.59085,-1.64385,-1.62693,-1.52869,-1.37446,-1.21053,-1.06903,-0.957662,-0.872053,-0.806239,-0.755547,-0.71657,-0.686822,-0.664471,-0.648154,-0.636834,-0.62971,-0.626155,-0.625665,-0.627831,-0.632317,-0.638838,-0.647154,-0.657051,-0.668339,-0.680839,-0.694379,-0.708783,-0.723868,-0.739433,-0.755251,-0.771059
-0.800367,-0.815533,-0.83008,-0.843578,-0.855532,-0.865371,-0.872445,-0.876028,-0.87533,-0.869506,-0.857698,-0.839053,-0.812776,-0.778163,-0.734636,-0.681761,-0.61925,-0.546943,-0.464771,-0.372709,-0.270725,-0.158738,-0.0366078,0.0958146,0.238478,0.39059,0.549345,0.707309,0.848079,0.942342,0.952135,0.851266,0.648755,0.384485,0.0992383,-0.185583,-0.466849,-0.751497,-1.05138,-1.38123,-1.75464,-2.1637,-2.51151,-2.54044,-2.10227,-1.55247,-1.19686,-0.983001,-0.838205,-0.738052,-0.668493,-0.620808,-0.589733,-0.571865,-0.564959,-0.567518,-0.578551,-0.597429,-0.6238,-0.657538,-0.698717,-0.747603,-0.804656,-0.870537,-0.946111,-1.03243,-1.1306,-1.2415,-1.36485,-1.49726,-1.62814,-1.73398,-1.77674,-1.72152,-1.57342,-1.38552,-1.2126,-1.07557,-0.971454,-0.892264,-0.831671,-0.785229,-0.749773,-0.723017,-0.703285,-0.68932,-0.680163,-0.675064,-0.673427,-0.674768,-0.678689,-0.684853,-0.692972,-0.702791,-0.714079,-0.726618,-0.740197,-0.754601,-0.769601,-0.784949,-0.800367,-0.815533
-0.844183,-0.858436,-0.871701,-0.883478,-0.893196,-0.900213,-0.90382,-0.903248,-0.897693,-0.886327,-0.868353,-0.843022,-0.809684,-0.76781,-0.717014,-0.65705,-0.587802,-0.509248,-0.421426,-0.324394,-0.218205,-0.10291,0.0213668,0.154216,0.294452,0.439076,0.581305,0.707555,0.794822,0.813307,0.739675,0.574794,0.345831,0.0872682,-0.17797,-0.442357,-0.708531,-0.984091,-1.27848,-1.59894,-1.93759,-2.23592,-2.34082,-2.10185,-1.64729,-1.25833,-1.00425,-0.833677,-0.714113,-0.629662,-0.570233,-0.529511,-0.503429,-0.489279,-0.485234,-0.490053,-0.502911,-0.523289,-0.550912,-0.585708,-0.627798,-0.677491,-0.735299,-0.801965,-0.878496,-0.966198,-1.06668,-1.18177,-1.31306,-1.46066,-1.61991,-1.77454,-1.8876,-1.90456,-1.79321,-1.59237,-1.38236,-1.21103,-1.08237,-0.986017,-0.913039,-0.857435,-0.815083,-0.783074,-0.759314,-0.742259,-0.730745,-0.723871,-0.720924,-0.721327,-0.724607,-0.730362,-0.738248,-0.747958,-0.759212,-0.771748,-0.785304,-0.799619,-0.814412,-0.82938,-0.844183,-0.858436
-0.886342,-0.899389,-0.911021,-0.920666,-0.927689,-0.931391,-0.931028,-0.925821,-0.914989,-0.89777,-0.873471,-0.841487,-0.801342,-0.752693,-0.695339,-0.629207,-0.554321,-0.47078,-0.378722,-0.278313,-0.169764,-0.0534108,0.0700816,0.199293,0.331212,0.459766,0.573713,0.65487,0.679715,0.628002,0.495767,0.300234,0.0690562,-0.175249,-0.421976,-0.670004,-0.923325,-1.1875,-1.46584,-1.75088,-2.00492,-2.13535,-2.02784,-1.69744,-1.32635,-1.04224,-0.844234,-0.703446,-0.602058,-0.529018,-0.477072,-0.441455,-0.418962,-0.407398,-0.405249,-0.411472,-0.425366,-0.446492,-0.474622,-0.509717,-0.551913,-0.601525,-0.659074,-0.725312,-0.80128,-0.888377,-0.988436,-1.10379,-1.23719,-1.39131,-1.5668,-1.75694,-1.93599,-2.04623,-2.01551,-1.8335,-1.58813,-1.37143,-1.20909,-1.09007,-1.00127,-0.934209,-0.883387,-0.845015,-0.81643,-0.795709,-0.781421,-0.77247,-0.767998,-0.767314,-0.769851,-0.775128,-0.782731,-0.792292,-0.803472,-0.815951,-0.829413,-0.843537,-0.857985,-0.872389,-0.886342,-0.899389
-0.926482,-0.938026,-0.947676,-0.954797,-0.958703,-0.958664,-0.953931,-0.943755,-0.927418,-0.904267,-0.873751,-0.835434,-0.789021,-0.734353,-0.671396,-0.600222,-0.520984,-0.433889,-0.339199,-0.23725,-0.128537,-0.0138941,0.105139,0.225659,0.342305,0.445771,0.521595,0.551113,0.517055,0.412867,0.248358,0.0445803,-0.177791,-0.406139,-0.636241,-0.869019,-1.1071,-1.35129,-1.59476,-1.81189,-1.94479,-1.91445,-1.69555,-1.38033,-1.09052,-0.869682,-0.707488,-0.587922,-0.499695,-0.435003,-0.388492,-0.356478,-0.336396,-0.326444,-0.325347,-0.332217,-0.346448,-0.367658,-0.395652,-0.430401,-0.472035,-0.520855,-0.57735,-0.642235,-0.716511,-0.801541,-0.89917,-1.01187,-1.14288,-1.29622,-1.47605,-1.68379,-1.90919,-2.1108,-2.20051,-2.0962,-1.83974,-1.5682,-1.35838,-1.20823,-1.09867,-1.01699,-0.955569,-0.909362,-0.874909,-0.849769,-0.832161,-0.820741,-0.814465,-0.812499,-0.814157,-0.818864,-0.826121,-0.835483,-0.846541,-0.858906,-0.872196,-0.886022,-0.899978,-0.913624,-0.926482,-0.938026
-0.964256,-0.974016,-0.981366,-0.985623,-0.986069,-0.981975,-0.972622,-0.95733,-0.935486,-0.906578,-0.87022,-0.826151,-0.774258,-0.714542,-0.647121,-0.572191,-0.490023,-0.400954,-0.305417,-0.204017,-0.097692,0.0119855,0.122292,0.228542,0.323034,0.394196,0.427155,0.40734,0.327073,0.190874,0.0139035,-0.185925,-0.395281,-0.60758,-0.821175,-1.03639,-1.2524,-1.46301,-1.65008,-1.77604,-1.78779,-1.65264,-1.40691,-1.13755,-0.906276,-0.725929,-0.588482,-0.484257,-0.405632,-0.346987,-0.304285,-0.274636,-0.255961,-0.246765,-0.245968,-0.252804,-0.266744,-0.287448,-0.314739,-0.348588,-0.389109,-0.436568,-0.491404,-0.554264,-0.626059,-0.708041,-0.801929,-0.91008,-1.03572,-1.18325,-1.35836,-1.56727,-1.8124,-2.0773,-2.29465,-2.33658,-2.1357,-1.81714,-1.54143,-1.34637,-1.20861,-1.10785,-1.0329,-0.97687,-0.93516,-0.904611,-0.882969,-0.868566,-0.860117,-0.85661,-0.857214,-0.861232,-0.868063,-0.877167,-0.888051,-0.900244,-0.913285,-0.926708,-0.940027,-0.952728,-0.964256,-0.974016
-0.999351,-1.00709,-1.01189,-1.01303,-1.00979,-1.00147,-0.987438,-0.9671,-0.939986,-0.905743,-0.864158,-0.815143,-0.758746,-0.695114,-0.624491,-0.547196,-0.463625,-0.374281,-0.279843,-0.181299,-0.080195,0.0209642,0.118115,0.204878,0.271956,0.307439,0.299139,0.239159,0.12843,-0.0228351,-0.199929,-0.389827,-0.584376,-0.779852,-0.974736,-1.16705,-1.35119,-1.51385,-1.62973,-1.66307,-1.58514,-1.40436,-1.17254,-0.946912,-0.756005,-0.603365,-0.483676,-0.390673,-0.319045,-0.264673,-0.22447,-0.196145,-0.178007,-0.168807,-0.167629,-0.173809,-0.186879,-0.206537,-0.232617,-0.265081,-0.304021,-0.349661,-0.402378,-0.462736,-0.531531,-0.609866,-0.699263,-0.801826,-0.920492,-1.0594,-1.22436,-1.42326,-1.66519,-1.95361,-2.26105,-2.47896,-2.43751,-2.13073,-1.77667,-1.51438,-1.33623,-1.20982,-1.11722,-1.04864,-0.997807,-0.960529,-0.933908,-0.91584,-0.904734,-0.899344,-0.89866,-0.901835,-0.908139,-0.91692,-0.927579,-0.939549,-0.952276,-0.965204,-0.977762,-0.989354,-0.999351,-1.00709
-1.0315,-1.03707,-1.03915,-1.03704,-1.03005,-1.01753,-0.998952,-0.973862,-0.94194,-0.903004,-0.857006,-0.804016,-0.744224,-0.677904,-0.605418,-0.527208,-0.443826,-0.355989,-0.264701,-0.171441,-0.07848,0.0106779,0.0907481,0.154226,0.191545,0.192564,0.149713,0.0616236,-0.065432,-0.220011,-0.39018,-0.566993,-0.745157,-0.921673,-1.09369,-1.2561,-1.39878,-1.50412,-1.54767,-1.50693,-1.3788,-1.19014,-0.983783,-0.792666,-0.630241,-0.497449,-0.390795,-0.306061,-0.239479,-0.187992,-0.149219,-0.121341,-0.10298,-0.0930953,-0.0909108,-0.0958536,-0.107515,-0.12562,-0.150015,-0.180654,-0.217601,-0.261036,-0.311275,-0.36879,-0.434258,-0.50862,-0.593173,-0.689719,-0.800782,-0.929955,-1.08243,-1.2658,-1.49077,-1.77024,-2.10849,-2.45832,-2.64953,-2.48803,-2.08834,-1.72998,-1.48989,-1.32747,-1.21129,-1.12633,-1.0638,-1.01802,-0.985153,-0.962513,-0.948102,-0.940374,-0.938091,-0.94022,-0.945872,-0.954254,-0.964643,-0.976354,-0.988725,-1.0011,-1.01281,-1.02318,-1.0315,-1.03707
-1.0605,-1.06384,-1.06319,-1.05786,-1.0472,-1.0307,-1.00793,-0.97859,-0.942524,-0.89971,-0.850254,-0.794367,-0.732363,-0.664628,-0.591644,-0.51399,-0.432404,-0.347874,-0.261791,-0.176192,-0.0940855,-0.019853,0.0404289,0.0790516,0.0876159,0.0591677,-0.00900989,-0.113633,-0.246307,-0.396705,-0.555798,-0.71725,-0.876896,-1.0312,-1.17539,-1.3015,-1.39688,-1.44445,-1.42733,-1.33872,-1.19072,-1.01139,-0.830026,-0.665076,-0.523417,-0.405284,-0.308356,-0.229737,-0.166721,-0.117025,-0.0788117,-0.0506401,-0.0313923,-0.020211,-0.0164449,-0.0196069,-0.029343,-0.0454112,-0.0676679,-0.0960613,-0.130632,-0.17152,-0.218978,-0.273393,-0.335326,-0.405556,-0.485165,-0.575649,-0.679101,-0.798498,-0.938165,-1.10453,-1.30732,-1.56088,-1.88311,-2.27786,-2.66341,-2.78681,-2.48127,-2.02314,-1.68481,-1.46798,-1.31924,-1.2124,-1.1346,-1.07788,-1.03707,-1.00864,-0.990048,-0.97937,-0.97507,-0.97588,-0.980716,-0.988614,-0.998695,-1.01014,-1.02215,-1.03396,-1.0448,-1.0539,-1.0605,-1.06384
-1.0862,-1.08741,-1.08415,-1.07578,-1.06177,-1.04169,-1.01527,-0.982359,-0.942963,-0.89721,-0.84534,-0.787686,-0.724672,-0.656793,-0.584654,-0.508993,-0.430767,-0.351266,-0.272303,-0.196456,-0.127358,-0.0699449,-0.0304431,-0.0157837,-0.0321703,-0.0830024,-0.167149,-0.278871,-0.409716,-0.551156,-0.69633,-0.840227,-0.97875,-1.10732,-1.21947,-1.30579,-1.35405,-1.35173,-1.29163,-1.17805,-1.02778,-0.86324,-0.703121,-0.55808,-0.431997,-0.324943,-0.235372,-0.161276,-0.100702,-0.0519439,-0.0135905,0.0154916,0.0361963,0.049219,0.0550941,0.0542252,0.0469091,0.033352,0.0136807,-0.0120528,-0.043872,-0.0818814,-0.126279,-0.177375,-0.235622,-0.301654,-0.376351,-0.460931,-0.557091,-0.667228,-0.794804,-0.944957,-1.12553,-1.34883,-1.63379,-2.00466,-2.46164,-2.86503,-2.86997,-2.42344,-1.95044,-1.64387,-1.44744,-1.31065,-1.21245,-1.14141,-1.09031,-1.05444,-1.0305,-1.01603,-1.00914,-1.00827,-1.01207,-1.01937,-1.02912,-1.04032,-1.05202,-1.06333,-1.07336,-1.08126,-1.0862,-1.08741
-1.10848,-1.1078,-1.10224,-1.09123,-1.07433,-1.05127,-1.0219,-0.986242,-0.944441,-0.896758,-0.843553,-0.785264,-0.722417,-0.655617,-0.585601,-0.513281,-0.439848,-0.366906,-0.296661,-0.23213,-0.177332,-0.137305,-0.117752,-0.12409,-0.159949,-0.225662,-0.317675,-0.429454,-0.553409,-0.682635,-0.811597,-0.935765,-1.05066,-1.15079,-1.22893,-1.27608,-1.28292,-1.24302,-1.15689,-1.03389,-0.889625,-0.740173,-0.597379,-0.467723,-0.353607,-0.255095,-0.171162,-0.100413,-0.0414361,0.00703574,0.0460775,0.0765676,0.0992067,0.114544,0.123003,0.124904,0.120481,0.1099,0.0932605,0.0706074,0.0419248,0.00713366,-0.0339194,-0.0814781,-0.1359,-0.197692,-0.267558,-0.346471,-0.435785,-0.537397,-0.654023,-0.789644,-0.950287,-1.14542,-1.3904,-1.70993,-2.13589,-2.65771,-3.04504,-2.88458,-2.3317,-1.8804,-1.60639,-1.42689,-1.30082,-1.21064,-1.14604,-1.10047,-1.06955,-1.05016,-1.03989,-1.0368,-1.03926,-1.04583,-1.05522,-1.06623,-1.07775,-1.0887,-1.0981,-1.10498,-1.10848,-1.1078
-1.12723,-1.12508,-1.11771,-1.10462,-1.0855,-1.06019,-1.02871,-0.991226,-0.948004,-0.899427,-0.845955,-0.788125,-0.726558,-0.661971,-0.595239,-0.52745,-0.460029,-0.394858,-0.334451,-0.282086,-0.241848,-0.218414,-0.21644,-0.239497,-0.288837,-0.362608,-0.456078,-0.562861,-0.676422,-0.791035,-0.901876,-1.00449,-1.09405,-1.16477,-1.20983,-1.2222,-1.19648,-1.13153,-1.03219,-0.90867,-0.773449,-0.637621,-0.50885,-0.391299,-0.286578,-0.194777,-0.115228,-0.0469615,0.0110353,0.0596984,0.0998355,0.132114,0.157067,0.175112,0.186568,0.191669,0.190585,0.183429,0.170269,0.151127,0.125984,0.0947753,0.0573777,0.013601,-0.0368347,-0.0943264,-0.159428,-0.232907,-0.315827,-0.409673,-0.51655,-0.639501,-0.783059,-0.954226,-1.1643,-1.43228,-1.78991,-2.2776,-2.86011,-3.17994,-2.83031,-2.22609,-1.81644,-1.57033,-1.4051,-1.2888,-1.20612,-1.14772,-1.10763,-1.08173,-1.06697,-1.06094,-1.06161,-1.06723,-1.07623,-1.08715,-1.09866,-1.10952,-1.11858,-1.12479,-1.12723,-1.12508
-1.14227,-1.13928,-1.13076,-1.11633,-1.09579,-1.06911,-1.03646,-0.998123,-0.954487,-0.906037,-0.853324,-0.796975,-0.737702,-0.676334,-0.61388,-0.551596,-0.491103,-0.434496,-0.384458,-0.344306,-0.317869,-0.309096,-0.321323,-0.356318,-0.413477,-0.489644,-0.57975,-0.677951,-0.778641,-0.876873,-0.968203,-1.04822,-1.1121,-1.15451,-1.17002,-1.1542,-1.10531,-1.02557,-0.921364,-0.801773,-0.676134,-0.552078,-0.434719,-0.326869,-0.229672,-0.143249,-0.0671694,-0.000767299,0.0566819,0.105862,0.147369,0.181698,0.209241,0.230298,0.245086,0.25376,0.256416,0.253112,0.243868,0.228675,0.207496,0.180263,0.146871,0.107165,0.0609257,0.00784467,-0.0525076,-0.120727,-0.197638,-0.284392,-0.382607,-0.494594,-0.623742,-0.775168,-0.956939,-1.18242,-1.47487,-1.87453,-2.42991,-3.05699,-3.24707,-2.72225,-2.1214,-1.75742,-1.53367,-1.3809,-1.27357,-1.19797,-1.14564,-1.11104,-1.09025,-1.08021,-1.07844,-1.08277,-1.09128,-1.10222,-1.11399,-1.12512,-1.13429,-1.14034,-1.14227,-1.13928
-1.15331,-1.15028,-1.14148,-1.1266,-1.10558,-1.07851,-1.04569,-1.0075,-0.964449,-0.917108,-0.866111,-0.812167,-0.756078,-0.698773,-0.641385,-0.585306,-0.5323,-0.484568,-0.44481,-0.416155,-0.401919,-0.405109,-0.427717,-0.470001,-0.530096,-0.604226,-0.687451,-0.774561,-0.86068,-0.941401,-1.01258,-1.07004,-1.10943,-1.12644,-1.11746,-1.08061,-1.01665,-0.929431,-0.825262,-0.711482,-0.594919,-0.480888,-0.372915,-0.272977,-0.181927,-0.0999013,-0.0266334,0.0383341,0.0955154,0.145405,0.188435,0.224964,0.255263,0.279533,0.2979,0.31044,0.317178,0.318107,0.313193,0.302381,0.285602,0.262769,0.233775,0.198482,0.156712,0.108224,0.0526859,-0.0103578,-0.0815394,-0.161739,-0.25219,-0.354644,-0.471627,-0.606883,-0.766156,-0.958672,-1.20011,-1.5187,-1.96467,-2.59122,-3.22962,-3.23384,-2.5838,-2.02403,-1.70044,-1.49475,-1.35313,-1.25408,-1.18525,-1.13893,-1.10992,-1.09436,-1.08914,-1.09162,-1.09945,-1.1105,-1.12283,-1.13471,-1.14458,-1.15114,-1.15331,-1.15028
-1.15988,-1.15778,-1.14972,-1.13546,-1.11501,-1.08861,-1.05664,-1.01962,-0.978129,-0.932824,-0.884416,-0.833689,-0.781526,-0.728947,-0.677178,-0.627706,-0.58236,-0.543339,-0.513201,-0.494707,-0.4905,-0.502598,-0.5318,-0.57724,-0.636316,-0.705085,-0.778953,-0.853308,-0.923862,-0.986662,-1.03795,-1.07403,-1.09137,-1.087,-1.05908,-1.0076,-0.934767,-0.844837,-0.743308,-0.635878,-0.527522,-0.422012,-0.321852,-0.22848,-0.142549,-0.0642012,0.00672443,0.0705399,0.127609,0.178288,0.222885,0.261651,0.294764,0.322339,0.344429,0.361034,0.372113,0.377591,0.377372,0.371349,0.359401,0.341408,0.317241,0.286759,0.249801,0.206169,0.155606,0.0977624,0.0321622,-0.0418599,-0.125235,-0.21928,-0.325878,-0.447778,-0.589099,-0.756253,-0.959728,-1.2178,-1.56443,-2.06107,-2.75672,-3.3545,-3.14429,-2.43643,-1.93385,-1.6427,-1.45215,-1.3206,-1.22927,-1.16702,-1.12675,-1.10349,-1.09334,-1.09307,-1.0998,-1.11094,-1.12415,-1.13732,-1.14862,-1.15654,-1.15988,-1.15778
-1.16122,-1.16122,-1.15508,-1.14261,-1.1239,-1.09929,-1.06926,-1.03441,-0.995421,-0.953015,-0.907978,-0.861161,-0.813517,-0.766133,-0.720298,-0.677537,-0.639663,-0.608767,-0.587139,-0.577055,-0.580433,-0.598373,-0.63073,-0.675891,-0.730907,-0.79194,-0.854821,-0.915488,-0.970171,-1.01539,-1.04789,-1.06469,-1.06324,-1.04185,-1.00009,-0.939142,-0.861788,-0.772021,-0.674367,-0.573173,-0.472091,-0.373852,-0.280279,-0.192442,-0.110855,-0.0356526,0.033259,0.0960938,0.153111,0.204566,0.250679,0.29162,0.327498,0.358363,0.384205,0.404965,0.420539,0.430791,0.435561,0.434678,0.427965,0.415248,0.396356,0.371125,0.339386,0.30096,0.255632,0.203134,0.143106,0.0750546,-0.00171468,-0.088182,-0.185746,-0.296427,-0.423204,-0.570592,-0.745717,-0.96045,-1.23597,-1.61275,-2.16391,-2.91673,-3.40984,-2.99745,-2.29318,-1.84767,-1.582,-1.40457,-1.28217,-1.19813,-1.1424,-1.10834,-1.09108,-1.08661,-1.09146,-1.10246,-1.11675,-1.13178,-1.14533,-1.1556,-1.16122,-1.16122
-1.15626,-1.15968,-1.1568,-1.14742,-1.13171,-1.11008,-1.08309,-1.05143,-1.01585,-0.977153,-0.936185,-0.893859,-0.85118,-0.809281,-0.769471,-0.733259,-0.70237,-0.678696,-0.664176,-0.660556,-0.669061,-0.690025,-0.722619,-0.764801,-0.813547,-0.86527,-0.916255,-0.962956,-1.00211,-1.03077,-1.04629,-1.04646,-1.02971,-0.995411,-0.944081,-0.877492,-0.798469,-0.710488,-0.617164,-0.521804,-0.427118,-0.33512,-0.247166,-0.164068,-0.0862308,-0.0137771,0.0533467,0.115291,0.172243,0.224391,0.271893,0.314863,0.353362,0.387393,0.416905,0.44179,0.461897,0.477034,0.486984,0.491511,0.490372,0.483329,0.470155,0.450636,0.424572,0.391773,0.35204,0.305152,0.250832,0.188715,0.118292,0.038844,-0.050657,-0.151692,-0.266424,-0.398072,-0.551572,-0.734821,-0.961191,-1.25508,-1.66429,-2.27216,-3.05596,-3.38413,-2.81837,-2.15829,-1.7619,-1.51664,-1.35078,-1.23677,-1.15975,-1.11062,-1.08308,-1.0722,-1.07379,-1.08401,-1.09938,-1.11675,-1.1334,-1.14712,-1.15626,-1.15968
-1.14355,-1.15185,-1.1537,-1.14885,-1.1375,-1.1201,-1.09729,-1.06984,-1.03858,-1.00435,-0.968085,-0.930735,-0.893347,-0.85707,-0.823197,-0.793169,-0.768564,-0.751018,-0.742082,-0.742983,-0.754345,-0.775914,-0.806417,-0.843627,-0.88462,-0.926143,-0.964942,-0.997975,-1.0225,-1.03613,-1.03687,-1.02326,-0.994547,-0.950856,-0.893256,-0.823701,-0.744792,-0.659431,-0.570471,-0.480435,-0.391359,-0.304754,-0.221645,-0.142656,-0.0681072,0.00189637,0.0673869,0.128474,0.185301,0.238008,0.286716,0.331502,0.372399,0.409382,0.442373,0.471237,0.495787,0.515793,0.530987,0.541076,0.545754,0.544712,0.537651,0.524291,0.504379,0.477682,0.443987,0.403084,0.354745,0.298694,0.234559,0.161823,0.0797433,-0.0127538,-0.117235,-0.23601,-0.372554,-0.532253,-0.723829,-0.962295,-1.2756,-1.71944,-2.3825,-3.15532,-3.28121,-2.62845,-2.03045,-1.67364,-1.44527,-1.2897,-1.18345,-1.11338,-1.07112,-1.05056,-1.04664,-1.0548,-1.07079,-1.09074,-1.11125,-1.12955,-1.14355,-1.15185
-1.1213,-1.13601,-1.14417,-1.14541,-1.13988,-1.12805,-1.11063,-1.08844,-1.06238,-1.03339,-1.00241,-0.970459,-0.9386,-0.907976,-0.879831,-0.855498,-0.83637,-0.823799,-0.818951,-0.822591,-0.834858,-0.855089,-0.881768,-0.912656,-0.945042,-0.976049,-1.00289,-1.02301,-1.03421,-1.03465,-1.02294,-0.998278,-0.96052,-0.910259,-0.848812,-0.778081,-0.700336,-0.617952,-0.533169,-0.447926,-0.363772,-0.281857,-0.202965,-0.127578,-0.05595,0.0118347,0.075799,0.136029,0.19264,0.245744,0.295439,0.341784,0.384796,0.424442,0.460632,0.493219,0.522002,0.546725,0.567088,0.582754,0.59336,0.59853,0.597889,0.591081,0.577773,0.55767,0.530509,0.496057,0.454095,0.404394,0.346679,0.280579,0.205572,0.120893,0.0254213,-0.0824976,-0.20533,-0.34682,-0.512834,-0.712986,-0.964062,-1.29787,-1.77809,-2.4883,-3.19691,-3.1181,-2.4406,-1.90625,-1.58081,-1.36677,-1.22038,-1.1215,-1.05849,-1.02359,-1.01073,-1.01454,-1.02997,-1.05226,-1.07714,-1.10106,-1.1213,-1.13601
-1.08736,-1.11005,-1.12619,-1.13517,-1.13702,-1.13219,-1.12143,-1.10562,-1.08571,-1.0627,-1.0376,-1.01145,-0.985318,-0.96033,-0.937655,-0.918493,-0.904033,-0.895344,-0.893243,-0.89811,-0.909726,-0.927173,-0.948853,-0.972632,-0.996084,-1.01673,-1.03224,-1.04056,-1.03996,-1.02914,-1.00724,-0.973949,-0.929539,-0.874858,-0.811269,-0.740508,-0.664499,-0.585163,-0.504264,-0.423304,-0.343473,-0.265657,-0.190461,-0.118261,-0.0492523,0.016499,0.079015,0.13837,0.194662,0.24799,0.298438,0.34606,0.390872,0.43284,0.471879,0.507846,0.540541,0.569704,0.59502,0.616125,0.632615,0.644061,0.650016,0.650044,0.643724,0.630673,0.610552,0.583069,0.547975,0.505044,0.45405,0.394721,0.326696,0.249446,0.162188,0.0637521,-0.0476076,-0.174522,-0.321026,-0.493496,-0.702499,-0.966719,-1.32206,-1.83924,-2.57917,-3.17032,-2.91728,-2.25977,-1.78231,-1.48197,-1.28023,-1.14213,-1.05045,-0.994872,-0.968094,-0.963925,-0.976484,-1.00005,-1.02929,-1.0596,-1.08736,-1.11005
-1.0394,-1.07154,-1.09735,-1.1158,-1.12668,-1.13039,-1.12765,-1.1194,-1.10664,-1.09042,-1.07182,-1.05189,-1.03172,-1.01236,-0.994924,-0.98046,-0.969954,-0.964218,-0.963769,-0.96869,-0.978524,-0.992228,-1.00823,-1.0246,-1.03922,-1.05003,-1.05513,-1.05292,-1.04214,-1.02194,-0.991874,-0.951995,-0.902815,-0.845288,-0.780716,-0.710622,-0.636611,-0.560233,-0.482881,-0.405728,-0.329699,-0.25548,-0.183542,-0.114176,-0.047533,0.016341,0.0774717,0.135928,0.191801,0.245182,0.296152,0.344766,0.391046,0.434969,0.476466,0.515409,0.551612,0.58483,0.614752,0.641009,0.663179,0.680793,0.693354,0.70035,0.701273,0.695643,0.683022,0.663029,0.635343,0.599698,0.555868,0.50363,0.442727,0.372803,0.293331,0.203507,0.102114,-0.0126935,-0.143722,-0.295313,-0.474386,-0.692516,-0.970385,-1.34804,-1.90041,-2.64214,-3.07639,-2.69892,-2.08589,-1.65606,-1.37613,-1.185,-1.05453,-0.970119,-0.922658,-0.905119,-0.910936,-0.933469,-0.966173,-1.0031,-1.0394,-1.07154
-0.97504,-1.01787,-1.05497,-1.08463,-1.10629,-1.12015,-1.1269,-1.12748,-1.12295,-1.11443,-1.10302,-1.08981,-1.07587,-1.06223,-1.04989,-1.03978,-1.03269,-1.02922,-1.02963,-1.03381,-1.04116,-1.05061,-1.0607,-1.06975,-1.07599,-1.07773,-1.07351,-1.06214,-1.04276,-1.01488,-0.978388,-0.933557,-0.881036,-0.821783,-0.756983,-0.687949,-0.616005,-0.542405,-0.468252,-0.39447,-0.321783,-0.250727,-0.18167,-0.114836,-0.050337,0.0117984,0.0716017,0.129142,0.184505,0.237784,0.28906,0.338393,0.385818,0.431328,0.474873,0.516353,0.555609,0.592419,0.626497,0.65749,0.684978,0.708481,0.727471,0.741381,0.749629,0.75164,0.746869,0.734821,0.715071,0.687273,0.651147,0.606466,0.553021,0.49057,0.418769,0.337092,0.244719,0.140377,0.0221172,-0.113053,-0.269798,-0.45561,-0.683114,-0.975025,-1.37526,-1.95715,-2.66465,-2.92615,-2.47677,-1.91682,-1.52575,-1.26263,-1.08071,-0.957443,-0.880697,-0.842411,-0.835597,-0.852983,-0.886865,-0.929722,-0.97504,-1.01787
-0.892162,-0.946416,-0.996212,-1.03879,-1.07299,-1.09869,-1.11648,-1.12728,-1.13219,-1.13235,-1.12893,-1.12303,-1.11573,-1.10801,-1.1008,-1.0949,-1.09093,-1.08931,-1.09015,-1.09317,-1.09773,-1.10282,-1.10715,-1.1093,-1.10784,-1.10146,-1.0891,-1.06991,-1.04339,-1.00932,-0.967828,-0.919328,-0.864519,-0.80431,-0.739756,-0.671969,-0.602044,-0.530993,-0.459698,-0.38889,-0.31914,-0.250868,-0.184361,-0.11979,-0.0572356,0.00329008,0.0618256,0.118441,0.173225,0.226269,0.277659,0.327465,0.375734,0.422478,0.467673,0.511247,0.553075,0.592972,0.630688,0.665902,0.698219,0.727174,0.752232,0.772803,0.788252,0.797926,0.801179,0.797397,0.78603,0.766611,0.738764,0.702201,0.656703,0.602075,0.538095,0.464437,0.380577,0.285675,0.178402,0.0566997,-0.0826235,-0.244571,-0.437226,-0.674273,-0.980406,-1.40253,-2.00291,-2.6384,-2.73593,-2.25806,-1.75013,-1.39032,-1.14111,-0.967238,-0.85105,-0.78274,-0.755126,-0.760902,-0.791647,-0.838259,-0.892162,-0.946416
-0.789272,-0.854833,-0.918319,-0.975355,-1.02382,-1.06311,-1.09356,-1.11604,-1.13167,-1.14162,-1.14711,-1.14927,-1.14916,-1.14775,-1.14589,-1.14428,-1.14342,-1.14357,-1.14473,-1.14656,-1.14842,-1.14941,-1.14842,-1.14434,-1.13605,-1.12261,-1.10327,-1.07755,-1.04518,-1.00619,-0.960848,-0.90966,-0.853323,-0.792676,-0.72864,-0.662158,-0.594131,-0.525382,-0.456619,-0.388423,-0.321248,-0.255424,-0.191172,-0.128622,-0.0678279,-0.0087871,0.048546,0.104245,0.158399,0.211103,0.262449,0.312514,0.36136,0.409019,0.455491,0.500736,0.544665,0.587135,0.627938,0.666801,0.70337,0.737215,0.767825,0.794613,0.816925,0.834059,0.845288,0.849893,0.847192,0.836578,0.81754,0.789679,0.752702,0.706401,0.650604,0.585112,0.50962,0.423609,0.326215,0.216049,0.0909341,-0.0525276,-0.219689,-0.419228,-0.665862,-0.98604,-1.42779,-2.02971,-2.56176,-2.52202,-2.04535,-1.58382,-1.24917,-1.01145,-0.844745,-0.735844,-0.677193,-0.662215,-0.682773,-0.728728,-0.789272,-0.854833
-0.666054,-0.741355,-0.818784,-0.891502,-0.955856,-1.01044,-1.05522,-1.09093,-1.11865,-1.13961,-1.15504,-1.16613,-1.17394,-1.17942,-1.18336,-1.18638,-1.18889,-1.19107,-1.19281,-1.19378,-1.19337,-1.19081,-1.18523,-1.17577,-1.16165,-1.14224,-1.1171,-1.086,-1.04892,-1.00606,-0.957793,-0.904659,-0.847335,-0.786584,-0.723208,-0.658002,-0.591715,-0.525016,-0.458478,-0.392566,-0.327641,-0.263962,-0.201699,-0.140948,-0.0817405,-0.024061,0.0321429,0.0869479,0.140446,0.192735,0.243911,0.294061,0.34326,0.391557,0.438976,0.485507,0.531097,0.575645,0.618992,0.660914,0.701113,0.73921,0.774739,0.807145,0.835789,0.859955,0.878872,0.891738,0.897759,0.896185,0.886351,0.867707,0.839834,0.802442,0.755338,0.698378,0.631395,0.554105,0.46599,0.366164,0.253171,0.124707,-0.0228383,-0.19517,-0.401542,-0.657607,-0.991117,-1.44794,-2.02973,-2.43976,-2.29726,-1.83865,-1.41647,-1.10204,-0.873784,-0.713625,-0.612627,-0.565372,-0.565466,-0.603194,-0.666054,-0.741355
-0.52423,-0.60529,-0.695628,-0.784686,-0.86635,-0.9379,-0.998678,-1.04917,-1.09042,-1.12367,-1.15019,-1.17121,-1.1878,-1.20093,-1.21134,-1.2196,-1.22605,-1.2308,-1.23373,-1.23448,-1.23254,-1.22728,-1.21804,-1.20424,-1.18537,-1.1611,-1.13127,-1.09588,-1.05509,-1.00924,-0.958769,-0.904248,-0.846321,-0.785676,-0.723014,-0.659008,-0.594284,-0.529389,-0.464792,-0.400865,-0.337897,-0.276089,-0.215573,-0.156414,-0.0986274,-0.042185,0.012971,0.0669208,0.119759,0.171585,0.222502,0.272603,0.321974,0.37068,0.418767,0.46625,0.51311,0.559287,0.604667,0.649081,0.692288,0.733971,0.773723,0.811046,0.845342,0.875919,0.902001,0.922744,0.937274,0.94472,0.944266,0.935191,0.916911,0.888995,0.85116,0.803239,0.745124,0.67668,0.597645,0.507503,0.405338,0.289621,0.157915,0.0063945,-0.170987,-0.384011,-0.649074,-0.994423,-1.45885,-1.99729,-2.28178,-2.07009,-1.63696,-1.24722,-0.948918,-0.72839,-0.574491,-0.482484,-0.448939,-0.466948,-0.52423,-0.60529
-0.368894,-0.447837,-0.54776,-0.65279,-0.752824,-0.842906,-0.921348,-0.988219,-1.04446,-1.09132,-1.13013,-1.16216,-1.18854,-1.21023,-1.22796,-1.24228,-1.25349,-1.26166,-1.26664,-1.26813,-1.26567,-1.25879,-1.24704,-1.23005,-1.2076,-1.17962,-1.14618,-1.10748,-1.06387,-1.01576,-0.963688,-0.908215,-0.849961,-0.789553,-0.727607,-0.664701,-0.601359,-0.538038,-0.47512,-0.412908,-0.35163,-0.291447,-0.232454,-0.174694,-0.118168,-0.0628378,-0.00864068,0.044507,0.0967017,0.148047,0.198647,0.248603,0.29801,0.346946,0.395473,0.443632,0.491431,0.538845,0.585806,0.632193,0.677823,0.722442,0.765713,0.807205,0.846386,0.882616,0.915151,0.943151,0.965705,0.981863,0.99068,0.991278,0.982886,0.964894,0.936866,0.898539,0.849781,0.790522,0.720664,0.639967,0.547911,0.443542,0.325251,0.190467,0.0351493,-0.147062,-0.366381,-0.639638,-0.994265,-1.45577,-1.93023,-2.09851,-1.84519,-1.43905,-1.07554,-0.789936,-0.575702,-0.428134,-0.346773,-0.329854,-0.368894,-0.447837
-0.210321,-0.273556,-0.375685,-0.494338,-0.613117,-0.723156,-0.82094,-0.905817,-0.97854,-1.04036,-1.09268,-1.13686,-1.17407,-1.20532,-1.23136,-1.25274,-1.26972,-1.28236,-1.29053,-1.29393,-1.29221,-1.28501,-1.27204,-1.25316,-1.22838,-1.19785,-1.16186,-1.12081,-1.07517,-1.02548,-0.972305,-0.916235,-0.857868,-0.797783,-0.736531,-0.674616,-0.612487,-0.550527,-0.489053,-0.428311,-0.368486,-0.3097,-0.252025,-0.195484,-0.140064,-0.085722,-0.0323883,0.0200228,0.0716096,0.122477,0.172734,0.222486,0.271833,0.320866,0.369661,0.418277,0.466747,0.515076,0.563233,0.611142,0.658674,0.705635,0.751756,0.796681,0.839954,0.881008,0.919162,0.953618,0.983476,1.00775,1.02543,1.03549,1.03701,1.02916,1.01133,0.983088,0.944202,0.894582,0.834206,0.763011,0.680772,0.586962,0.480577,0.359924,0.22229,0.063438,-0.123258,-0.348293,-0.628461,-0.988433,-1.43413,-1.83017,-1.89962,-1.62467,-1.24384,-0.901208,-0.625343,-0.416242,-0.275508,-0.207106,-0.210321,-0.273556
-0.0653425,-0.0927055,-0.183035,-0.309015,-0.44542,-0.576534,-0.695396,-0.800022,-0.890786,-0.968948,-1.03601,-1.09346,-1.14257,-1.18442,-1.21981,-1.24931,-1.27319,-1.29152,-1.30416,-1.31085,-1.31129,-1.30522,-1.2925,-1.27314,-1.24736,-1.21551,-1.17806,-1.13559,-1.08871,-1.03805,-0.984233,-0.927884,-0.869589,-0.809899,-0.749319,-0.688298,-0.62723,-0.566442,-0.506202,-0.446714,-0.388127,-0.330536,-0.27399,-0.218499,-0.164039,-0.110561,-0.0579909,-0.00624108,0.0447884,0.0952043,0.145117,0.194635,0.243866,0.292907,0.341846,0.390756,0.439691,0.488681,0.537724,0.586783,0.635774,0.68456,0.732934,0.780612,0.827216,0.872263,0.915152,0.955158,0.991431,1.02301,1.04885,1.06785,1.07895,1.08117,1.07367,1.05582,1.02723,0.987704,0.937209,0.875768,0.803352,0.719745,0.624397,0.516249,0.39351,0.253336,0.0913127,-0.09937,-0.329265,-0.614462,-0.974274,-1.39049,-1.70168,-1.69264,-1.40913,-1.0505,-0.724129,-0.455438,-0.25059,-0.117713,-0.0653425,-0.0927055
0.0439902,0.0764108,0.0205617,-0.0991231,-0.24855,-0.400978,-0.542721,-0.669085,-0.77965,-0.875638,-0.958705,-1.03053,-1.09257,-1.14603,-1.19179,-1.23048,-1.26242,-1.28768,-1.30615,-1.31759,-1.32174,-1.31839,-1.30749,-1.28919,-1.26383,-1.23195,-1.19419,-1.15127,-1.10394,-1.05293,-0.998943,-0.942635,-0.884605,-0.825393,-0.765479,-0.70528,-0.645149,-0.585376,-0.526192,-0.46777,-0.410232,-0.353653,-0.298066,-0.243469,-0.189831,-0.137095,-0.0851873,-0.0340164,0.016518,0.0665239,0.116113,0.165397,0.214486,0.263485,0.312489,0.361583,0.410836,0.460296,0.509988,0.559905,0.610001,0.660184,0.710304,0.76014,0.80939,0.857652,0.904415,0.949039,0.990756,1.02866,1.06174,1.08888,1.10893,1.12077,1.1234,1.11597,1.09788,1.06879,1.02854,0.977181,0.914768,0.841302,0.756562,0.659962,0.550372,0.425904,0.283586,0.118873,-0.0751159,-0.308683,-0.596301,-0.948947,-1.32323,-1.55077,-1.48273,-1.19843,-0.858402,-0.544317,-0.28053,-0.0793617,0.0439902,0.0764108
0.0967983,0.208153,0.215806,0.127116,-0.0231545,-0.194478,-0.360685,-0.511182,-0.643714,-0.759277,-0.859744,-0.947103,-1.02307,-1.08907,-1.14614,-1.19501,-1.23608,-1.26948,-1.29512,-1.31277,-1.32219,-1.32319,-1.31576,-1.30013,-1.27673,-1.2462,-1.20935,-1.16702,-1.12009,-1.06941,-1.01576,-0.959852,-0.902315,-0.843702,-0.784488,-0.725075,-0.665795,-0.606915,-0.548643,-0.491131,-0.434482,-0.378757,-0.323978,-0.270133,-0.217187,-0.165079,-0.113731,-0.0630535,-0.0129433,0.0367074,0.0860112,0.135082,0.184032,0.232971,0.282,0.331212,0.380687,0.430489,0.480662,0.531221,0.582152,0.633399,0.684857,0.736361,0.787672,0.838465,0.888313,0.93667,0.982857,1.02606,1.06532,1.09958,1.12765,1.14836,1.16056,1.16322,1.15554,1.13696,1.10718,1.06616,1.01398,0.950748,0.876471,0.790908,0.693417,0.582788,0.457029,0.313063,0.146274,-0.0501282,-0.285794,-0.572397,-0.909826,-1.23278,-1.38367,-1.27316,-0.992144,-0.667115,-0.361828,-0.100905,0.0967983,0.208153
0.0831958,0.277201,0.373073,0.350283,0.224799,0.0441292,-0.146563,-0.324001,-0.481362,-0.618779,-0.738364,-0.842551,-0.933485,-1.01291,-1.08213,-1.14204,-1.19319,-1.23578,-1.26978,-1.29499,-1.31116,-1.31811,-1.31582,-1.30451,-1.28465,-1.25697,-1.22234,-1.18174,-1.13617,-1.08658,-1.03385,-0.97877,-0.922021,-0.864188,-0.805764,-0.747155,-0.68869,-0.630627,-0.573163,-0.516441,-0.460553,-0.40555,-0.351449,-0.298233,-0.245861,-0.194272,-0.143388,-0.093116,-0.0433548,0.00600439,0.0550745,0.10397,0.152806,0.201694,0.25074,0.300043,0.349691,0.39976,0.450305,0.501361,0.552937,0.605003,0.657491,0.710279,0.763181,0.815937,0.868193,0.919489,0.969242,1.01673,1.0611,1.10134,1.13633,1.16487,1.18574,1.1978,1.20005,1.19174,1.17239,1.14179,1.09997,1.04708,0.983254,0.908488,0.822494,0.724557,0.613373,0.486851,0.341838,0.173736,-0.023946,-0.259695,-0.541008,-0.854958,-1.12131,-1.20588,-1.06581,-0.789768,-0.476341,-0.176721,0.0831958,0.277201
0.01097,0.271591,0.461057,0.536737,0.477099,0.311882,0.102579,-0.104252,-0.290271,-0.452737,-0.593781,-0.716462,-0.823562,-0.917337,-0.999475,-1.07116,-1.13314,-1.18577,-1.22912,-1.26303,-1.28727,-1.30163,-1.30604,-1.30068,-1.28598,-1.26268,-1.2317,-1.19408,-1.15093,-1.10331,-1.0522,-0.99848,-0.942908,-0.886123,-0.828656,-0.770938,-0.713312,-0.656045,-0.599335,-0.543324,-0.488103,-0.433722,-0.380194,-0.327502,-0.275604,-0.224438,-0.173926,-0.123976,-0.0744873,-0.025351,0.0235456,0.0723177,0.121081,0.169949,0.219031,0.26843,0.31824,0.368543,0.419406,0.470876,0.522976,0.5757,0.629002,0.682793,0.736931,0.791202,0.845315,0.898884,0.951411,1.00227,1.0507,1.09579,1.13649,1.17166,1.20007,1.2205,1.23185,1.23318,1.22384,1.20346,1.17194,1.12938,1.07597,1.01187,0.937028,0.851085,0.75323,0.642058,0.515389,0.370042,0.201551,0.00399075,-0.229346,-0.500389,-0.783413,-0.992172,-1.02184,-0.861663,-0.590854,-0.285873,0.01097,0.271591
-0.0955664,0.201261,0.464149,0.64741,0.696719,0.593464,0.387257,0.152558,-0.0667551,-0.258868,-0.424789,-0.568321,-0.693187,-0.802414,-0.898278,-0.982391,-1.05581,-1.11912,-1.17254,-1.21603,-1.24939,-1.27237,-1.28486,-1.28693,-1.27895,-1.26158,-1.23572,-1.20244,-1.1629,-1.11826,-1.0696,-1.01791,-0.96402,-0.908658,-0.852412,-0.795759,-0.739075,-0.682648,-0.626696,-0.571369,-0.516766,-0.462941,-0.409912,-0.357664,-0.306157,-0.255333,-0.205113,-0.155408,-0.106118,-0.0571347,-0.00834669,0.0403616,0.0891063,0.138002,0.18716,0.236686,0.286678,0.337223,0.388394,0.440246,0.492813,0.546101,0.600084,0.654695,0.709817,0.765275,0.820825,0.876135,0.930779,0.984215,1.03577,1.08464,1.12988,1.1704,1.20505,1.2326,1.2519,1.2619,1.2618,1.25105,1.22944,1.19696,1.15381,1.1002,1.03625,0.961847,0.876524,0.779359,0.668841,0.542727,0.397872,0.230092,0.0343423,-0.193602,-0.449032,-0.695427,-0.849164,-0.834886,-0.661208,-0.395043,-0.0955664,0.201261
-0.202067,0.0946795,0.394254,0.660749,0.835044,0.850064,0.696816,0.45049,0.194896,-0.033252,-0.229176,-0.397095,-0.54206,-0.668264,-0.778857,-0.876087,-0.961467,-1.03592,-1.09992,-1.15358,-1.19677,-1.22928,-1.25093,-1.2617,-1.26184,-1.25186,-1.23258,-1.20504,-1.17041,-1.12989,-1.08466,-1.0358,-0.984245,-0.930812,-0.876168,-0.820858,-0.765308,-0.709848,-0.654725,-0.600114,-0.546129,-0.49284,-0.440271,-0.388418,-0.337246,-0.2867,-0.236708,-0.187181,-0.138022,-0.089126,-0.0403811,0.00832733,0.0571153,0.106098,0.155388,0.205092,0.255312,0.306136,0.357641,0.409888,0.462917,0.51674,0.571342,0.626669,0.682621,0.739047,0.795731,0.852385,0.908633,0.963997,1.01789,1.06959,1.11825,1.1629,1.20245,1.23575,1.26163,1.27902,1.28703,1.28498,1.27253,1.24958,1.21627,1.17282,1.11944,1.05618,0.982813,0.898757,0.802958,0.693805,0.569028,0.425604,0.259814,0.0678595,-0.15129,-0.385908,-0.592294,-0.69607,-0.647421,-0.464675,-0.202067,0.0946795
-0.272161,-0.0117826,0.284991,0.59009,0.861302,1.02222,0.993373,0.785029,0.501945,0.230657,-0.00291484,-0.200662,-0.369297,-0.514757,-0.641517,-0.752766,-0.850686,-0.936685,-1.01158,-1.07573,-1.12917,-1.17177,-1.20333,-1.22375,-1.23312,-1.23181,-1.22048,-1.20006,-1.17167,-1.13652,-1.09582,-1.05073,-1.00231,-0.95145,-0.898923,-0.845354,-0.791239,-0.736967,-0.682828,-0.629035,-0.575731,-0.523006,-0.470904,-0.419433,-0.368568,-0.318264,-0.268453,-0.219053,-0.16997,-0.121101,-0.0723377,-0.0235652,0.0253315,0.0744677,0.123956,0.173906,0.224418,0.275583,0.327481,0.380172,0.4337,0.488081,0.543301,0.599311,0.656021,0.713289,0.770915,0.828635,0.886104,0.942892,0.998468,1.05219,1.10331,1.15094,1.1941,1.23173,1.26274,1.28606,1.30078,1.30617,1.3018,1.28747,1.26327,1.2294,1.18609,1.13351,1.07158,0.999942,0.917862,0.824152,0.717127,0.594534,0.453593,0.29125,0.105368,-0.101346,-0.310652,-0.476129,-0.536289,-0.461189,-0.272161,-0.0117826
-0.277417,-0.0837915,0.175908,0.475466,0.78904,1.06558,1.20656,1.12286,0.856796,0.542643,0.261017,0.025008,-0.17287,-0.341121,-0.486249,-0.612863,-0.724124,-0.822126,-0.908177,-0.982995,-1.04687,-1.0998,-1.14166,-1.17229,-1.19167,-1.20001,-1.19778,-1.18574,-1.16488,-1.13636,-1.10137,-1.06114,-1.01678,-0.969287,-0.919534,-0.868237,-0.81598,-0.763223,-0.710318,-0.657528,-0.605038,-0.55297,-0.501392,-0.450334,-0.399787,-0.349717,-0.300067,-0.250763,-0.201716,-0.152828,-0.103991,-0.0550948,-0.00602436,0.043335,0.0930963,0.143368,0.194252,0.245841,0.298212,0.351428,0.405529,0.460532,0.51642,0.573143,0.630607,0.688671,0.747138,0.805749,0.864176,0.922012,0.978766,1.03385,1.08659,1.13619,1.18178,1.22239,1.25704,1.28474,1.30462,1.31596,1.31828,1.31137,1.29523,1.27006,1.2361,1.19356,1.14246,1.08259,1.01343,0.93406,0.843192,0.73908,0.619581,0.482264,0.325016,0.147689,-0.0429381,-0.223688,-0.349486,-0.372779,-0.277417,-0.0837915
-0.207971,-0.097068,0.100299,0.361021,0.666251,0.991465,1.27312,1.38472,1.23471,0.911869,0.574093,0.287121,0.0511776,-0.145428,-0.312368,-0.456452,-0.582304,-0.693011,-0.790568,-0.876188,-0.950515,-1.01379,-1.06602,-1.10708,-1.13688,-1.15549,-1.1632,-1.16056,-1.14838,-1.12768,-1.09961,-1.06537,-1.02611,-0.982908,-0.936721,-0.888364,-0.838514,-0.787719,-0.736405,-0.684899,-0.633439,-0.582189,-0.531256,-0.480694,-0.430519,-0.380715,-0.331238,-0.282025,-0.232995,-0.184055,-0.135104,-0.0860325,-0.0367281,0.0129229,0.0630333,0.113711,0.165059,0.217167,0.270113,0.323958,0.378737,0.434463,0.491112,0.548624,0.606898,0.665779,0.725062,0.784478,0.843695,0.902313,0.959856,1.01577,1.06943,1.12012,1.16706,1.20941,1.24628,1.27682,1.30025,1.31591,1.32337,1.3224,1.31302,1.29541,1.26981,1.23646,1.19543,1.1466,1.08958,1.02364,0.947734,0.860442,0.76005,0.644571,0.512133,0.361735,0.19561,0.0242981,-0.126117,-0.215152,-0.207971,-0.097068
-0.0758678,-0.0438842,0.0790646,0.279927,0.54352,0.857549,1.19782,1.48294,1.55229,1.32557,0.951163,0.598038,0.310012,0.0761543,-0.118042,-0.28291,-0.425347,-0.54991,-0.659578,-0.756245,-0.841042,-0.914558,-0.977016,-1.02842,-1.0687,-1.09783,-1.11594,-1.12339,-1.12078,-1.10895,-1.08892,-1.06179,-1.02872,-0.990811,-0.949095,-0.90447,-0.857706,-0.809442,-0.76019,-0.710351,-0.660228,-0.610042,-0.559943,-0.510024,-0.460329,-0.410867,-0.361612,-0.312516,-0.263511,-0.214511,-0.165421,-0.116135,-0.0665458,-0.0165394,0.0339955,0.0851667,0.137075,0.189811,0.243449,0.298046,0.353634,0.410214,0.467752,0.526176,0.585362,0.645137,0.705271,0.765475,0.825393,0.884611,0.942649,0.998965,1.05296,1.10398,1.15132,1.19426,1.23204,1.26394,1.28932,1.30765,1.31858,1.32196,1.31785,1.30645,1.28802,1.26279,1.2309,1.19226,1.14654,1.09314,1.03116,0.959395,0.876396,0.780483,0.670001,0.543724,0.402063,0.249685,0.100217,-0.0196617,-0.0758678,-0.0438842
0.093524,0.0658061,0.117775,0.250286,0.454848,0.723341,1.04966,1.4086,1.69319,1.70376,1.39323,0.976623,0.616225,0.330592,0.100399,-0.0904946,-0.252674,-0.392969,-0.515803,-0.624031,-0.719446,-0.80311,-0.875576,-0.937062,-0.987597,-1.02716,-1.05578,-1.07365,-1.08118,-1.07898,-1.06789,-1.04889,-1.02306,-0.991489,-0.955218,-0.915212,-0.872321,-0.827272,-0.780666,-0.732985,-0.684608,-0.635819,-0.586825,-0.537763,-0.488717,-0.439725,-0.390788,-0.341876,-0.292935,-0.243892,-0.194661,-0.145141,-0.0952276,-0.044811,0.00621906,0.0579694,0.11054,0.164019,0.218479,0.27397,0.330517,0.388109,0.446698,0.506188,0.566431,0.627221,0.688294,0.749319,0.809906,0.869603,0.927907,0.984265,1.03809,1.08877,1.13566,1.17815,1.21561,1.24749,1.27329,1.29267,1.30542,1.31152,1.31112,1.30446,1.29186,1.27357,1.24973,1.22028,1.18494,1.14314,1.09408,1.0367,0.9697,0.891608,0.800921,0.696375,0.577591,0.44654,0.310149,0.184082,0.093524,0.0658061
0.274563,0.211079,0.207519,0.275551,0.415948,0.624771,0.900427,1.243,1.62426,1.90065,1.83291,1.43723,0.990873,0.630238,0.349618,0.124281,-0.0626289,-0.221639,-0.359394,-0.480145,-0.586609,-0.680487,-0.762783,-0.834028,-0.894449,-0.944107,-0.983028,-1.0113,-1.02916,-1.03702,-1.03553,-1.02547,-1.00781,-0.983534,-0.953679,-0.919224,-0.88107,-0.840015,-0.79674,-0.751812,-0.705687,-0.658723,-0.611188,-0.563276,-0.515116,-0.466784,-0.418312,-0.369694,-0.320897,-0.271862,-0.222513,-0.17276,-0.122503,-0.0716338,-0.0200462,0.0323656,0.0857,0.140043,0.195463,0.252005,0.309682,0.368469,0.428296,0.48904,0.550518,0.612482,0.674617,0.736537,0.797797,0.85789,0.916268,0.972349,1.02554,1.07525,1.1209,1.16197,1.19797,1.22853,1.25333,1.27223,1.28522,1.29246,1.29421,1.29084,1.28271,1.2701,1.25316,1.23184,1.20584,1.17464,1.13749,1.09337,1.04111,0.979357,0.906708,0.821907,0.7242,0.61423,0.495491,0.376817,0.274563,0.211079
0.448968,0.369872,0.330573,0.347163,0.42818,0.57543,0.789384,1.07476,1.4382,1.84496,2.10015,1.93366,1.45915,0.996758,0.641418,0.367703,0.148079,-0.0343463,-0.189823,-0.32473,-0.443118,-0.547568,-0.639691,-0.720447,-0.790355,-0.849658,-0.898454,-0.936814,-0.96487,-0.982886,-0.991298,-0.990716,-0.981909,-0.96576,-0.943212,-0.915214,-0.88268,-0.84645,-0.807267,-0.765772,-0.722499,-0.677876,-0.632243,-0.585853,-0.538889,-0.491472,-0.44367,-0.395509,-0.346979,-0.298041,-0.248633,-0.198675,-0.148074,-0.0967276,-0.0445319,0.00861666,0.0628146,0.118146,0.174673,0.232434,0.291428,0.351614,0.412894,0.475109,0.538031,0.601357,0.664705,0.727619,0.789575,0.849992,0.908258,0.963744,1.01583,1.06395,1.10759,1.1463,1.17976,1.20777,1.23023,1.24724,1.25902,1.26593,1.26841,1.26696,1.26201,1.25388,1.24271,1.22843,1.21074,1.18911,1.16279,1.13082,1.09207,1.04528,0.989107,0.922312,0.843947,0.753936,0.653959,0.548945,0.448968,0.369872
0.606507,0.525366,0.467909,0.449641,0.482874,0.574558,0.728148,0.948383,1.24641,1.63609,2.07012,2.28422,2.00142,1.46243,0.996936,0.650851,0.385329,0.172001,-0.00559498,-0.157275,-0.289104,-0.40492,-0.507166,-0.597376,-0.67647,-0.744964,-0.803123,-0.851081,-0.888948,-0.916892,-0.935195,-0.944289,-0.944758,-0.937323,-0.9228,-0.902062,-0.875983,-0.845406,-0.811109,-0.773785,-0.73403,-0.692345,-0.649135,-0.604718,-0.559334,-0.513154,-0.466291,-0.418805,-0.370716,-0.322008,-0.272635,-0.222532,-0.171614,-0.119786,-0.0669474,-0.0129965,0.0421605,0.098604,0.156392,0.215553,0.276071,0.337881,0.400852,0.464783,0.529386,0.594286,0.659018,0.723033,0.785706,0.846362,0.904303,0.958839,1.00933,1.0552,1.096,1.13141,1.16126,1.18555,1.20444,1.21826,1.22752,1.2328,1.23477,1.23405,1.23116,1.22644,1.22002,1.2118,1.20144,1.18837,1.17182,1.15087,1.12441,1.09124,1.05006,0.999641,0.938942,0.867467,0.785869,0.696852,0.606507,0.525366
0.742634,0.667304,0.604341,0.566426,0.566077,0.613035,0.713725,0.873575,1.10152,1.41563,1.83776,2.29769,2.44318,2.03449,1.45164,0.993627,0.659378,0.402857,0.196182,0.0236367,-0.124069,-0.252657,-0.365749,-0.465657,-0.55384,-0.631189,-0.698222,-0.755225,-0.802366,-0.83979,-0.86769,-0.886357,-0.896209,-0.897797,-0.891787,-0.878928,-0.860016,-0.835852,-0.807209,-0.774802,-0.739271,-0.701172,-0.66097,-0.619045,-0.575695,-0.531144,-0.485551,-0.439018,-0.391596,-0.343296,-0.294096,-0.243943,-0.192766,-0.140476,-0.0869763,-0.03217,0.0240351,0.0817161,0.140925,0.201678,0.263943,0.327625,0.392554,0.458471,0.525015,0.591722,0.658018,0.723235,0.786623,0.847388,0.904727,0.957879,1.00617,1.04905,1.08614,1.11725,1.14241,1.16184,1.17599,1.18546,1.19106,1.19364,1.19407,1.19313,1.19142,1.18927,1.1868,1.18381,1.17992,1.17449,1.16674,1.15571,1.14034,1.11946,1.09181,1.05619,1.01149,0.956981,0.8927,0.820039,0.742634,0.667304
0.856161,0.790607,0.730014,0.683939,0.663189,0.677917,0.736284,0.844882,1.01128,1.24864,1.5829,2.04444,2.52305,2.5663,2.03495,1.43152,0.988531,0.667623,0.42054,0.220701,0.0533266,-0.0902949,-0.215535,-0.3258,-0.423276,-0.509357,-0.584908,-0.650449,-0.70629,-0.752628,-0.789635,-0.817523,-0.836583,-0.847215,-0.849929,-0.845335,-0.834113,-0.816983,-0.794674,-0.767887,-0.737276,-0.70343,-0.666858,-0.627993,-0.587187,-0.544715,-0.500783,-0.455535,-0.40906,-0.361399,-0.312551,-0.262484,-0.211136,-0.158431,-0.104275,-0.0485747,0.00875987,0.0678023,0.128598,0.19115,0.255405,0.321233,0.388413,0.456614,0.525385,0.594144,0.662181,0.728676,0.792726,0.853389,0.909744,0.96095,1.00631,1.04532,1.07771,1.10345,1.1228,1.13626,1.14456,1.14867,1.14967,1.1487,1.14686,1.14505,1.14391,1.14378,1.14468,1.14634,1.14824,1.1497,1.14986,1.14777,1.14235,1.13247,1.11692,1.09452,1.06415,1.02495,0.976568,0.9196,0.856161,0.790607
0.947784,0.893564,0.839652,0.792973,0.762095,0.756124,0.783495,0.851528,0.967416,1.14095,1.38975,1.7491,2.25716,2.73784,2.6441,2.00846,1.40623,0.982868,0.676024,0.438535,0.245584,0.0834248,-0.0560583,-0.177886,-0.285259,-0.380244,-0.464173,-0.53789,-0.60192,-0.656591,-0.702125,-0.738719,-0.766592,-0.786033,-0.797417,-0.801212,-0.79797,-0.788303,-0.772858,-0.752291,-0.727233,-0.698278,-0.665959,-0.630744,-0.593026,-0.553126,-0.511295,-0.467719,-0.422521,-0.375775,-0.327504,-0.277696,-0.226304,-0.173259,-0.118473,-0.0618558,-0.00331857,0.057209,0.119765,0.184339,0.25085,0.319126,0.388882,0.459697,0.531001,0.602063,0.672001,0.739802,0.804373,0.8646,0.91943,0.967949,1.00946,1.04355,1.07009,1.08929,1.10168,1.10806,1.10954,1.1074,1.10308,1.098,1.09346,1.09045,1.08964,1.09128,1.09528,1.10123,1.10848,1.11625,1.12361,1.12957,1.13307,1.13298,1.12816,1.11744,1.09974,1.07413,1.04002,0.997518,0.947784,0.893564
1.01927,0.976497,0.931199,0.888316,0.854352,0.836825,0.843444,0.88149,0.957963,1.08092,1.26248,1.52512,1.91561,2.47598,2.92926,2.67142,1.96282,1.3789,0.977452,0.684852,0.456918,0.270813,0.113857,-0.0214723,-0.139857,-0.2443,-0.336757,-0.418503,-0.490362,-0.552864,-0.606351,-0.651068,-0.687225,-0.715049,-0.734819,-0.746884,-0.751669,-0.749668,-0.741427,-0.727522,-0.708536,-0.685033,-0.657546,-0.626552,-0.592472,-0.55566,-0.516402,-0.47492,-0.431372,-0.38586,-0.338434,-0.289098,-0.237821,-0.18454,-0.129175,-0.0716331,-0.0118279,0.0503096,0.114811,0.181649,0.25071,0.321771,0.394465,0.468256,0.542419,0.616033,0.687991,0.757043,0.821862,0.881136,0.933679,0.978531,1.01505,1.04295,1.06234,1.07373,1.07796,1.07623,1.07,1.06095,1.05086,1.04142,1.03408,1.02992,1.02952,1.03302,1.04014,1.05029,1.06267,1.07636,1.09037,1.10365,1.11514,1.12374,1.12835,1.12786,1.1212,1.10743,1.08587,1.05629,1.01927,0.976497
1.07298,1.0409,1.00465,0.967724,0.934978,0.91235,0.906385,0.923728,0.970951,1.05509,1.18524,1.37596,1.65531,2.08445,2.69842,3.081,2.64973,1.90604,1.35159,0.972774,0.694241,0.475691,0.296331,0.144531,0.0133427,-0.10159,-0.203085,-0.292991,-0.372533,-0.442515,-0.503468,-0.555749,-0.599615,-0.63529,-0.663002,-0.683016,-0.695654,-0.701297,-0.700384,-0.693396,-0.68084,-0.663229,-0.641061,-0.614804,-0.584882,-0.551663,-0.515458,-0.476513,-0.435015,-0.391089,-0.344807,-0.296191,-0.245219,-0.191837,-0.135962,-0.0775039,-0.0163712,0.0475053,0.114151,0.183521,0.255464,0.329689,0.405727,0.482891,0.560255,0.636649,0.710677,0.780792,0.845386,0.902936,0.952139,0.99204,1.02212,1.04235,1.05314,1.05536,1.05026,1.03946,1.02484,1.00848,0.992469,0.978767,0.968937,0.964026,0.964491,0.970251,0.980788,0.995293,1.01278,1.03219,1.05243,1.07243,1.09111,1.10741,1.12026,1.12861,1.13145,1.12784,1.11705,1.0987,1.07298,1.0409
1.11152,1.08891,1.06121,1.03093,1.00167,0.978049,0.965384,0.969399,0.995978,1.05132,1.14271,1.28047,1.48176,1.7814,2.25806,2.91741,3.1766,2.58724,1.84472,1.32551,0.969068,0.704211,0.494799,0.322046,0.175335,0.0482613,-0.0632236,-0.16176,-0.249102,-0.326422,-0.394506,-0.453884,-0.50492,-0.547887,-0.583011,-0.610519,-0.63066,-0.643728,-0.650062,-0.650045,-0.644096,-0.632657,-0.61617,-0.595067,-0.569752,-0.540589,-0.507893,-0.471925,-0.432884,-0.390915,-0.346102,-0.298478,-0.248028,-0.194698,-0.138404,-0.0790475,-0.0165293,0.0492248,0.118237,0.190442,0.265644,0.343468,0.423308,0.504281,0.585195,0.664549,0.74058,0.811364,0.874978,0.929684,0.974118,1.00743,1.02934,1.04018,1.04079,1.03248,1.01697,0.99632,0.972863,0.949076,0.92739,0.909938,0.898323,0.893463,0.895579,0.904292,0.918786,0.937992,0.96072,0.985769,1.01197,1.03819,1.06338,1.08648,1.10648,1.12239,1.13326,1.13819,1.13645,1.12757,1.11152,1.08891
1.13751,1.12289,1.10272,1.07884,1.05397,1.03166,1.01616,1.01223,1.02493,1.05963,1.1224,1.22097,1.36699,1.58051,1.90508,2.43865,3.1193,3.2048,2.49649,1.78335,1.30121,0.96637,0.714684,0.514134,0.347842,0.206146,0.0831558,-0.0248882,-0.120461,-0.205223,-0.2803,-0.346458,-0.404223,-0.453966,-0.495963,-0.530444,-0.557631,-0.577755,-0.591079,-0.597901,-0.598551,-0.59339,-0.58279,-0.567128,-0.546767,-0.522045,-0.493263,-0.460675,-0.424485,-0.384838,-0.341824,-0.295478,-0.245782,-0.192675,-0.136063,-0.0758312,-0.0118644,0.0559234,0.127556,0.202947,0.281847,0.363772,0.447937,0.533196,0.617997,0.700404,0.778173,0.84893,0.910405,0.960691,0.998473,1.02315,1.03487,1.03445,1.02326,1.00313,0.97628,0.945262,0.912862,0.88196,0.855267,0.835028,0.822758,0.819125,0.823989,0.836587,0.855753,0.880134,0.908337,0.939029,0.970963,1.003,1.03406,1.06316,1.08931,1.1116,1.12913,1.14107,1.14671,1.14557,1.13751,1.12289
1.15339,1.14518,1.13126,1.11301,1.09253,1.07257,1.05654,1.0483,1.05209,1.07248,1.11454,1.18435,1.29028,1.44545,1.6732,2.02894,2.6264,3.28399,3.16448,2.39051,1.72445,1.27883,0.96456,0.72551,0.533548,0.373576,0.236829,0.117897,0.0132912,-0.0793067,-0.161469,-0.234274,-0.298467,-0.354568,-0.402948,-0.443886,-0.477611,-0.504333,-0.524266,-0.537641,-0.544716,-0.545769,-0.541099,-0.531016,-0.515826,-0.495823,-0.471274,-0.442412,-0.409421,-0.372437,-0.33154,-0.286753,-0.238044,-0.185336,-0.128507,-0.0674179,-0.00192471,0.0680824,0.142636,0.221631,0.304749,0.391365,0.480456,0.570511,0.659493,0.744879,0.823817,0.893402,0.95103,0.994747,1.02348,1.0371,1.03637,1.02275,0.998215,0.965171,0.926355,0.884812,0.843795,0.806563,0.77604,0.75446,0.743095,0.742201,0.751157,0.768735,0.793384,0.823467,0.857405,0.893756,0.931228,0.968668,1.00503,1.03936,1.07073,1.09829,1.12121,1.13872,1.15018,1.15513,1.15339,1.14518
1.16127,1.15793,1.14888,1.13522,1.1186,1.10125,1.08586,1.07557,1.07389,1.08463,1.112,1.16091,1.23766,1.35134,1.51674,1.76126,2.15637,2.81655,3.38885,3.06585,2.27979,1.66904,1.25821,0.963411,0.736483,0.55286,0.399092,0.267244,0.152357,0.0511979,-0.0384035,-0.117934,-0.188426,-0.250601,-0.304969,-0.351898,-0.391666,-0.424495,-0.450582,-0.470122,-0.483313,-0.490369,-0.491518,-0.487,-0.477056,-0.461924,-0.44182,-0.416937,-0.387427,-0.353396,-0.314897,-0.271927,-0.224424,-0.172275,-0.115321,-0.0533754,0.0137512,0.0862088,0.164051,0.247157,0.335121,0.427133,0.521838,0.61722,0.710571,0.798582,0.877637,0.944258,0.995617,1.02994,1.0467,1.04654,1.03102,1.00236,0.963183,0.91646,0.865447,0.813692,0.764914,0.722703,0.690086,0.669109,0.660602,0.664234,0.67878,0.702494,0.733435,0.769711,0.809595,0.851577,0.894347,0.936772,0.977844,1.01665,1.05234,1.08411,1.11122,1.13297,1.14879,1.15828,1.16127,1.15793
1.16285,1.16294,1.15741,1.1472,1.13369,1.11869,1.10439,1.09335,1.08843,1.09278,1.1099,1.14377,1.19928,1.28304,1.40506,1.58198,1.84675,2.29082,2.99638,3.41656,2.92677,2.17104,1.61724,1.23898,0.962621,0.747357,0.571869,0.42422,0.297246,0.186411,0.088725,0.00215824,-0.074693,-0.142813,-0.202897,-0.255443,-0.300812,-0.339273,-0.37104,-0.396296,-0.415207,-0.427941,-0.434667,-0.435561,-0.430799,-0.420554,-0.404985,-0.384229,-0.358389,-0.327526,-0.291649,-0.250708,-0.204595,-0.153139,-0.0961209,-0.0332842,0.0356304,0.110838,0.192431,0.280276,0.373862,0.472119,0.573223,0.674444,0.77213,0.861933,0.939322,1.0003,1.04209,1.0635,1.06495,1.04816,1.01564,0.970398,0.915686,0.854984,0.792063,0.730988,0.675932,0.630736,0.598355,0.580403,0.577029,0.587133,0.608797,0.639742,0.677678,0.720514,0.766433,0.813909,0.861655,0.908578,0.953728,0.996249,1.03536,1.07032,1.10047,1.1252,1.14402,1.15661,1.16285,1.16294
1.15946,1.16165,1.15839,1.15054,1.13928,1.12614,1.11294,1.10177,1.09498,1.09517,1.10519,1.1283,1.16837,1.23038,1.32141,1.45255,1.64252,1.93256,2.43376,3.1446,3.36286,2.76642,2.06766,1.56866,1.22071,0.961846,0.757865,0.590362,0.448787,0.326693,0.219944,0.125778,0.0423051,-0.0317978,-0.0974653,-0.155365,-0.205976,-0.249648,-0.286639,-0.317149,-0.34134,-0.359353,-0.371317,-0.377354,-0.377583,-0.372113,-0.361042,-0.344442,-0.322356,-0.294784,-0.261672,-0.222908,-0.178311,-0.127632,-0.0705621,-0.00674473,0.0641841,0.142537,0.228475,0.321859,0.422034,0.527565,0.635949,0.743413,0.84498,0.93495,1.00781,1.05933,1.08727,1.09165,1.0743,1.0382,0.986891,0.924055,0.853459,0.779055,0.705135,0.636314,0.577191,0.531713,0.502489,0.490386,0.494607,0.513132,0.543318,0.582401,0.627822,0.67738,0.729244,0.781926,0.834199,0.885041,0.933569,0.978998,1.02061,1.05776,1.08985,1.11636,1.13693,1.1513,1.15946,1.16165
1.15201,1.15514,1.15304,1.14655,1.13672,1.12487,1.11255,1.10148,1.09361,1.09106,1.09617,1.1116,1.14044,1.18656,1.25514,1.35385,1.49503,1.70003,2.02229,2.58114,3.23605,3.23897,2.60027,1.97072,1.52268,1.2029,0.960729,0.767735,0.608126,0.472623,0.355452,0.252851,0.162281,0.0819846,0.0107235,-0.0523862,-0.10798,-0.156514,-0.198323,-0.233649,-0.262671,-0.285527,-0.302325,-0.313153,-0.318081,-0.317163,-0.310433,-0.2979,-0.279538,-0.255273,-0.224976,-0.18845,-0.14542,-0.0955316,-0.0383498,0.0266195,0.0998909,0.181922,0.272981,0.372933,0.480925,0.594983,0.71158,0.825401,0.929614,1.01687,1.08087,1.11775,1.12673,1.10971,1.07031,1.01281,0.94159,0.860818,0.774642,0.687469,0.60418,0.52999,0.469845,0.427526,0.404903,0.40172,0.415984,0.444685,0.484505,0.532313,0.585408,0.641585,0.699079,0.756498,0.812707,0.866775,0.917898,0.965369,1.00855,1.04686,1.07981,1.107,1.12814,1.14312,1.15201,1.15514
1.14107,1.14414,1.14228,1.1363,1.12717,1.11607,1.10431,1.09336,1.08481,1.08042,1.08211,1.09204,1.11269,1.1471,1.19922,1.27455,1.38151,1.53379,1.7567,2.11921,2.72014,3.25131,3.06659,2.43815,1.88006,1.47859,1.18508,0.958928,0.776706,0.624959,0.495574,0.383404,0.285046,0.198176,0.12117,0.0528731,-0.0075437,-0.0606787,-0.106963,-0.146707,-0.180132,-0.207392,-0.228593,-0.243805,-0.253065,-0.256382,-0.253736,-0.245071,-0.23029,-0.209239,-0.1817,-0.147374,-0.105869,-0.0566897,0.00075975,0.0671636,0.143247,0.229677,0.326885,0.434752,0.552135,0.676225,0.801906,0.921547,1.0258,1.10558,1.15451,1.17033,1.15481,1.11238,1.04845,0.968388,0.877,0.778702,0.677939,0.579662,0.489482,0.41325,0.356042,0.321021,0.308794,0.317591,0.344073,0.384289,0.434405,0.491104,0.551698,0.614092,0.676664,0.738156,0.797557,0.854037,0.906883,0.955468,0.999235,1.0377,1.07048,1.09727,1.11793,1.13246,1.14107,1.14414
1.12692,1.12914,1.12678,1.12062,1.1116,1.10077,1.08927,1.07834,1.06932,1.06365,1.0629,1.06884,1.08347,1.10922,1.14912,1.20729,1.28966,1.40557,1.57024,1.81535,2.2236,2.8294,3.18587,2.86935,2.28498,1.79493,1.43576,1.16683,0.956138,0.784549,0.640687,0.517508,0.410455,0.316469,0.233438,0.159867,0.0946899,0.0371355,-0.0133526,-0.0571732,-0.0946077,-0.125848,-0.151017,-0.17018,-0.183359,-0.19053,-0.191627,-0.186536,-0.175089,-0.157051,-0.132103,-0.0998286,-0.0596944,-0.0110329,0.0469637,0.115232,0.194786,0.286595,0.39133,0.508902,0.637704,0.773575,0.908849,1.03243,1.13182,1.1968,1.22253,1.21015,1.16506,1.09429,1.00467,0.901991,0.791076,0.67638,0.562731,0.45586,0.36231,0.288475,0.239096,0.21603,0.218023,0.241503,0.281808,0.334256,0.394758,0.460034,0.52757,0.595479,0.662339,0.727058,0.788761,0.846728,0.900338,0.949052,0.992407,1.03002,1.06162,1.08704,1.10627,1.11946,1.12692,1.12914
1.10968,1.11043,1.10699,1.10016,1.09081,1.07988,1.06838,1.05736,1.04795,1.04133,1.03881,1.04181,1.05197,1.07123,1.10197,1.14735,1.2117,1.30155,1.4272,1.60604,1.87889,2.32926,2.88532,3.05202,2.66622,2.14242,1.71448,1.39363,1.1478,0.952112,0.791078,0.655171,0.538328,0.436547,0.3471,0.268078,0.198124,0.13626,0.0817772,0.034168,-0.00692734,-0.0417541,-0.0704665,-0.0931448,-0.109805,-0.120404,-0.124842,-0.122953,-0.114504,-0.099175,-0.0765424,-0.0460575,-0.00701936,0.0414503,0.100426,0.171178,0.255116,0.353639,0.467772,0.597456,0.740291,0.889798,1.03412,1.15719,1.24337,1.28328,1.27643,1.22924,1.15104,1.05084,0.93587,0.811618,0.682564,0.553239,0.429182,0.317306,0.225212,0.159445,0.123567,0.117246,0.136846,0.176943,0.23183,0.296461,0.366817,0.439877,0.513434,0.585885,0.656036,0.722974,0.785963,0.844392,0.897738,0.945557,0.98749,1.02327,1.05276,1.07594,1.09293,1.10403,1.10968,1.11043
1.08931,1.08817,1.08329,1.07543,1.06544,1.05416,1.04247,1.03127,1.0215,1.01415,1.0103,1.0111,1.01789,1.03223,1.05603,1.09172,1.1426,1.21337,1.31122,1.44754,1.64321,1.94859,2.42157,2.87243,2.87234,2.46923,2.01041,1.63789,1.3518,1.12777,0.946686,0.796173,0.668329,0.557988,0.461669,0.376961,0.302161,0.236045,0.177729,0.126575,0.082129,0.0440791,0.012226,-0.0135361,-0.0332314,-0.0468086,-0.0541416,-0.0550245,-0.049161,-0.0361478,-0.0154508,0.0136252,0.0519742,0.10073,0.161303,0.235401,0.324979,0.432046,0.558152,0.70323,0.863403,1.02802,1.17836,1.292,1.35212,1.35442,1.30611,1.21973,1.1075,0.978843,0.840227,0.69623,0.550948,0.409392,0.278433,0.166611,0.0823942,0.0315318,0.0151573,0.0298657,0.0694442,0.126953,0.196158,0.272122,0.351208,0.430836,0.509196,0.584994,0.657272,0.725294,0.788452,0.846248,0.898257,0.944144,0.983668,1.0167,1.04323,1.06342,1.07752,1.08597,1.08931,1.08817
1.06575,1.06247,1.05593,1.04687,1.03607,1.02428,1.01228,1.00084,0.99074,0.982809,0.977923,0.977043,0.981255,0.991823,1.01028,1.03855,1.07917,1.13566,1.21317,1.31962,1.46783,1.68379,2.02116,2.48047,2.79066,2.67046,2.28448,1.88813,1.56454,1.31004,1.10661,0.939789,0.799793,0.680149,0.576507,0.485873,0.406144,0.335817,0.273804,0.219323,0.171811,0.130877,0.0962681,0.0678426,0.045559,0.0294681,0.0197131,0.0165353,0.0202882,0.0314586,0.0506976,0.0788624,0.11707,0.166764,0.229779,0.308401,0.405338,0.523488,0.665178,0.830178,1.01162,1.19103,1.33911,1.42776,1.44486,1.39723,1.30177,1.17556,1.03128,0.876877,0.717122,0.555553,0.396333,0.245804,0.11301,0.00829649,-0.0599254,-0.0883663,-0.0797495,-0.0410417,0.0193455,0.0936948,0.175924,0.261651,0.347864,0.432529,0.514252,0.592047,0.665173,0.733051,0.795197,0.851223,0.900814,0.943757,0.979945,1.0094,1.03228,1.04887,1.05961,1.06503,1.06575,1.06247
1.03896,1.03346,1.02519,1.01487,1.00319,0.990841,0.978483,0.966771,0.956368,0.947956,0.942258,0.940066,0.942268,0.949895,0.964186,0.986681,1.01937,1.06495,1.12723,1.21188,1.32764,1.48946,1.72865,2.08661,2.48855,2.65417,2.46476,2.11419,1.7746,1.49402,1.26826,1.08435,0.931465,0.801996,0.690708,0.593986,0.509294,0.434821,0.369262,0.311672,0.261372,0.217885,0.180896,0.150221,0.125796,0.107665,0.095983,0.0910226,0.0931924,0.103065,0.121417,0.149287,0.188054,0.239538,0.30612,0.390858,0.497524,0.630339,0.792806,0.983995,1.19045,1.37921,1.5074,1.54812,1.5045,1.39906,1.25628,1.09376,0.921632,0.745001,0.566712,0.389762,0.219447,0.0647271,-0.0624412,-0.150592,-0.193442,-0.192366,-0.15495,-0.0913542,-0.011156,0.0781331,0.171227,0.264619,0.356042,0.444015,0.527536,0.605886,0.678512,0.744971,0.8049,0.858022,0.904148,0.943204,0.975238,1.00043,1.01911,1.03171,1.03879,1.04098,1.03896,1.03346
1.00895,1.00127,0.991328,0.979783,0.967262,0.954361,0.941649,0.929681,0.91901,0.910202,0.903856,0.900621,0.90123,0.906527,0.917521,0.935458,0.961923,0.999018,1.04964,1.11795,1.2102,1.33616,1.51364,1.77519,2.12964,2.43925,2.48382,2.26671,1.95847,1.66895,1.42614,1.22658,1.06114,0.921883,0.802953,0.700187,0.61063,0.532167,0.463269,0.402828,0.350042,0.304345,0.265358,0.232853,0.206741,0.187055,0.173961,0.167763,0.168925,0.178112,0.196239,0.224555,0.264753,0.319121,0.39075,0.48376,0.603465,0.756137,0.947106,1.17284,1.40478,1.58565,1.66358,1.63016,1.51416,1.35137,1.1671,0.974671,0.779667,0.584062,0.389369,0.199311,0.0220545,-0.129349,-0.24016,-0.300147,-0.308385,-0.272791,-0.205578,-0.118672,-0.021381,0.0799155,0.181154,0.279831,0.374403,0.46388,0.547585,0.625016,0.695772,0.759536,0.81606,0.865197,0.906898,0.94125,0.968466,0.9889,1.00303,1.01142,1.01474,1.01368,1.00895,1.00127
0.975809,0.966115,0.954646,0.941997,0.928719,0.915326,0.902303,0.890114,0.879221,0.870092,0.863222,0.859148,0.858473,0.861894,0.870237,0.884519,0.906017,0.9364,0.977914,1.03371,1.10837,1.20877,1.34603,1.54043,1.81576,2.1355,2.33916,2.29929,2.08214,1.81649,1.5705,1.36087,1.18522,1.03729,0.911347,0.802965,0.708895,0.626769,0.55486,0.491906,0.436994,0.389472,0.348899,0.315007,0.287679,0.266945,0.252981,0.246124,0.246903,0.256085,0.274748,0.304389,0.347085,0.405728,0.484355,0.588589,0.726059,0.906454,1.13782,1.40733,1.6532,1.78837,1.77653,1.65042,1.46318,1.25243,1.0363,0.820961,0.607235,0.394786,0.18526,-0.0147518,-0.191889,-0.328196,-0.408483,-0.428228,-0.39514,-0.323821,-0.22917,-0.122767,-0.0123184,0.0974939,0.203949,0.305476,0.40114,0.490336,0.57263,0.647684,0.715228,0.775062,0.827069,0.871246,0.907706,0.936711,0.958646,0.974026,0.983462,0.987637,0.987269,0.983088,0.975809,0.966115
0.93973,0.92826,0.915468,0.90188,0.887971,0.87418,0.860911,0.848554,0.837489,0.828105,0.820811,0.816051,0.814325,0.816208,0.822386,0.83369,0.851165,0.876151,0.910426,0.956425,1.0176,1.09897,1.20814,1.35777,1.56706,1.83877,2.09688,2.20349,2.11497,1.91326,1.68722,1.47879,1.2984,1.14461,1.01327,0.900312,0.802481,0.717293,0.64289,0.577902,0.521324,0.472436,0.430745,0.39595,0.367917,0.346674,0.332416,0.325524,0.326602,0.33654,0.35661,0.388615,0.435121,0.499812,0.588043,0.707623,0.869851,1.09076,1.38073,1.69614,1.91512,1.94535,1.81226,1.59493,1.35131,1.10698,0.868774,0.635865,0.405613,0.177086,-0.0454866,-0.24946,-0.414109,-0.518333,-0.552316,-0.522644,-0.446637,-0.34299,-0.226179,-0.105512,0.0136548,0.128422,0.237255,0.339321,0.434127,0.521336,0.600687,0.67197,0.735032,0.789802,0.836311,0.874719,0.905321,0.928556,0.944975,0.955232,0.960047,0.960167,0.956343,0.949302,0.93973,0.92826
0.90098,0.888017,0.87414,0.859803,0.84541,0.831327,0.817891,0.805423,0.794239,0.784658,0.777019,0.771691,0.769089,0.769693,0.77407,0.782911,0.797074,0.817651,0.846072,0.884255,0.934856,1.00165,1.09013,1.20874,1.3706,1.58706,1.83311,2.01685,2.04921,1.93958,1.7603,1.56965,1.39363,1.23906,1.1053,0.98967,0.889394,0.802126,0.72602,0.659671,0.602033,0.552347,0.510092,0.474947,0.446775,0.425615,0.411693,0.405447,0.407577,0.419125,0.441606,0.477215,0.529156,0.602196,0.703593,0.844403,1.04246,1.3267,1.69802,2.0286,2.13602,2.00534,1.75106,1.46583,1.18735,0.923047,0.669598,0.421422,0.174513,-0.070009,-0.301413,-0.497123,-0.629418,-0.68105,-0.656023,-0.574649,-0.460496,-0.331762,-0.199692,-0.0703489,0.053261,0.169723,0.278377,0.378888,0.471045,0.554683,0.629662,0.695884,0.753321,0.80205,0.842271,0.874327,0.898697,0.915988,0.926895,0.93218,0.932626,0.929011,0.922079,0.912524,0.90098,0.888017
0.85989,0.845734,0.831021,0.816131,0.801402,0.787136,0.773611,0.761091,0.749834,0.740105,0.732185,0.72638,0.723036,0.722554,0.72541,0.732178,0.743572,0.760492,0.7841,0.815935,0.858087,0.913459,0.986161,1.08217,1.21044,1.38142,1.59155,1.79341,1.90625,1.89034,1.77753,1.62266,1.463,1.31499,1.18335,1.06798,0.967273,0.879392,0.802717,0.735934,0.678031,0.628262,0.586109,0.55126,0.523595,0.503181,0.490293,0.48545,0.489477,0.503611,0.529682,0.570396,0.629822,0.714276,0.833854,1.00446,1.25863,1.64783,2.10269,2.34164,2.23642,1.93777,1.59889,1.27829,0.983776,0.708095,0.441778,0.177211,-0.0882548,-0.347073,-0.576257,-0.74123,-0.814778,-0.796078,-0.708551,-0.582063,-0.439639,-0.29486,-0.154497,-0.0215407,0.102832,0.218217,0.324491,0.421604,0.509504,0.588131,0.657449,0.717476,0.768331,0.81026,0.843651,0.869036,0.887068,0.898497,0.904124,0.904776,0.901258,0.894339,0.884723,0.873052,0.85989,0.845734
0.816826,0.801775,0.786463,0.771206,0.75628,0.741934,0.728393,0.715872,0.704585,0.694749,0.686596,0.680382,0.676397,0.674978,0.676524,0.68152,0.690562,0.704398,0.723987,0.750582,0.785856,0.832089,0.89244,0.971345,1.07513,1.21182,1.38462,1.57297,1.72215,1.77849,1.73635,1.63059,1.49947,1.36675,1.24309,1.13193,1.03353,0.947036,0.871316,0.805317,0.748168,0.699203,0.657959,0.624168,0.597753,0.578839,0.567776,0.565193,0.57208,0.589934,0.620998,0.668677,0.738235,0.838397,0.983214,1.19712,1.55293,2.10314,2.54145,2.51213,2.16389,1.75455,1.38098,1.05102,0.75103,0.46625,0.184808,-0.100245,-0.385775,-0.650313,-0.852959,-0.953747,-0.943698,-0.849123,-0.708077,-0.549901,-0.39099,-0.23876,-0.0960013,0.0365015,0.158704,0.270756,0.372802,0.46492,0.547144,0.619496,0.682046,0.734955,0.778513,0.813155,0.839464,0.858146,0.870001,0.875883,0.876653,0.873158,0.866186,0.856459,0.844625,0.831251,0.816826,0.801775
0.772169,0.756497,0.740803,0.725345,0.710346,0.696008,0.682512,0.670035,0.658749,0.648835,0.640485,0.633913,0.629363,0.627119,0.627519,0.630973,0.637984,0.649181,0.665362,0.687562,0.717143,0.755931,0.806407,0.871973,0.957296,1.06836,1.20965,1.37372,1.5286,1.62778,1.64547,1.59281,1.4991,1.38997,1.28067,1.17834,1.08561,1.00299,0.930129,0.866429,0.811286,0.764201,0.724828,0.692988,0.668687,0.652138,0.643803,0.644462,0.655328,0.678244,0.716023,0.773018,0.856275,0.978551,1.15739,1.44504,2.00545,2.69035,2.83464,2.44187,1.93861,1.49705,1.12491,0.7981,0.494413,0.196911,-0.106091,-0.416904,-0.717889,-0.963409,-1.09804,-1.09987,-0.997258,-0.838931,-0.662595,-0.488015,-0.323096,-0.170155,-0.0293817,0.0996564,0.21745,0.32437,0.420645,0.506404,0.581735,0.646756,0.701667,0.746801,0.78264,0.809816,0.82909,0.841315,0.847394,0.848236,0.844715,0.837655,0.82779,0.81578,0.802194,0.787519,0.772169,0.756497
0.726288,0.710237,0.694349,0.67883,0.663861,0.649603,0.636202,0.6238,0.612539,0.602567,0.594044,0.587149,0.582088,0.579103,0.578481,0.580571,0.585801,0.594704,0.607953,0.626411,0.651205,0.683824,0.726259,0.781187,0.852181,0.943768,1.0601,1.19939,1.34437,1.46161,1.52083,1.51584,1.46257,1.38287,1.29361,1.2048,1.12137,1.04543,0.977631,0.918,0.866328,0.822381,0.785996,0.757139,0.735942,0.72275,0.718181,0.723222,0.739388,0.768991,0.815656,0.884962,0.987386,1.1405,1.36359,1.82714,2.71612,3.18961,2.78893,2.15963,1.62874,1.2057,0.849025,0.525869,0.213114,-0.105989,-0.439949,-0.777414,-1.0709,-1.24744,-1.26571,-1.15399,-0.975021,-0.777704,-0.585824,-0.407455,-0.244054,-0.0949688,0.0408449,0.164285,0.275984,0.376333,0.465563,0.543825,0.61128,0.668166,0.714854,0.751867,0.779889,0.799733,0.812305,0.81856,0.819451,0.815892,0.808729,0.798726,0.786544,0.772762,0.757864,0.742259,0.726288,0.710237
0.679525,0.663299,0.647371,0.631906,0.617047,0.602922,0.58965,0.577345,0.566122,0.556102,0.547419,0.540223,0.53469,0.531025,0.529475,0.530339,0.533983,0.540862,0.55155,0.566778,0.587489,0.614919,0.650698,0.696981,0.75659,0.833045,0.929859,1.04746,1.17695,1.29639,1.37922,1.41083,1.39514,1.34694,1.28157,1.21018,1.13949,1.07307,1.01266,0.959022,0.912444,0.873039,0.840899,0.81619,0.799221,0.79052,0.790915,0.801676,0.824722,0.863058,0.921349,1.00705,1.1385,1.32562,1.64008,2.55165,3.5213,3.22632,2.43058,1.77931,1.29377,0.903572,0.560249,0.233021,-0.100218,-0.454551,-0.827225,-1.17318,-1.40133,-1.44239,-1.32053,-1.11674,-0.895139,-0.684253,-0.491776,-0.317773,-0.160451,-0.0180102,0.110921,0.227264,0.331586,0.424219,0.505373,0.575246,0.634108,0.682359,0.720563,0.749446,0.769875,0.782808,0.789251,0.790202,0.786615,0.779367,0.769237,0.756909,0.742958,0.727876,0.712065,0.695856,0.679525,0.663299
0.632183,0.615947,0.6001,0.584774,0.570083,0.55613,0.543008,0.530809,0.519627,0.509561,0.500722,0.493238,0.487257,0.482955,0.480547,0.480289,0.482498,0.487567,0.495988,0.508389,0.525571,0.548575,0.578763,0.617909,0.668305,0.732767,0.81422,0.913896,1.02737,1.14082,1.23382,1.28986,1.30502,1.28667,1.2465,1.19505,1.13982,1.08546,1.03467,0.98895,0.949148,0.915778,0.889242,0.869959,0.858472,0.855545,0.862291,0.880355,0.912223,0.961966,1.03502,1.14542,1.31707,1.52365,2.21407,3.70305,3.77126,2.77157,1.95353,1.38977,0.961572,0.597232,0.256257,-0.0891222,-0.460555,-0.865693,-1.26738,-1.55839,-1.63121,-1.49834,-1.2645,-1.01471,-0.783078,-0.575992,-0.391412,-0.226062,-0.0772375,0.0569643,0.177778,0.285953,0.381917,0.465937,0.538238,0.599108,0.648971,0.68842,0.718223,0.739292,0.752637,0.759315,0.760371,0.756795,0.749496,0.739279,0.726838,0.712763,0.697542,0.681578,0.665196,0.648659,0.632183,0.615947
0.584522,0.568402,0.552725,0.537597,0.523112,0.509351,0.496388,0.484297,0.47315,0.463031,0.454032,0.44626,0.439844,0.434936,0.431719,0.430419,0.431311,0.434738,0.441128,0.451023,0.465116,0.4843,0.509733,0.54291,0.585738,0.64054,0.709776,0.794917,0.893898,0.998143,1.09287,1.16311,1.20108,1.20835,1.19232,1.16163,1.12351,1.08312,1.04384,1.00782,0.976417,0.950583,0.931061,0.918572,0.913941,0.918235,0.932948,0.960201,1.00347,1.06772,1.1602,1.31551,1.49675,1.84916,3.55985,4.40687,3.21368,2.15879,1.49475,1.02297,0.636565,0.282482,-0.073098,-0.458042,-0.891384,-1.35001,-1.71633,-1.83342,-1.68922,-1.4187,-1.13613,-0.882015,-0.660034,-0.465099,-0.292073,-0.137211,0.00197279,0.127043,0.23893,0.338157,0.425032,0.499795,0.562743,0.614308,0.655104,0.685929,0.707738,0.721589,0.728587,0.729822,0.726326,0.719038,0.708788,0.696287,0.682137,0.666831,0.65077,0.634279,0.617611,0.60097,0.584522,0.568402
0.536754,0.52084,0.505392,0.490499,0.476239,0.462678,0.449873,0.437879,0.426756,0.41657,0.407399,0.399334,0.392486,0.386987,0.382998,0.380716,0.380384,0.382301,0.386847,0.394496,0.405857,0.421709,0.443055,0.471186,0.507729,0.554658,0.614081,0.687503,0.77412,0.868617,0.96058,1.03769,1.09111,1.11872,1.12408,1.1134,1.09288,1.06758,1.0412,1.01634,0.994798,0.977931,0.966837,0.962568,0.966284,0.979443,1.00399,1.04284,1.10097,1.18182,1.31272,1.51365,1.6301,3.02141,5.01341,3.80213,2.40689,1.61039,1.0879,0.678091,0.311408,-0.0525736,-0.447348,-0.903265,-1.41709,-1.87151,-2.05012,-1.89546,-1.57978,-1.25893,-0.98071,-0.743828,-0.538986,-0.358789,-0.198341,-0.0545352,0.074532,0.18997,0.292388,0.382122,0.459413,0.524548,0.577952,0.620245,0.652246,0.674943,0.689438,0.696881,0.698408,0.69509,0.6879,0.677693,0.665201,0.651036,0.635701,0.619604,0.603063,0.586335,0.569612,0.553042,0.536754,0.52084
0.489045,0.473396,0.458207,0.443565,0.429536,0.416171,0.403513,0.391601,0.380482,0.37021,0.360849,0.352478,0.345194,0.339111,0.334373,0.331153,0.329667,0.330182,0.333036,0.338653,0.347574,0.360494,0.378301,0.402133,0.433419,0.47388,0.525375,0.589367,0.66575,0.751225,0.838499,0.917896,0.981019,1.02383,1.04707,1.05455,1.05109,1.0412,1.02852,1.01589,1.00543,0.998822,0.997525,1.00294,1.01662,1.0405,1.07711,1.13113,1.20619,1.31328,1.52248,1.603,2.29296,5.30349,4.58857,2.71724,1.73946,1.15675,0.721782,0.342811,-0.0279897,-0.429055,-0.900908,-1.46454,-2.01846,-2.28185,-2.11998,-1.74825,-1.38251,-1.07873,-0.8273,-0.613237,-0.426536,-0.261061,-0.113068,0.019687,0.138488,0.244019,0.336629,0.416543,0.484015,0.539445,0.58344,0.616825,0.640611,0.655937,0.663994,0.665964,0.662957,0.65598,0.645915,0.633517,0.619411,0.604113,0.588036,0.571507,0.554777,0.538041,0.521442,0.505075,0.489045,0.473396
0.441523,0.426166,0.411242,0.396848,0.383045,0.369866,0.357337,0.345486,0.334346,0.323961,0.314387,0.305692,0.297959,0.291293,0.285819,0.281692,0.279108,0.278308,0.279596,0.283359,0.290087,0.300411,0.315137,0.335295,0.362172,0.397312,0.442394,0.498834,0.566919,0.644612,0.726778,0.805958,0.874784,0.928526,0.966106,0.989385,1.00174,1.00689,1.00817,1.00843,1.00998,1.01478,1.02459,1.0412,1.06665,1.10334,1.15532,1.22791,1.32073,1.50818,1.67682,1.73491,4.94569,5.58071,3.12195,1.88646,1.23033,0.767786,0.376554,0.000220473,-0.403951,-0.884644,-1.48868,-2.14953,-2.52789,-2.36661,-1.92476,-1.50603,-1.17559,-0.910366,-0.688016,-0.49563,-0.3258,-0.174139,-0.0380651,0.0838737,0.192424,0.287935,0.37059,0.440589,0.498282,0.544241,0.579277,0.60441,0.620806,0.629696,0.632301,0.629774,0.623158,0.613363,0.601165,0.587211,0.572025,0.556033,0.539569,0.522892,0.506198,0.489629,0.47329,0.457221,0.441523,0.426166
0.394281,0.379208,0.364529,0.350371,0.336782,0.323774,0.311354,0.299536,0.288345,0.277818,0.268002,0.258958,0.250761,0.243504,0.237299,0.232289,0.228651,0.226606,0.226436,0.228496,0.233244,0.241265,0.253308,0.270329,0.293518,0.324302,0.364238,0.414695,0.476197,0.547508,0.624961,0.702818,0.774856,0.836343,0.885191,0.921853,0.948452,0.967834,0.982919,0.996392,1.01064,1.02783,1.05003,1.07946,1.1186,1.17097,1.2428,1.33147,1.48431,1.74045,1.53444,3.94495,6.61509,3.67199,2.05884,1.31004,0.816476,0.412601,0.0316496,-0.372978,-0.855627,-1.48703,-2.25494,-2.78515,-2.64032,-2.11026,-1.62842,-1.27068,-0.992925,-0.763458,-0.566353,-0.392954,-0.238239,-0.0992887,0.0255093,0.136957,0.235384,0.320913,0.393666,0.453909,0.502152,0.539168,0.565968,0.583732,0.593724,0.597204,0.595367,0.589293,0.579924,0.568063,0.554372,0.539394,0.523563,0.507224,0.490646,0.474034,0.457541,0.441269,0.425291,0.409584,0.394281,0.379208
0.347392,0.332542,0.318066,0.304129,0.290745,0.277892,0.265556,0.253739,0.242462,0.231757,0.221667,0.212247,0.203564,0.195704,0.188769,0.182892,0.178235,0.175008,0.173473,0.173968,0.176928,0.182909,0.192626,0.20699,0.227134,0.254408,0.290291,0.336118,0.392556,0.458883,0.532433,0.608747,0.682646,0.749729,0.807457,0.855364,0.894597,0.927228,0.955694,0.982467,1.00994,1.04042,1.07634,1.12033,1.17563,1.24833,1.33863,1.465,1.74805,1.60444,2.77752,7.261,4.43531,2.26909,1.39811,0.868511,0.451041,0.0659346,-0.337154,-0.815745,-1.45913,-2.32348,-3.04626,-2.94749,-2.30635,-1.74831,-1.36337,-1.07484,-0.839629,-0.638905,-0.462842,-0.305793,-0.164505,-0.0372044,0.0769611,0.178292,0.26683,0.342584,0.40571,0.456615,0.496005,0.524858,0.544352,0.555773,0.560418,0.559525,0.554213,0.545462,0.5341,0.520814,0.506161,0.490588,0.474451,0.458028,0.441536,0.425141,0.408962,0.393075,0.377527,0.362227,0.347392,0.332542
0.300921,0.28614,0.271815,0.2581,0.244922,0.232208,0.219925,0.208072,0.196669,0.185746,0.175345,0.165516,0.156324,0.147846,0.140179,0.133445,0.127802,0.123447,0.120635,0.119693,0.121045,0.125235,0.132964,0.145122,0.162814,0.187352,0.220167,0.262569,0.315312,0.378004,0.448655,0.523738,0.598946,0.670333,0.735254,0.792715,0.843174,0.888083,0.929448,0.969521,1.01068,1.05542,1.10652,1.16717,1.24282,1.33693,1.45206,1.71317,1.7538,1.95062,7.06565,5.44958,2.53753,1.49791,0.92488,0.492098,0.102774,-0.297503,-0.767396,-1.40706,-2.3444,-3.29717,-3.29568,-2.51581,-1.86398,-1.4529,-1.15594,-0.916483,-0.71335,-0.53565,-0.377113,-0.234148,-0.104809,0.0118079,0.11597,0.207619,0.286628,0.352997,0.406997,0.449223,0.480586,0.502241,0.515482,0.52164,0.521994,0.517707,0.5098,0.499135,0.486424,0.472244,0.457055,0.441222,0.425033,0.408713,0.39244,0.376353,0.360552,0.345102,0.330028,0.315178,0.300921,0.28614
0.254928,0.239894,0.225706,0.212258,0.199301,0.186707,0.174439,0.162502,0.150924,0.139738,0.128986,0.118717,0.108989,0.0998771,0.0914732,0.0838956,0.0772958,0.0718687,0.0678665,0.0656157,0.0655398,0.0681865,0.0742603,0.084654,0.100471,0.12301,0.153679,0.193771,0.244081,0.304424,0.373262,0.447738,0.524243,0.599302,0.670361,0.736178,0.79678,0.853181,0.907056,0.960498,1.01592,1.07606,1.14412,1.22496,1.32381,1.43921,1.66431,1.85606,1.60866,6.04909,6.5956,2.89475,1.61417,0.986923,0.536145,0.141944,-0.254989,-0.71316,-1.3355,-2.3106,-3.51474,-3.69243,-2.74377,-1.97331,-1.53848,-1.23595,-0.993804,-0.789557,-0.611368,-0.45233,-0.308495,-0.177731,-0.0590638,0.0477484,0.142543,0.225027,0.295012,0.352577,0.398162,0.432568,0.456893,0.47242,0.480504,0.482465,0.479515,0.47272,0.462983,0.451049,0.437519,0.42287,0.407477,0.391636,0.375577,0.359484,0.343505,0.327762,0.312353,0.297349,0.282764,0.268431,0.254928,0.239894
0.209425,0.193562,0.17967,0.166608,0.153891,0.141379,0.129066,0.116985,0.105176,0.0936793,0.0825352,0.0717909,0.0615028,0.0517419,0.0425987,0.0341902,0.0266678,0.0202287,0.0151297,0.0117058,0.0103928,0.0117559,0.0165209,0.0256038,0.0401276,0.0614006,0.0908209,0.129663,0.178733,0.237958,0.306095,0.380767,0.458913,0.537496,0.614162,0.687615,0.757663,0.825061,0.891289,0.958389,1.02891,1.10595,1.1939,1.29851,1.41985,1.6173,1.88231,1.59911,4.73207,7.51619,3.38013,1.75368,1.05634,0.583692,0.18331,-0.210465,-0.655479,-1.25088,-2.22219,-3.66638,-4.14163,-2.99953,-2.07378,-1.61918,-1.31455,-1.07115,-0.867132,-0.689717,-0.531311,-0.387591,-0.256205,-0.136076,-0.0269609,0.0708804,0.15698,0.23092,0.292539,0.342058,0.380112,0.407698,0.426061,0.436562,0.440558,0.439313,0.433946,0.42541,0.414488,0.401814,0.38789,0.373104,0.357762,0.342098,0.326294,0.310499,0.294838,0.279425,0.264365,0.249757,0.235633,0.221935,0.209425,0.193562
0.164153,0.146738,0.133752,0.12124,0.10873,0.0962168,0.0837747,0.0714749,0.0593727,0.047512,0.0359333,0.0246812,0.0138097,0.00338842,-0.00649189,-0.0157121,-0.0241157,-0.0314971,-0.0375865,-0.0420307,-0.0443688,-0.0440035,-0.0401708,-0.031913,-0.0180697,0.00269023,0.0317623,0.0703943,0.11937,0.178664,0.247213,0.322982,0.403339,0.485649,0.567812,0.648612,0.727811,0.806074,0.884846,0.966268,1.05319,1.14962,1.26112,1.39036,1.57374,1.85472,1.71256,3.63258,7.8164,4.01613,1.92636,1.13529,0.635386,0.226834,-0.164639,-0.596428,-1.15999,-2.08872,-3.71499,-4.63554,-3.2996,-2.16256,-1.69395,-1.39132,-1.14783,-0.945363,-0.770074,-0.613576,-0.471146,-0.340171,-0.219415,-0.108585,-0.00800259,0.0816943,0.159836,0.225967,0.280021,0.322394,0.353921,0.375762,0.389261,0.395801,0.396699,0.393135,0.386117,0.376482,0.364905,0.351916,0.337931,0.323268,0.308168,0.292817,0.277354,0.261894,0.246539,0.231392,0.216571,0.202218,0.188447,0.175499,0.164153,0.146738
0.117938,0.0991261,0.0884113,0.0764,0.0638243,0.0511108,0.0384269,0.0258443,0.013406,0.00114766,-0.0108943,-0.0226773,-0.0341471,-0.0452326,-0.0558391,-0.0658408,-0.0750706,-0.0833072,-0.0902591,-0.0955435,-0.0986612,-0.0989676,-0.095644,-0.0876751,-0.0738502,-0.0528086,-0.0231601,0.0163009,0.0663045,0.126816,0.196877,0.274693,0.357985,0.444478,0.532366,0.620613,0.709075,0.798495,0.89046,0.987421,1.09296,1.21224,1.34984,1.52945,1.80148,1.81937,2.93977,7.411,4.74641,2.14471,1.22633,0.691977,0.272567,-0.118048,-0.537611,-1.06864,-1.92769,-3.63193,-5.14114,-3.67134,-2.23721,-1.76136,-1.46583,-1.22283,-1.02319,-0.85142,-0.698214,-0.558435,-0.429155,-0.308905,-0.197267,-0.0945563,-0.00153883,0.0808651,0.151864,0.211031,0.258437,0.294668,0.320733,0.337916,0.347608,0.351174,0.349857,0.344737,0.336711,0.326505,0.314695,0.301726,0.287941,0.273597,0.258888,0.243955,0.2289,0.213803,0.198731,0.183761,0.169003,0.154632,0.140906,0.128441,0.117938,0.0991261
0.0678667,0.0517478,0.0448332,0.0328024,0.0196045,0.00629822,-0.0068769,-0.0198916,-0.0327536,-0.0454624,-0.058001,-0.070335,-0.0824115,-0.0941558,-0.105466,-0.116204,-0.126185,-0.135165,-0.142819,-0.148724,-0.152329,-0.152925,-0.149624,-0.14134,-0.126806,-0.104632,-0.0734454,-0.0321066,0.0200293,0.0828765,0.155526,0.236368,0.323419,0.414747,0.50887,0.605017,0.703273,0.804627,0.911032,1.02562,1.15305,1.29892,1.48051,1.73931,1.87674,2.58601,6.5647,5.40577,2.41915,1.3322,0.754227,0.320623,-0.0710611,-0.480153,-0.980853,-1.75917,-3.41524,-5.58456,-4.15494,-2.29767,-1.81916,-1.53774,-1.2949,-1.0992,-0.932321,-0.783829,-0.648204,-0.522142,-0.40386,-0.292708,-0.188891,-0.0932159,-0.00680708,0.0692001,0.133953,0.187094,0.228854,0.259995,0.281671,0.295244,0.30211,0.303581,0.300812,0.294777,0.286268,0.275913,0.264203,0.251512,0.238126,0.224255,0.210053,0.195629,0.181053,0.166369,0.151597,0.136753,0.121879,0.107099,0.0926868,0.0791076,0.0678667,0.0517478
0.0314061,0.0126471,-0.00037204,-0.0130314,-0.0260652,-0.0393447,-0.0526878,-0.0660006,-0.0792455,-0.0924017,-0.105444,-0.118335,-0.131014,-0.143398,-0.155372,-0.16678,-0.177411,-0.186987,-0.195142,-0.201395,-0.20513,-0.20556,-0.201715,-0.19243,-0.17638,-0.152159,-0.118434,-0.0741587,-0.0188044,0.0474624,0.123751,0.208606,0.300315,0.397292,0.498413,0.603262,0.712292,0.826946,0.949867,1.08525,1.239,1.42503,1.67432,1.88691,2.42874,5.62312,5.80157,2.74666,1.45552,0.822775,0.371113,-0.0239035,-0.424749,-0.898859,-1.59932,-3.10052,-5.84845,-4.79653,-2.35151,-1.86329,-1.60697,-1.36264,-1.1717,-1.01096,-0.868533,-0.738611,-0.617465,-0.502913,-0.393961,-0.29056,-0.193416,-0.103745,-0.0229768,0.0475828,0.107056,0.155179,0.192338,0.21945,0.237776,0.248713,0.253631,0.25377,0.250192,0.243769,0.235199,0.225027,0.213672,0.201456,0.188616,0.175331,0.161729,0.147896,0.133886,0.119718,0.105373,0.0907867,0.0758531,0.0604524,0.0445033,0.027796,0.020163,0.0314061
-0.0314155,-0.0313957,-0.0464653,-0.059611,-0.0725646,-0.0857269,-0.0990976,-0.1126,-0.126164,-0.139738,-0.15327,-0.166704,-0.179965,-0.192951,-0.205527,-0.217508,-0.228651,-0.238632,-0.247028,-0.253291,-0.25672,-0.25644,-0.251389,-0.240321,-0.221865,-0.194619,-0.157321,-0.109049,-0.0494175,0.0213125,0.102261,0.19212,0.289455,0.393045,0.502184,0.616914,0.73823,0.868315,1.0109,1.17181,1.36293,1.60743,1.86396,2.35439,4.80057,5.843,3.0966,1.59789,0.898031,0.424097,0.0233018,-0.371743,-0.823538,-1.45671,-2.74981,-5.80801,-5.61921,-2.4251,-1.88633,-1.67385,-1.42469,-1.23884,-1.08525,-0.950011,-0.827243,-0.712751,-0.603893,-0.499225,-0.398293,-0.301508,-0.209989,-0.125317,-0.0491973,0.0169157,0.0721321,0.116284,0.149896,0.174012,0.18996,0.199142,0.202881,0.202338,0.198483,0.192098,0.1838,0.174067,0.163262,0.151662,0.139475,0.126853,0.113911,0.100728,0.0873607,0.0738415,0.0601769,0.0463308,0.0321932,0.0175597,0.00231018,-0.0123676,-0.0314155,-0.0314155
