-0.0627906,0.0133575,0.0814631,0.145098,0.20771,0.270189,0.332704,0.395235,0.457691,0.519928,0.581726,0.642783,0.702686,0.760896,0.81673,0.869339,0.917701,0.960621,0.996745,1.0246,1.04262,1.04929,1.04316,1.02298,0.987766,0.936863,0.869945,0.786992,0.68823,0.574037,0.444851,0.301069,0.142979,-0.029295,-0.215782,-0.416587,-0.631666,-0.860344,-1.10036,-1.34611,-1.58593,-1.79905,-1.95536,-2.0225,-1.97982,-1.82938,-1.59351,-1.30196,-0.98016,-0.644734,-0.30449,0.0366867,0.377023,0.714377,1.04372,1.35431,1.62726,1.83588,1.9523,1.96009,1.8645,1.69047,1.47002,1.2302,0.988657,0.754963,0.533607,0.326359,0.133719,-0.0442931,-0.207759,-0.356683,-0.490942,-0.610296,-0.714442,-0.803093,-0.876058,-0.933332,-0.975161,-1.00208,-1.01492,-1.01477,-1.00293,-0.98082,-0.94992,-0.911664,-0.8674,-0.818344,-0.765556,-0.709936,-0.652228,-0.593029,-0.532813,-0.471945,-0.41071,-0.349349,-0.288111,-0.227362,-0.16773,-0.11047,-0.0627812,0.0627999
-0.0302563,0.0326769,0.0986506,0.162564,0.225286,0.287489,0.349442,0.411187,0.472645,0.533648,0.593942,0.65318,0.710899,0.766508,0.81927,0.868289,0.912508,0.950714,0.98156,1.00361,1.01539,1.01549,1.0026,0.975625,0.933745,0.876423,0.803414,0.714723,0.610539,0.491151,0.356861,0.20791,0.0444199,-0.133614,-0.326272,-0.533536,-0.754904,-0.988608,-1.23016,-1.46998,-1.69042,-1.86444,-1.96002,-1.95221,-1.83578,-1.62716,-1.35422,-1.04363,-0.714291,-0.376942,-0.0366073,0.30457,0.644817,0.980248,1.30205,1.5936,1.82947,1.9799,2.02257,1.95542,1.79909,1.58597,1.34615,1.1004,0.860399,0.631735,0.416672,0.215886,0.0294207,-0.142828,-0.30089,-0.44464,-0.573791,-0.687945,-0.786665,-0.869572,-0.936441,-0.987292,-1.02245,-1.04257,-1.04865,-1.04192,-1.02383,-0.995917,-0.959733,-0.916756,-0.868341,-0.815686,-0.759815,-0.701579,-0.641667,-0.580622,-0.518862,-0.456692,-0.394326,-0.331892,-0.269445,-0.207018,-0.144908,-0.0849772,-0.0302563,0.0326769
-0.00948642,0.0529187,0.116934,0.180239,0.24274,0.304635,0.366068,0.427057,0.48751,0.547237,0.60595,0.663257,0.718645,0.771472,0.820947,0.866132,0.905938,0.939141,0.964414,0.980372,0.985636,0.978904,0.959021,0.925047,0.876292,0.81233,0.732979,0.638255,0.5283,0.403311,0.263464,0.108863,-0.0604883,-0.244649,-0.443609,-0.656975,-0.883333,-1.11905,-1.35623,-1.58002,-1.76663,-1.88569,-1.90981,-1.82742,-1.6484,-1.39726,-1.10089,-0.780077,-0.447536,-0.109665,0.230769,0.572094,0.911309,1.24135,1.54802,1.80797,1.9911,2.07042,2.03625,1.90314,1.7021,1.46564,1.21786,0.972944,0.737932,0.515762,0.307377,0.112881,-0.0678497,-0.234887,-0.388126,-0.527261,-0.651819,-0.761229,-0.854915,-0.932412,-0.993471,-1.03815,-1.06687,-1.08044,-1.08,-1.06695,-1.04288,-1.00945,-0.968253,-0.920816,-0.868492,-0.812454,-0.753686,-0.69299,-0.631006,-0.568228,-0.505028,-0.44168,-0.378378,-0.315261,-0.252439,-0.190031,-0.128288,-0.0678721,-0.00948642,0.0529187
0.0104866,0.072653,0.13561,0.198265,0.260342,0.321801,0.382648,0.442834,0.502226,0.560597,0.617618,0.672848,0.725725,0.77555,0.821488,0.862558,0.897648,0.925537,0.944927,0.9545,0.952974,0.939175,0.912093,0.87093,0.815121,0.744333,0.658428,0.557418,0.441392,0.310458,0.164685,0.0040758,-0.171414,-0.36177,-0.566668,-0.784948,-1.01362,-1.24616,-1.47009,-1.66481,-1.80238,-1.85465,-1.80513,-1.65707,-1.43049,-1.15127,-0.841486,-0.515764,-0.182024,0.156106,0.496798,0.837652,1.17309,1.49131,1.77161,1.98487,2.10115,2.10363,1.99931,1.81578,1.58683,1.33982,1.09185,0.851768,0.623446,0.408225,0.206333,0.0176388,-0.157981,-0.32047,-0.469539,-0.604676,-0.725202,-0.830365,-0.91945,-0.991909,-1.04748,-1.08627,-1.10882,-1.11608,-1.10937,-1.09026,-1.06048,-1.02177,-0.975817,-0.924151,-0.868124,-0.80888,-0.747365,-0.684334,-0.620377,-0.555942,-0.491363,-0.426879,-0.362662,-0.29884,-0.235528,-0.172855,-0.110985,-0.0500316,0.0104866,0.072653
0.029954,0.0920663,0.154441,0.216546,0.278123,0.33904,0.399206,0.458498,0.51673,0.573624,0.628802,0.681771,0.731914,0.778484,0.820596,0.857239,0.887288,0.909534,0.922725,0.92562,0.917049,0.895968,0.861507,0.813002,0.75,0.672239,0.579613,0.472115,0.349782,0.212646,0.0606978,-0.106095,-0.287711,-0.483869,-0.693588,-0.914371,-1.14078,-1.36235,-1.56139,-1.71282,-1.78903,-1.77017,-1.65342,-1.45352,-1.19416,-0.89793,-0.581111,-0.253216,0.0810681,0.419511,0.760033,1.09825,1.42454,1.72108,1.9609,2.11288,2.15429,2.08391,1.9238,1.70731,1.46461,1.21596,0.972458,0.739214,0.518154,0.309721,0.113813,-0.0697469,-0.240976,-0.399642,-0.545241,-0.677036,-0.794133,-0.895587,-0.980544,-1.04837,-1.09881,-1.13202,-1.14867,-1.14989,-1.13717,-1.11225,-1.07699,-1.03325,-0.982744,-0.927041,-0.867478,-0.805171,-0.741024,-0.675747,-0.609884,-0.543843,-0.477919,-0.41232,-0.347195,-0.282648,-0.218765,-0.155618,-0.0932475,-0.0315559,0.029954,0.0920663
0.0491432,0.111279,0.173315,0.234966,0.296025,0.356323,0.415706,0.47399,0.530929,0.586188,0.639334,0.689819,0.73697,0.779991,0.817958,0.849836,0.874498,0.890765,0.897445,0.893388,0.877542,0.848995,0.807016,0.751059,0.680767,0.595934,0.496471,0.382349,0.25356,0.110083,-0.048108,-0.220985,-0.408287,-0.609167,-0.821505,-1.04073,-1.25803,-1.45831,-1.61944,-1.7153,-1.72415,-1.63806,-1.46622,-1.22908,-0.948855,-0.643062,-0.322771,0.00613132,0.340792,0.679182,1.01779,1.34889,1.65751,1.91957,2.1045,2.18543,2.15314,2.02241,1.82403,1.58995,1.34363,1.0988,0.862184,0.63653,0.422636,0.220493,0.0298887,-0.149285,-0.31689,-0.472488,-0.615346,-0.74449,-0.858797,-0.957126,-1.03847,-1.10212,-1.14781,-1.17578,-1.18684,-1.18229,-1.1638,-1.1333,-1.09279,-1.0442,-0.989332,-0.929747,-0.866778,-0.80151,-0.73481,-0.667342,-0.59961,-0.53198,-0.464712,-0.397984,-0.331915,-0.266583,-0.202035,-0.138289,-0.0753097,-0.0129445,0.0491432,0.111279
0.0681618,0.130359,0.192176,0.253436,0.313966,0.373578,0.432075,0.489217,0.544701,0.598133,0.649022,0.696761,0.740626,0.779772,0.813247,0.840002,0.858926,0.868882,0.868754,0.857498,0.834183,0.798033,0.748441,0.684972,0.607345,0.515399,0.40905,0.288255,0.152978,0.00319795,-0.161047,-0.33951,-0.531438,-0.735003,-0.946324,-1.15796,-1.35706,-1.52432,-1.63571,-1.66886,-1.61193,-1.46872,-1.25569,-0.993762,-0.701115,-0.390217,-0.0682326,0.261181,0.595799,0.932667,1.26561,1.58231,1.8619,2.07578,2.19499,2.2034,2.1075,1.93333,1.71296,1.47268,1.22914,0.99106,0.76233,0.544281,0.3371,0.140584,-0.0454626,-0.221025,-0.385783,-0.539081,-0.679947,-0.807161,-0.91936,-1.01519,-1.09349,-1.15346,-1.19483,-1.21793,-1.22371,-1.21366,-1.18966,-1.15379,-1.10822,-1.05496,-0.99586,-0.93251,-0.866225,-0.798065,-0.728855,-0.659222,-0.589627,-0.520399,-0.451763,-0.383868,-0.316804,-0.250619,-0.185327,-0.120908,-0.0572925,0.00566054,0.0681618,0.130359
0.0870644,0.14934,0.21099,0.271883,0.331858,0.39071,0.448205,0.504053,0.557893,0.609275,0.657645,0.702342,0.742592,0.777513,0.806128,0.827395,0.840232,0.843563,0.836363,0.8177,0.786773,0.742933,0.685691,0.614706,0.529762,0.43073,0.317536,0.190134,0.0485053,-0.1073,-0.277041,-0.460035,-0.654684,-0.857659,-1.06264,-1.2587,-1.42914,-1.55228,-1.60616,-1.57621,-1.46141,-1.27383,-1.03223,-0.754782,-0.455081,-0.141555,0.1812,0.510548,0.843804,1.17597,1.49705,1.78944,2.02742,2.18191,2.23169,2.17495,2.03102,1.8301,1.60033,1.3613,1.12411,0.894117,0.673446,0.462625,0.261539,0.0699351,-0.112304,-0.285015,-0.44769,-0.599454,-0.739092,-0.865126,-0.975942,-1.06996,-1.14584,-1.20268,-1.24021,-1.25884,-1.25968,-1.2444,-1.21511,-1.17408,-1.1236,-1.06581,-1.00259,-0.935551,-0.866005,-0.794984,-0.723278,-0.651474,-0.579997,-0.509139,-0.439093,-0.369979,-0.301859,-0.234755,-0.168655,-0.103518,-0.0392652,0.024219,0.0870644,0.14934
0.105875,0.168228,0.229723,0.290239,0.34961,0.40761,0.463969,0.518347,0.570327,0.619402,0.664961,0.706289,0.742569,0.772891,0.796273,0.81169,0.81811,0.814533,0.800039,0.773816,0.73519,0.683636,0.618771,0.540335,0.448166,0.342165,0.22228,0.0884967,-0.0591224,-0.220338,-0.394519,-0.580249,-0.774647,-0.972313,-1.16396,-1.3352,-1.46679,-1.53784,-1.53224,-1.44493,-1.28352,-1.06392,-0.80361,-0.516893,-0.213367,0.101357,0.424056,0.752057,1.08119,1.40338,1.70406,1.96087,2.14624,2.23601,2.22102,2.11274,1.9373,1.7232,1.49256,1.25911,1.03002,0.808506,0.595629,0.391487,0.195834,0.00844435,-0.170697,-0.341277,-0.502603,-0.653585,-0.792764,-0.918398,-1.0286,-1.12155,-1.1957,-1.25003,-1.28426,-1.29886,-1.29511,-1.2749,-1.24055,-1.19452,-1.13927,-1.07704,-1.00976,-0.939082,-0.866294,-0.792409,-0.718188,-0.644182,-0.570779,-0.498239,-0.426725,-0.356328,-0.287087,-0.219002,-0.152042,-0.086155,-0.0212642,0.0427192,0.105875,0.168228
0.124596,0.187011,0.248332,0.308431,0.367123,0.424155,0.479218,0.531923,0.581799,0.628281,0.670705,0.708311,0.740247,0.765591,0.783368,0.792592,0.792296,0.781576,0.759622,0.725749,0.679409,0.620189,0.547801,0.462057,0.362844,0.250105,0.123834,-0.0158943,-0.168836,-0.334402,-0.511321,-0.697078,-0.887037,-1.07328,-1.24346,-1.38067,-1.46558,-1.48143,-1.42009,-1.28495,-1.08861,-0.847186,-0.575192,-0.283199,0.022151,0.336918,0.658225,0.98241,1.30289,1.60779,1.87819,2.08911,2.21555,2.24277,2.17423,2.0301,1.83731,1.61963,1.39334,1.16774,0.947425,0.734264,0.528721,0.330666,0.139818,-0.0439942,-0.22068,-0.389787,-0.550452,-0.70138,-0.84087,-0.966911,-1.07733,-1.17001,-1.2432,-1.29572,-1.32723,-1.3383,-1.33035,-1.30551,-1.26631,-1.21545,-1.15553,-1.08892,-1.01762,-0.943302,-0.867255,-0.790474,-0.71369,-0.637424,-0.562031,-0.48774,-0.414686,-0.342935,-0.272504,-0.203376,-0.135509,-0.0688432,-0.00331123,0.0611536,0.124596,0.187011
0.143215,0.205663,0.266767,0.326379,0.38429,0.44021,0.49379,0.54459,0.592087,0.635661,0.674604,0.708116,0.735327,0.755314,0.767134,0.769855,0.762594,0.744553,0.715044,0.673507,0.619512,0.552753,0.473025,0.380209,0.274246,0.155141,0.0229845,-0.121976,-0.279181,-0.447478,-0.624655,-0.80671,-0.98687,-1.15457,-1.29508,-1.39081,-1.42517,-1.38784,-1.27849,-1.10622,-0.885157,-0.629527,-0.350582,-0.0559255,0.249704,0.563045,0.88067,1.1971,1.50269,1.78176,2.01251,2.17083,2.2385,2.21187,2.10401,1.93829,1.73868,1.52356,1.3045,1.08777,0.876302,0.671142,0.47242,0.279899,0.093302,-0.0874797,-0.262262,-0.430475,-0.591104,-0.742667,-0.883231,-1.0105,-1.122,-1.21532,-1.28839,-1.33988,-1.36936,-1.37745,-1.36574,-1.33658,-1.29275,-1.23719,-1.17269,-1.10173,-1.0264,-0.94841,-0.869052,-0.789309,-0.709888,-0.631281,-0.553813,-0.477685,-0.403006,-0.329821,-0.258128,-0.187896,-0.119074,-0.0516034,0.0145757,0.0795095,0.143215,0.205663
0.161706,0.224141,0.284961,0.343991,0.400988,0.455623,0.507504,0.556139,0.600954,0.641284,0.676379,0.705418,0.727525,0.741798,0.747341,0.743297,0.728884,0.703418,0.666337,0.617204,0.5557,0.481615,0.394826,0.295282,0.182999,0.0580816,-0.0792133,-0.22835,-0.388275,-0.557028,-0.731137,-0.904795,-1.06896,-1.21087,-1.31478,-1.36477,-1.3492,-1.26465,-1.11675,-0.917234,-0.679471,-0.415042,-0.132379,0.162961,0.467201,0.776916,1.08738,1.39072,1.6741,1.91905,2.10354,2.20795,2.22313,2.15495,2.02158,1.84543,1.64606,1.4371,1.22672,1.01917,0.816312,0.618725,0.426344,0.238882,0.0560868,-0.1221,-0.295424,-0.463224,-0.624364,-0.777195,-0.919566,-1.04891,-1.16241,-1.25731,-1.33123,-1.38258,-1.41081,-1.41656,-1.40157,-1.36843,-1.3202,-1.26007,-1.19103,-1.11572,-1.03633,-0.954599,-0.871847,-0.789047,-0.706887,-0.625835,-0.546188,-0.468122,-0.391723,-0.317016,-0.243983,-0.172583,-0.10276,-0.0344562,0.0323767,0.0977664,0.161706,0.224141
0.18003,0.24239,0.302837,0.361164,0.417085,0.470234,0.520169,0.566351,0.608159,0.644888,0.675763,0.699952,0.716594,0.724828,0.723824,0.712819,0.69114,0.658229,0.613647,0.557073,0.488297,0.407197,0.313733,0.207934,0.0899242,-0.0400323,-0.181417,-0.333261,-0.493815,-0.660052,-0.826979,-0.986858,-1.12868,-1.23849,-1.30142,-1.3052,-1.24405,-1.12036,-0.943207,-0.724624,-0.476109,-0.206713,0.0772246,0.371331,0.671999,0.974957,1.27366,1.55767,1.81165,2.01629,2.15229,2.20695,2.1798,2.08289,1.93539,1.75667,1.56189,1.36106,1.15996,0.96151,0.766936,0.576508,0.39006,0.20729,0.0279643,-0.147943,-0.320133,-0.487887,-0.649982,-0.804637,-0.949504,-1.08174,-1.1982,-1.29572,-1.37155,-1.42377,-1.45165,-1.4558,-1.4381,-1.40137,-1.34898,-1.28439,-1.21085,-1.13116,-1.04764,-0.962068,-0.875806,-0.789825,-0.704798,-0.621172,-0.539222,-0.459102,-0.380875,-0.30455,-0.230095,-0.157461,-0.0865881,-0.0174248,0.0500665,0.115895,0.18003,0.24239
0.198136,0.260343,0.320306,0.37778,0.432438,0.48387,0.531587,0.575004,0.613462,0.646227,0.672511,0.69149,0.70234,0.704257,0.696501,0.678413,0.649443,0.609156,0.557235,0.493473,0.417757,0.330058,0.230424,0.118995,-0.00395227,-0.137915,-0.281994,-0.434622,-0.593146,-0.753261,-0.908339,-1.0489,-1.16272,-1.23613,-1.25684,-1.21737,-1.1173,-0.962948,-0.764624,-0.533319,-0.278427,-0.00697359,0.276039,0.566686,0.860901,1.15309,1.43473,1.69325,1.91225,2.07388,2.16384,2.17679,2.1187,2.00423,1.85104,1.67485,1.48721,1.29545,1.10376,0.914189,0.727543,0.54392,0.363097,0.184766,0.00870176,-0.16511,-0.336358,-0.504302,-0.667675,-0.824604,-0.972579,-1.10851,-1.22889,-1.33013,-1.40904,-1.46329,-1.49186,-1.49528,-1.47552,-1.43566,-1.37939,-1.31047,-1.23245,-1.14833,-1.06056,-0.971024,-0.881104,-0.791786,-0.703737,-0.617387,-0.532992,-0.450684,-0.37051,-0.29246,-0.216495,-0.142556,-0.0705857,-0.000537236,0.0676136,0.133856,0.198136,0.260343
0.215963,0.27792,0.337266,0.393715,0.446896,0.496354,0.541559,0.581882,0.616638,0.645076,0.666414,0.679856,0.684633,0.680023,0.665385,0.640181,0.603984,0.556485,0.497485,0.426882,0.344662,0.250893,0.145733,0.0294698,-0.0974047,-0.234051,-0.379055,-0.530087,-0.68342,-0.833372,-0.971803,-1.08805,-1.16977,-1.20505,-1.18534,-1.10791,-0.976416,-0.799158,-0.586216,-0.347015,-0.0891028,0.181906,0.461677,0.746155,1.03039,1.30729,1.56663,1.79475,1.97592,2.09575,2.14578,2.12675,2.04824,1.92489,1.77178,1.60128,1.42214,1.23984,1.05745,0.876474,0.697442,0.520352,0.344948,0.170917,-0.00197013,-0.173738,-0.344097,-0.512324,-0.677153,-0.836671,-0.988253,-1.12859,-1.25384,-1.35996,-1.44322,-1.50079,-1.53127,-1.53499,-1.51398,-1.47154,-1.4117,-1.33861,-1.25612,-1.1675,-1.07536,-0.981686,-0.887927,-0.795087,-0.703833,-0.614584,-0.527581,-0.442935,-0.36068,-0.280791,-0.203219,-0.127902,-0.0547848,0.0161725,0.0849789,0.151603,0.215963,0.27792
0.233443,0.295036,0.353611,0.408838,0.460304,0.507513,0.549892,0.586784,0.617487,0.641251,0.657317,0.664942,0.663428,0.652153,0.630592,0.59833,0.555069,0.500619,0.434895,0.357899,0.269719,0.170532,0.0606386,-0.059477,-0.189027,-0.326731,-0.47053,-0.617193,-0.761841,-0.89749,-1.01489,-1.10303,-1.15066,-1.14869,-1.09261,-0.983655,-0.827965,-0.634365,-0.411964,-0.168626,0.0894974,0.35762,0.631548,0.906702,1.17707,1.43425,1.66704,1.86202,2.00574,2.08825,2.10637,2.06486,1.97451,1.84853,1.69923,1.53627,1.36631,1.19352,1.02023,0.847568,0.675897,0.505152,0.335059,0.165298,-0.00437746,-0.174025,-0.343404,-0.51185,-0.678149,-0.840405,-0.995943,-1.14129,-1.27229,-1.38444,-1.47341,-1.53576,-1.56955,-1.57481,-1.55351,-1.50917,-1.44618,-1.3691,-1.28217,-1.18895,-1.09229,-0.994288,-0.896479,-0.7999,-0.705229,-0.612882,-0.523083,-0.435933,-0.351447,-0.269593,-0.190311,-0.113539,-0.0392233,0.0326643,0.102117,0.169079,0.233443,0.295036
0.250501,0.311598,0.369228,0.423018,0.472512,0.517179,0.556412,0.589536,0.615849,0.634619,0.645133,0.646718,0.63877,0.620781,0.592347,0.553183,0.503115,0.442071,0.370074,0.287232,0.193744,0.0899217,-0.0237557,-0.146544,-0.277278,-0.414132,-0.554295,-0.693572,-0.825975,-0.943513,-1.03645,-1.09438,-1.10811,-1.07187,-0.984786,-0.85085,-0.677354,-0.472763,-0.244995,-0.000622595,0.255123,0.517812,0.783031,1.0455,1.29825,1.53209,1.73583,1.89752,2.00697,2.05855,2.05304,1.9972,1.90148,1.77712,1.63396,1.47954,1.31903,1.15565,0.991227,0.826639,0.662143,0.497635,0.332834,0.167408,0.00108291,-0.166248,-0.334419,-0.502863,-0.670467,-0.835418,-0.995064,-1.14585,-1.28336,-1.40264,-1.49874,-1.56746,-1.60618,-1.61444,-1.59404,-1.54866,-1.48304,-1.40223,-1.3109,-1.21301,-1.11164,-1.00909,-0.906981,-0.806415,-0.708087,-0.612412,-0.519609,-0.429766,-0.342886,-0.258926,-0.177823,-0.0995114,-0.0239455,0.0488918,0.118974,0.186224,0.250501,0.311598
0.267059,0.327514,0.384008,0.436128,0.483382,0.525206,0.560973,0.590005,0.611615,0.625113,0.629852,0.625248,0.610807,0.586142,0.550982,0.505166,0.448641,0.381451,0.303726,0.215684,0.117652,0.0101055,-0.106249,-0.230343,-0.360553,-0.494427,-0.628349,-0.757189,-0.874061,-0.970431,-1.03682,-1.06427,-1.04618,-0.980003,-0.86768,-0.714809,-0.528901,-0.317654,-0.0878852,0.154776,0.405612,0.660217,0.913782,1.16038,1.39244,1.60072,1.77496,1.90557,1.98575,2.0134,1.9917,1.92794,1.83145,1.71149,1.57586,1.4305,1.27946,1.12532,0.969544,0.812837,0.655389,0.497081,0.337625,0.176677,0.013931,-0.150783,-0.317394,-0.485461,-0.654022,-0.82141,-0.985085,-1.1415,-1.28608,-1.41348,-1.51809,-1.59488,-1.64035,-1.65335,-1.63532,-1.58998,-1.52243,-1.43825,-1.34263,-1.23997,-1.13371,-1.02636,-0.919684,-0.814849,-0.712588,-0.613329,-0.517286,-0.424538,-0.33508,-0.248861,-0.165813,-0.0858731,-0.00900183,0.0648033,0.135496,0.202972,0.267059,0.327514
0.28304,0.342694,0.39785,0.448057,0.492794,0.531477,0.563469,0.588108,0.604743,0.612745,0.611553,0.60069,0.579784,0.548577,0.506927,0.454799,0.392258,0.319455,0.236632,0.14413,0.0424246,-0.06781,-0.18559,-0.309462,-0.437282,-0.565929,-0.691003,-0.806588,-0.905245,-0.978464,-1.01772,-1.01604,-0.969557,-0.878395,-0.746401,-0.579882,-0.386034,-0.171709,0.0571629,0.295563,0.538992,0.782897,1.02208,1.25021,1.45966,1.6418,1.78806,1.89142,1.94808,1.95838,1.92659,1.85968,1.76557,1.65175,1.52444,1.38834,1.24669,1.1016,0.954275,0.805302,0.654831,0.502738,0.348736,0.19247,0.0335991,-0.128114,-0.292707,-0.459887,-0.62888,-0.79823,-0.965594,-1.12755,-1.27949,-1.41577,-1.53018,-1.61677,-1.671,-1.69075,-1.67688,-1.63296,-1.56442,-1.47737,-1.37764,-1.27018,-1.15884,-1.04642,-0.934866,-0.825445,-0.718944,-0.615809,-0.51626,-0.420371,-0.328131,-0.239481,-0.154352,-0.0726846,0.00555151,0.0803431,0.151622,0.219255,0.28304,0.342694
0.298374,0.35706,0.410668,0.458716,0.500663,0.535916,0.563846,0.583826,0.595264,0.597609,0.590408,0.5733,0.546046,0.508519,0.460704,0.402687,0.334645,0.256841,0.169632,0.0734948,-0.0309195,-0.1427,-0.26054,-0.382556,-0.506049,-0.627245,-0.741066,-0.841066,-0.919682,-0.968991,-0.981934,-0.953743,-0.883004,-0.771854,-0.625232,-0.449561,-0.251497,-0.0371287,0.188259,0.420006,0.653664,0.884508,1.10712,1.31513,1.50136,1.6584,1.77959,1.86036,1.89913,1.89767,1.86052,1.79384,1.70419,1.59759,1.479,1.35218,1.21979,1.08356,0.944522,0.803175,0.659652,0.51383,0.36543,0.214088,0.059434,-0.0988384,-0.260876,-0.426549,-0.595296,-0.765924,-0.936369,-1.10345,-1.26268,-1.40829,-1.53354,-1.63159,-1.6967,-1.72551,-1.71796,-1.67723,-1.60893,-1.51974,-1.41622,-1.30398,-1.18738,-1.06961,-0.952842,-0.838483,-0.727394,-0.620058,-0.516704,-0.417409,-0.322155,-0.230882,-0.14352,-0.0600145,0.0196533,0.095453,0.167293,0.235012,0.298374,0.35706
0.313002,0.370551,0.4224,0.468046,0.50694,0.538494,0.562109,0.577213,0.58329,0.579889,0.566678,0.543425,0.510025,0.466481,0.412903,0.349492,0.276535,0.194406,0.103589,0.0047133,-0.101368,-0.213474,-0.329942,-0.448434,-0.565707,-0.677411,-0.777978,-0.860752,-0.918493,-0.944311,-0.932886,-0.881577,-0.790956,-0.664507,-0.507661,-0.326632,-0.127492,0.0842855,0.303861,0.526777,0.748589,0.964502,1.16912,1.35645,1.52016,1.65431,1.75415,1.81705,1.84292,1.8342,1.79517,1.73106,1.64721,1.54844,1.43874,1.32114,1.19783,1.07029,0.939404,0.80561,0.669035,0.529567,0.386937,0.240783,0.0907077,-0.0636533,-0.222552,-0.386022,-0.553728,-0.724771,-0.897435,-1.0689,-1.23496,-1.38989,-1.52667,-1.63763,-1.71573,-1.75613,-1.75743,-1.7221,-1.65568,-1.5654,-1.4586,-1.34169,-1.21971,-1.0963,-0.973963,-0.854279,-0.738219,-0.626314,-0.51882,-0.415817,-0.317289,-0.223176,-0.133408,-0.0479388,0.0332385,0.110074,0.182453,0.250185,0.313002,0.370551
0.326882,0.383129,0.433015,0.47603,0.511628,0.539246,0.558336,0.568399,0.569016,0.559855,0.540714,0.511495,0.472228,0.423044,0.36417,0.295919,0.218686,0.132961,0.0393643,-0.0613021,-0.167962,-0.27914,-0.3928,-0.506157,-0.615485,-0.715992,-0.801861,-0.866573,-0.903583,-0.907322,-0.874246,-0.803563,-0.697312,-0.559772,-0.396482,-0.213297,-0.0157589,0.191135,0.402854,0.615084,0.823437,1.02321,1.20933,1.37644,1.51934,1.63354,1.71593,1.76529,1.78241,1.76986,1.73142,1.67144,1.59422,1.50361,1.4028,1.2943,1.17992,1.06091,0.938062,0.811774,0.682168,0.54915,0.412468,0.271766,0.126634,-0.0233423,-0.178506,-0.339042,-0.504838,-0.675304,-0.849116,-1.0239,-1.1959,-1.35967,-1.50814,-1.63302,-1.72605,-1.78066,-1.79374,-1.76651,-1.70413,-1.61421,-1.50492,-1.38364,-1.25621,-1.12691,-0.998624,-0.873197,-0.751738,-0.634856,-0.522843,-0.415793,-0.313696,-0.216493,-0.124122,-0.0365418,0.0462386,0.12415,0.197053,0.26473,0.326882,0.383129
0.339998,0.394788,0.442524,0.482697,0.514786,0.538271,0.552674,0.557593,0.552722,0.537859,0.512941,0.478008,0.43322,0.378831,0.31518,0.242687,0.161856,0.0732994,-0.0222174,-0.123704,-0.229844,-0.338858,-0.448345,-0.555114,-0.655055,-0.743116,-0.813494,-0.860111,-0.877389,-0.861188,-0.8096,-0.72331,-0.605356,-0.460405,-0.293882,-0.111247,0.0824114,0.282467,0.484635,0.68476,0.878618,1.0618,1.22974,1.37795,1.50237,1.59982,1.66846,1.70798,1.7196,1.70575,1.66964,1.6148,1.54467,1.46233,1.37035,1.27079,1.16517,1.05457,0.939672,0.82086,0.698258,0.57179,0.441229,0.306233,0.166389,0.0212506,-0.1296,-0.286476,-0.449473,-0.6183,-0.79204,-0.968832,-1.14548,-1.31707,-1.47676,-1.61599,-1.72544,-1.79679,-1.8248,-1.8089,-1.75333,-1.66576,-1.55518,-1.43006,-1.29728,-1.16187,-1.02726,-0.895649,-0.768324,-0.64601,-0.52905,-0.417568,-0.311565,-0.210988,-0.115781,-0.0259165,0.0585831,0.137628,0.211055,0.278619,0.339998,0.394788
0.352362,0.405562,0.450982,0.488134,0.516538,0.535738,0.545348,0.545082,0.53476,0.514324,0.48385,0.443513,0.393604,0.334489,0.266617,0.190508,0.106779,0.0161673,-0.080405,-0.181751,-0.286308,-0.392,-0.496092,-0.595063,-0.684552,-0.759446,-0.814199,-0.843414,-0.84262,-0.809063,-0.742232,-0.643913,-0.517758,-0.368559,-0.201515,-0.0216992,0.166184,0.357819,0.54916,0.736274,0.915224,1.08204,1.23284,1.36401,1.47255,1.55637,1.61451,1.6472,1.6558,1.64245,1.60982,1.56074,1.49793,1.42385,1.34058,1.24979,1.15277,1.05045,0.94344,0.83209,0.716531,0.596712,0.472433,0.343376,0.209135,0.0692486,-0.0767525,-0.229286,-0.388623,-0.554745,-0.727127,-0.90444,-1.08414,-1.26202,-1.43179,-1.58501,-1.7117,-1.80192,-1.84806,-1.84715,-1.8018,-1.71926,-1.60914,-1.48111,-1.34325,-1.20163,-1.06036,-0.922098,-0.788404,-0.660151,-0.537768,-0.421417,-0.31112,-0.206838,-0.108525,-0.0161661,0.0701989,0.15046,0.224432,0.291847,0.352362,0.405562
0.36402,0.415524,0.458495,0.492485,0.517071,0.531886,0.536656,0.531224,0.515553,0.48973,0.453975,0.408596,0.354002,0.29067,0.219149,0.140062,0.0541349,-0.0377632,-0.13455,-0.234841,-0.336833,-0.438179,-0.535867,-0.626145,-0.704548,-0.766094,-0.805695,-0.818781,-0.802013,-0.753886,-0.675003,-0.567918,-0.436617,-0.285851,-0.120542,0.0545922,0.235189,0.417228,0.596929,0.770656,0.934865,1.08613,1.22128,1.33754,1.43281,1.50581,1.55615,1.58437,1.59177,1.58019,1.55179,1.50879,1.45336,1.38745,1.31271,1.23052,1.14195,1.0478,0.948616,0.844719,0.736246,0.623169,0.505318,0.382405,0.254042,0.119771,-0.0209086,-0.168487,-0.323374,-0.48578,-0.655536,-0.831822,-1.01278,-1.19502,-1.37308,-1.53908,-1.6829,-1.79335,-1.86051,-1.87849,-1.84744,-1.7734,-1.66622,-1.53671,-1.39441,-1.24663,-1.09843,-0.953061,-0.812463,-0.67772,-0.549378,-0.427662,-0.312627,-0.204255,-0.102515,-0.00740717,0.0810095,0.162606,0.237174,0.304431,0.36402,0.415524
0.375055,0.424797,0.465227,0.495954,0.516639,0.527023,0.52696,0.516441,0.495576,0.464604,0.423886,0.373855,0.315036,0.248006,0.173411,0.0919745,0.00453067,-0.0879196,-0.184135,-0.28254,-0.381112,-0.477275,-0.567812,-0.648854,-0.715979,-0.764499,-0.789922,-0.788566,-0.75816,-0.698253,-0.610295,-0.497338,-0.363504,-0.213403,-0.051668,0.117319,0.289517,0.461204,0.628912,0.789366,0.939482,1.07641,1.19765,1.30118,1.38559,1.45016,1.49489,1.52043,1.52795,1.51897,1.49522,1.45845,1.41034,1.35242,1.28602,1.21224,1.13198,1.0459,0.954487,0.85804,0.756695,0.650445,0.539151,0.422557,0.300307,0.171956,0.036999,-0.105099,-0.254847,-0.412633,-0.578587,-0.752343,-0.932699,-1.11713,-1.30119,-1.47792,-1.63766,-1.76864,-1.85895,-1.89958,-1.88738,-1.82617,-1.72531,-1.5965,-1.45086,-1.29727,-1.14199,-0.989103,-0.841052,-0.699223,-0.564328,-0.436685,-0.316403,-0.20349,-0.0979406,0.000226231,0.0909321,0.174028,0.249288,0.316417,0.375055,0.424797
0.385587,0.433547,0.471392,0.498809,0.515562,0.521519,0.516685,0.501204,0.475346,0.4395,0.394162,0.339888,0.277309,0.207095,0.129987,0.0468007,-0.04152,-0.133847,-0.228788,-0.324593,-0.419054,-0.509419,-0.592354,-0.663979,-0.72005,-0.756291,-0.768885,-0.755023,-0.71338,-0.644358,-0.550011,-0.433684,-0.299505,-0.151888,0.00483059,0.166589,0.329665,0.490654,0.646433,0.79413,0.931139,1.05517,1.16432,1.25716,1.33282,1.39095,1.43177,1.45595,1.46449,1.45865,1.43976,1.4092,1.36826,1.31813,1.25985,1.19429,1.12218,1.04407,0.960385,0.871386,0.777208,0.677861,0.573235,0.463111,0.347166,0.224986,0.0960755,-0.0401149,-0.184152,-0.336554,-0.497677,-0.667534,-0.845504,-1.02989,-1.21734,-1.40211,-1.57552,-1.726,-1.84036,-1.9067,-1.918,-1.87473,-1.78459,-1.6596,-1.51244,-1.35381,-1.19155,-1.03082,-0.874781,-0.725236,-0.583138,-0.44894,-0.322823,-0.204846,-0.0950314,0.00657503,0.0998725,0.184692,0.260794,0.327877,0.385587,0.433547
0.395773,0.441989,0.47726,0.501371,0.514212,0.515799,0.5063,0.486026,0.455407,0.414984,0.365384,0.307276,0.241391,0.168487,0.0893915,0.00501057,-0.0836088,-0.17522,-0.268293,-0.36093,-0.450778,-0.534976,-0.610153,-0.672523,-0.718121,-0.743162,-0.744518,-0.720189,-0.669652,-0.593963,-0.495587,-0.37801,-0.245275,-0.101572,0.0490606,0.202876,0.356471,0.506777,0.651033,0.786781,0.911875,1.02452,1.12333,1.20733,1.27601,1.3293,1.36751,1.39127,1.40145,1.39902,1.38506,1.36059,1.3266,1.28401,1.2336,1.17605,1.11193,1.04169,0.965685,0.88413,0.797155,0.704778,0.606918,0.503388,0.393907,0.278094,0.155485,0.0255358,-0.112343,-0.258746,-0.414192,-0.578983,-0.752976,-0.935215,-1.12338,-1.31308,-1.49703,-1.66461,-1.80236,-1.89618,-1.93513,-1.91529,-1.84131,-1.72444,-1.57853,-1.4163,-1.24751,-1.0788,-0.914309,-0.756413,-0.606413,-0.464957,-0.33234,-0.208687,-0.0940651,0.0114452,0.107717,0.19456,0.271723,0.338905,0.395773,0.441989
0.405797,0.450375,0.483145,0.504013,0.513015,0.510334,0.496315,0.471445,0.436319,0.391625,0.338116,0.276569,0.207807,0.13267,0.0520649,-0.0330181,-0.121438,-0.211841,-0.302582,-0.391647,-0.476588,-0.554494,-0.622039,-0.675616,-0.711606,-0.726752,-0.718585,-0.685821,-0.628585,-0.548415,-0.448031,-0.330952,-0.201083,-0.0623653,0.0814546,0.226944,0.37102,0.510952,0.644343,0.769127,0.88358,0.986331,1.07639,1.15313,1.2163,1.26599,1.30256,1.32658,1.33875,1.33987,1.33075,1.31217,1.28488,1.24953,1.20673,1.15696,1.10067,1.0382,0.969806,0.895686,0.815942,0.730597,0.639587,0.542759,0.439868,0.330578,0.21446,0.0910013,-0.0403848,-0.180327,-0.329441,-0.488233,-0.656921,-0.835153,-1.02154,-1.21298,-1.40381,-1.58495,-1.74371,-1.86496,-1.93443,-1.94331,-1.89169,-1.78851,-1.64786,-1.48437,-1.3101,-1.1336,-0.960319,-0.793469,-0.634838,-0.485359,-0.34549,-0.215454,-0.0953844,0.0145939,0.114319,0.203577,0.282107,0.349615,0.405797,0.450375
0.415865,0.45899,0.489402,0.507149,0.512435,0.505629,0.487267,0.458018,0.418644,0.369979,0.312899,0.248281,0.177032,0.100069,0.0183687,-0.0670009,-0.154817,-0.243636,-0.331725,-0.416987,-0.496927,-0.56865,-0.628938,-0.674424,-0.701878,-0.708563,-0.692616,-0.653354,-0.591412,-0.508663,-0.407963,-0.292789,-0.166867,-0.033885,0.102702,0.239766,0.374543,0.504629,0.627971,0.742862,0.847938,0.942174,1.02488,1.0957,1.15455,1.2016,1.23723,1.26193,1.2763,1.28096,1.27653,1.26359,1.24268,1.21427,1.17877,1.13655,1.0879,1.03305,0.972214,0.90551,0.83302,0.754759,0.670674,0.580638,0.484443,0.381795,0.272311,0.155519,0.0308587,-0.102296,-0.244606,-0.396701,-0.559054,-0.731764,-0.914198,-1.10441,-1.29834,-1.48879,-1.66468,-1.8112,-1.91204,-1.9538,-1.93092,-1.84812,-1.71818,-1.55704,-1.3792,-1.1956,-1.01347,-0.837164,-0.669184,-0.510867,-0.362911,-0.225685,-0.0994143,0.0157116,0.119484,0.21166,0.291967,0.360123,0.415865,0.45899
0.426191,0.468138,0.496411,0.511222,0.512967,0.502215,0.479707,0.446304,0.402937,0.350587,0.290244,0.222881,0.149486,0.0710392,-0.0114136,-0.0967419,-0.183654,-0.270639,-0.3559,-0.437299,-0.512339,-0.578192,-0.631802,-0.670081,-0.690196,-0.689901,-0.667866,-0.623899,-0.559013,-0.475301,-0.375667,-0.263489,-0.142296,-0.0155187,0.113671,0.242443,0.368331,0.489241,0.603431,0.709505,0.806398,0.893358,0.96993,1.03592,1.09138,1.13652,1.1717,1.19736,1.214,1.2221,1.22213,1.21453,1.19965,1.17783,1.14934,1.11438,1.07316,1.0258,0.972424,0.913102,0.847875,0.776741,0.699647,0.616484,0.527074,0.431164,0.328419,0.218413,0.100633,-0.0255226,-0.160717,-0.305637,-0.460912,-0.626955,-0.8037,-0.990143,-1.18364,-1.37895,-1.5671,-1.73483,-1.86542,-1.94209,-1.9535,-1.89837,-1.78605,-1.63241,-1.45413,-1.26491,-1.0743,-0.888258,-0.710279,-0.542295,-0.385351,-0.240027,-0.106683,0.0144003,0.122948,0.218677,0.301296,0.370538,0.426191,0.468138
0.436973,0.478123,0.504566,0.516697,0.515122,0.500635,0.474194,0.436862,0.389743,0.333962,0.270625,0.200795,0.125532,0.0458773,-0.0370686,-0.122122,-0.207941,-0.292966,-0.375368,-0.453003,-0.523415,-0.583883,-0.631548,-0.663621,-0.677653,-0.671844,-0.645311,-0.59825,-0.531945,-0.448613,-0.351141,-0.242775,-0.126833,-0.00649341,0.115343,0.236124,0.353663,0.466142,0.572092,0.670379,0.760176,0.840942,0.91239,0.974453,1.02724,1.071,1.10608,1.13285,1.15173,1.16311,1.16734,1.16473,1.15552,1.13993,1.11809,1.09011,1.05607,1.01603,0.970002,0.918007,0.860038,0.796061,0.726015,0.649797,0.567251,0.478159,0.382231,0.279094,0.168284,0.0492507,-0.078644,-0.216096,-0.363808,-0.52239,-0.692165,-0.872834,-1.06292,-1.25892,-1.45415,-1.63766,-1.79393,-1.90476,-1.95394,-1.93336,-1.84663,-1.70734,-1.53333,-1.34112,-1.14311,-0.947433,-0.758981,-0.580543,-0.413672,-0.259253,-0.117842,0.0101481,0.12435,0.224417,0.310032,0.380937,0.436973,0.478123
0.448374,0.489235,0.514255,0.524037,0.51942,0.501439,0.471287,0.430242,0.379587,0.320594,0.254485,0.182407,0.105488,0.0248233,-0.0584424,-0.143086,-0.22773,-0.310793,-0.390439,-0.464551,-0.530747,-0.586447,-0.629008,-0.655937,-0.665146,-0.655221,-0.625647,-0.576911,-0.510478,-0.428619,-0.334155,-0.230178,-0.119795,-0.00593906,0.108742,0.22195,0.331749,0.436565,0.535159,0.626609,0.710275,0.785775,0.852941,0.911788,0.962472,1.00525,1.04044,1.06838,1.08941,1.10386,1.11199,1.11401,1.11008,1.10032,1.08477,1.06344,1.03633,1.00338,0.964567,0.919819,0.869079,0.812275,0.749322,0.680112,0.604501,0.522298,0.433252,0.337039,0.233254,0.1214,0.000890057,-0.128944,-0.268822,-0.419452,-0.581398,-0.754847,-0.939196,-1.13236,-1.32978,-1.52311,-1.69921,-1.84047,-1.92785,-1.9469,-1.89382,-1.77721,-1.61403,-1.42302,-1.21975,-1.01516,-0.816096,-0.626557,-0.448838,-0.284269,-0.133687,0.00230311,0.123201,0.228566,0.318031,0.391336,0.448374,0.489235
0.46049,0.501715,0.525842,0.533695,0.52637,0.505167,0.471536,0.426981,0.372978,0.31095,0.242235,0.168065,0.0896312,0.00807392,-0.0754262,-0.15962,-0.243114,-0.324325,-0.401436,-0.472385,-0.53489,-0.586531,-0.62489,-0.647756,-0.653362,-0.640623,-0.609312,-0.560128,-0.494643,-0.415126,-0.324302,-0.225097,-0.120408,-0.0129422,0.0948861,0.201006,0.303703,0.401606,0.493669,0.579135,0.657511,0.728527,0.792102,0.848303,0.897312,0.939383,0.974814,1.00391,1.02697,1.04424,1.05595,1.06223,1.06318,1.05884,1.04919,1.03416,1.01366,0.987583,0.955799,0.918185,0.874618,0.82498,0.76915,0.707002,0.638392,0.563143,0.481036,0.391792,0.295059,0.190402,0.0772953,-0.0448775,-0.176811,-0.319238,-0.472851,-0.638141,-0.815104,-1.00273,-1.1982,-1.39566,-1.58487,-1.75045,-1.873,-1.93363,-1.92087,-1.8359,-1.69193,-1.50821,-1.30332,-1.09153,-0.882259,-0.681261,-0.491885,-0.316106,-0.15517,-0.00995187,0.118852,0.230663,0.325028,0.40166,0.46049,0.501715
0.47331,0.515731,0.539636,0.546087,0.536459,0.512346,0.475476,0.427601,0.370405,0.305472,0.23426,0.158089,0.078207,-0.00420455,-0.0879398,-0.171737,-0.254202,-0.333771,-0.408667,-0.476907,-0.536328,-0.584678,-0.619759,-0.639621,-0.642778,-0.628412,-0.596515,-0.547928,-0.484273,-0.407776,-0.321047,-0.22684,-0.127855,-0.0265889,0.0747527,0.174298,0.27052,0.362218,0.448497,0.528733,0.602538,0.669727,0.730273,0.784279,0.831937,0.873497,0.909237,0.939435,0.96435,0.9842,0.999152,1.00932,1.01474,1.0154,1.01123,1.00212,0.987906,0.968411,0.943443,0.91281,0.876326,0.833817,0.785119,0.730073,0.668521,0.600289,0.525177,0.442941,0.353279,0.255815,0.150091,0.0355536,-0.0884364,-0.222591,-0.367643,-0.524247,-0.692778,-0.872974,-1.06332,-1.26005,-1.45583,-1.63836,-1.79002,-1.89027,-1.9215,-1.8763,-1.76106,-1.59278,-1.39182,-1.17591,-0.95775,-0.74544,-0.543851,-0.355893,-0.183393,-0.027616,0.110465,0.230067,0.330596,0.411696,0.47331,0.515731
0.486674,0.531332,0.555861,0.561569,0.550136,0.523474,0.483621,0.432607,0.372341,0.304587,0.23093,0.152779,0.0714432,-0.0118625,-0.0959155,-0.179453,-0.261097,-0.339318,-0.412402,-0.478457,-0.535449,-0.581301,-0.614022,-0.631895,-0.633671,-0.618743,-0.587261,-0.540153,-0.479043,-0.406089,-0.32377,-0.234673,-0.141312,-0.0459956,0.0492535,0.142735,0.233076,0.319215,0.400377,0.476036,0.545882,0.609787,0.667761,0.719925,0.766476,0.807656,0.843724,0.874938,0.90153,0.923692,0.941565,0.95523,0.964706,0.969946,0.970846,0.967247,0.958948,0.945718,0.927308,0.903462,0.873931,0.838481,0.796893,0.748969,0.694521,0.633364,0.565303,0.490118,0.407545,0.317265,0.218882,0.111916,-0.00420392,-0.130135,-0.266595,-0.4143,-0.573835,-0.745413,-0.928431,-1.12072,-1.31742,-1.50948,-1.6824,-1.81664,-1.89133,-1.89134,-1.81415,-1.67106,-1.48175,-1.26667,-1.04222,-0.819559,-0.605667,-0.404788,-0.219584,-0.0518718,0.0969866,0.225914,0.334097,0.421049,0.486674,0.531332
0.500219,0.548404,0.574618,0.580412,0.567785,0.539007,0.496458,0.442481,0.379244,0.308705,0.232598,0.152426,0.06956,-0.0147533,-0.0992822,-0.182773,-0.263878,-0.341116,-0.412848,-0.477286,-0.532535,-0.576682,-0.607931,-0.624768,-0.626137,-0.611592,-0.58139,-0.536499,-0.478513,-0.409499,-0.3318,-0.247843,-0.159973,-0.0703287,0.019223,0.107125,0.192132,0.273291,0.349918,0.421559,0.487961,0.54903,0.6048,0.655401,0.701026,0.741908,0.778292,0.810419,0.838501,0.862716,0.883187,0.899982,0.913105,0.922495,0.928028,0.929522,0.926746,0.91943,0.907277,0.889977,0.867223,0.838719,0.804187,0.763378,0.716062,0.662028,0.601073,0.532984,0.457526,0.374423,0.283339,0.183865,0.0755051,-0.0423257,-0.170292,-0.309104,-0.459438,-0.621775,-0.796102,-0.981377,-1.17464,-1.36972,-1.55566,-1.71581,-1.82918,-1.8756,-1.84359,-1.73582,-1.5678,-1.36072,-1.13435,-0.903505,-0.677973,-0.463865,-0.265031,-0.0840585,0.0771453,0.21709,0.334644,0.429089,0.500219,0.548404
0.513318,0.566612,0.595834,0.602753,0.589703,0.559341,0.514434,0.457683,0.391554,0.318231,0.239615,0.15732,0.0727816,-0.012721,-0.0979518,-0.181675,-0.262582,-0.339254,-0.410138,-0.473555,-0.527749,-0.570967,-0.601587,-0.618267,-0.620108,-0.606779,-0.578603,-0.536548,-0.482154,-0.417383,-0.344442,-0.265606,-0.183065,-0.0988138,-0.0145843,0.0681838,0.148345,0.225031,0.297624,0.365722,0.429107,0.487708,0.541571,0.590824,0.635657,0.67629,0.712957,0.745883,0.775271,0.801285,0.824045,0.843611,0.859985,0.873104,0.882836,0.888992,0.891324,0.889538,0.883302,0.872263,0.856062,0.834343,0.80677,0.773033,0.732851,0.685975,0.632173,0.571229,0.502919,0.426999,0.343181,0.251122,0.1504,0.0405117,-0.0791348,-0.2092,-0.35037,-0.503253,-0.66818,-0.844841,-1.03164,-1.22466,-1.41622,-1.59336,-1.73744,-1.82674,-1.84296,-1.77911,-1.64296,-1.45318,-1.23143,-0.996241,-0.760863,-0.533934,-0.320959,-0.125605,0.0494747,0.202224,0.331054,0.434897,0.513318,0.566612
0.525024,0.58534,0.619204,0.628558,0.616061,0.584787,0.537943,0.478641,0.409696,0.333561,0.252334,0.167757,0.0813446,-0.00559019,-0.0918086,-0.176099,-0.257199,-0.333761,-0.404324,-0.467326,-0.521145,-0.564176,-0.594954,-0.612283,-0.615381,-0.604002,-0.578492,-0.539796,-0.489378,-0.429086,-0.360994,-0.287235,-0.20986,-0.130739,-0.051491,0.0265377,0.102279,0.174928,0.243912,0.308864,0.369587,0.426021,0.478212,0.526287,0.570424,0.610833,0.647735,0.681346,0.711858,0.739432,0.764186,0.786184,0.80543,0.821867,0.835371,0.845754,0.852765,0.856099,0.855406,0.8503,0.840379,0.825236,0.804475,0.777725,0.744647,0.704936,0.658325,0.604573,0.543451,0.474731,0.398162,0.313453,0.220255,0.118143,0.00660982,-0.114933,-0.247129,-0.390616,-0.545903,-0.713116,-0.891561,-1.07896,-1.27027,-1.45612,-1.62154,-1.74627,-1.80877,-1.79373,-1.69917,-1.53737,-1.32903,-1.09542,-0.853558,-0.615285,-0.38835,-0.177905,0.012384,0.179702,0.321842,0.43722,0.525024,0.58534
0.534012,0.603613,0.644123,0.657555,0.646856,0.615541,0.567305,0.505739,0.434074,0.355085,0.271109,0.184047,0.0955054,0.00684181,-0.0807013,-0.165939,-0.247661,-0.324596,-0.395379,-0.458566,-0.512665,-0.556211,-0.587875,-0.606581,-0.611639,-0.602851,-0.580564,-0.545674,-0.499554,-0.443936,-0.380762,-0.312032,-0.239674,-0.16545,-0.0908882,-0.0172604,0.0544238,0.123401,0.189131,0.251266,0.309616,0.364124,0.414832,0.461858,0.505367,0.545559,0.582643,0.616824,0.648291,0.677201,0.703676,0.727784,0.749543,0.768907,0.785767,0.799945,0.811201,0.819231,0.823678,0.824139,0.82018,0.811352,0.797205,0.777309,0.751259,0.718692,0.679287,0.632763,0.578871,0.51738,0.448059,0.370659,0.284889,0.190399,0.0867672,-0.0265093,-0.150003,-0.284324,-0.430038,-0.58751,-0.756599,-0.936127,-1.12299,-1.31084,-1.48854,-1.63916,-1.74144,-1.77507,-1.72866,-1.60528,-1.42084,-1.197,-0.954019,-0.707367,-0.467686,-0.242124,-0.0357094,0.147748,0.30523,0.434449,0.534012,0.603613
0.538545,0.620042,0.669607,0.689161,0.681855,0.651636,0.602738,0.539303,0.465062,0.383184,0.296302,0.206515,0.115544,0.0248093,-0.0644389,-0.15104,-0.233841,-0.311647,-0.383195,-0.447153,-0.502158,-0.546873,-0.580088,-0.600829,-0.608472,-0.602842,-0.584264,-0.553569,-0.51203,-0.461256,-0.403062,-0.339325,-0.271864,-0.202346,-0.132226,-0.0627201,0.00520407,0.070811,0.133576,0.193159,0.24937,0.302145,0.351518,0.397591,0.44052,0.480489,0.517697,0.55234,0.584602,0.614642,0.642585,0.66851,0.692447,0.714369,0.734185,0.751739,0.766808,0.779102,0.788267,0.793898,0.795542,0.792719,0.784937,0.771708,0.752564,0.727077,0.694863,0.655586,0.608959,0.554732,0.492675,0.422563,0.344149,0.257151,0.161225,0.0559567,-0.0591398,-0.18461,-0.321008,-0.468797,-0.62815,-0.798583,-0.978322,-1.16329,-1.34569,-1.51253,-1.64526,-1.72238,-1.72585,-1.64885,-1.4991,-1.29512,-1.05859,-0.80841,-0.558619,-0.318935,-0.0961743,0.104565,0.279231,0.424625,0.538545,0.620042
0.536476,0.632767,0.694213,0.722399,0.720516,0.692885,0.644313,0.57957,0.502989,0.418224,0.328277,0.235499,0.141768,0.0485806,-0.0427891,-0.131202,-0.215558,-0.294742,-0.367592,-0.432889,-0.489389,-0.535878,-0.571251,-0.594616,-0.605399,-0.603428,-0.58899,-0.562837,-0.526134,-0.480367,-0.427226,-0.368471,-0.305823,-0.240868,-0.175003,-0.1094,-0.0450015,0.0174721,0.0775011,0.134741,0.188996,0.240189,0.288338,0.333532,0.375909,0.41564,0.452913,0.487915,0.520828,0.55181,0.58099,0.608462,0.634269,0.658405,0.680803,0.701332,0.719793,0.735919,0.749372,0.759754,0.766611,0.769443,0.767725,0.760922,0.74851,0.729991,0.704911,0.672873,0.633533,0.586602,0.531833,0.469007,0.397906,0.318297,0.229909,0.132411,0.0254074,-0.0915622,-0.218998,-0.357377,-0.50702,-0.66785,-0.838954,-1.01784,-1.19931,-1.374,-1.52714,-1.63903,-1.68882,-1.6617,-1.55564,-1.38233,-1.1618,-0.915084,-0.659617,-0.408185,-0.169885,0.048552,0.241798,0.405527,0.536476,0.632767
0.525325,0.639453,0.715977,0.755803,0.761892,0.7388,0.691896,0.626653,0.548115,0.460539,0.367394,0.271356,0.174506,0.0784568,-0.0154797,-0.106174,-0.192577,-0.27365,-0.348329,-0.415508,-0.474058,-0.522876,-0.560954,-0.587472,-0.601888,-0.604021,-0.594109,-0.572814,-0.541188,-0.500594,-0.452596,-0.398846,-0.340971,-0.28049,-0.218751,-0.156895,-0.0958495,-0.0363323,0.0211321,0.0761885,0.128625,0.178347,0.225355,0.269717,0.311557,0.351028,0.388307,0.423574,0.457004,0.488757,0.51897,0.547744,0.575142,0.601177,0.625808,0.648934,0.670384,0.68992,0.707231,0.721938,0.733593,0.741694,0.745696,0.74503,0.739119,0.727402,0.709357,0.684509,0.652451,0.612837,0.565384,0.509856,0.446047,0.373757,0.292771,0.202836,0.103644,-0.00517544,-0.124042,-0.253393,-0.393596,-0.544788,-0.706576,-0.877518,-1.05428,-1.23041,-1.39491,-1.53148,-1.61986,-1.64082,-1.58352,-1.45052,-1.25658,-1.02231,-0.767626,-0.508545,-0.25688,-0.0213855,0.191069,0.374824,0.525325,0.639453
0.502451,0.637353,0.732387,0.787333,0.804529,0.788494,0.745074,0.680483,0.600595,0.510414,0.413996,0.314443,0.214111,0.11477,0.0177983,-0.0756676,-0.164619,-0.248093,-0.325117,-0.394696,-0.455812,-0.507468,-0.548747,-0.578888,-0.597374,-0.604009,-0.59897,-0.582826,-0.556513,-0.521266,-0.478527,-0.429841,-0.37675,-0.320709,-0.263026,-0.204822,-0.147019,-0.0903396,-0.0353218,0.0176606,0.0683742,0.116703,0.162622,0.206182,0.247484,0.286668,0.323895,0.359337,0.393164,0.425537,0.456597,0.486455,0.515192,0.542841,0.569387,0.594758,0.618819,0.641363,0.662112,0.680715,0.696743,0.709705,0.719049,0.724183,0.724492,0.71936,0.708194,0.690446,0.66563,0.633332,0.593213,0.545001,0.48848,0.423465,0.349781,0.267238,0.175608,0.0746136,-0.0360767,-0.156829,-0.287992,-0.429793,-0.582132,-0.744223,-0.913991,-1.08713,-1.25584,-1.40754,-1.52472,-1.58737,-1.57879,-1.49245,-1.33504,-1.12339,-0.877894,-0.617192,-0.35601,-0.105484,0.125697,0.330352,0.502451,0.637353
0.465341,0.623485,0.740431,0.814328,0.846354,0.840564,0.803045,0.740733,0.66043,0.568049,0.468392,0.365119,0.260949,0.157875,0.0573854,-0.0393565,-0.131369,-0.217752,-0.297627,-0.3701,-0.434265,-0.489225,-0.534149,-0.568332,-0.591277,-0.602766,-0.602916,-0.592199,-0.57143,-0.541718,-0.504383,-0.460862,-0.412613,-0.361035,-0.307399,-0.252814,-0.198201,-0.144297,-0.0916599,-0.0406881,0.00835853,0.0553362,0.100196,0.142961,0.183715,0.222576,0.259694,0.295227,0.329342,0.362198,0.39394,0.424689,0.45454,0.483546,0.51172,0.539018,0.565338,0.590512,0.614298,0.636378,0.656356,0.673757,0.68804,0.698604,0.704808,0.70599,0.701497,0.690706,0.67305,0.648034,0.615248,0.574366,0.525139,0.467377,0.400924,0.325639,0.241361,0.1479,0.0450171,-0.0675686,-0.190149,-0.322962,-0.46605,-0.619017,-0.780601,-0.947989,-1.11579,-1.27479,-1.41099,-1.50619,-1.54147,-1.5034,-1.38979,-1.21071,-0.984099,-0.729652,-0.464641,-0.202761,0.0452311,0.270472,0.465341,0.623485
0.412018,0.594949,0.736772,0.833526,0.8846,0.892954,0.864494,0.806711,0.727389,0.633515,0.53083,0.423717,0.31539,0.208149,0.103648,0.00311415,-0.0924776,-0.182282,-0.265502,-0.341345,-0.409011,-0.467703,-0.516671,-0.555267,-0.583014,-0.599673,-0.605297,-0.600264,-0.58527,-0.561294,-0.529533,-0.491316,-0.448019,-0.400982,-0.351444,-0.300504,-0.249089,-0.197953,-0.147681,-0.0987015,-0.0513052,-0.00566737,0.0381333,0.0800946,0.120274,0.158771,0.195719,0.231265,0.265568,0.298784,0.331062,0.36253,0.393296,0.423434,0.452977,0.481914,0.510175,0.53763,0.564077,0.589237,0.612749,0.63417,0.652978,0.668576,0.680313,0.687495,0.689418,0.685391,0.674763,0.656956,0.631474,0.59792,0.555992,0.505471,0.446203,0.378074,0.300978,0.2148,0.11939,0.0145589,-0.0999064,-0.224205,-0.358427,-0.502389,-0.655331,-0.815427,-0.979012,-1.13953,-1.28637,-1.40441,-1.47541,-1.48237,-1.41558,-1.27692,-1.07894,-0.839926,-0.578519,-0.310733,-0.0495073,0.194492,0.412018,0.594949
0.341506,0.549373,0.718083,0.841234,0.915796,0.942851,0.927438,0.877227,0.800909,0.706683,0.601449,0.490525,0.377792,0.265975,0.156972,0.0521222,-0.0475761,-0.141314,-0.228369,-0.308042,-0.379636,-0.442454,-0.495828,-0.539168,-0.572018,-0.594123,-0.605479,-0.60637,-0.597375,-0.579346,-0.553353,-0.520617,-0.482427,-0.440062,-0.394731,-0.34752,-0.299367,-0.251048,-0.203177,-0.156216,-0.110492,-0.0662156,-0.0234986,0.0176271,0.0571923,0.0952756,0.13199,0.167472,0.201869,0.235335,0.268018,0.300054,0.331561,0.362629,0.393315,0.423635,0.453552,0.482972,0.511734,0.5396,0.566252,0.591284,0.614202,0.63443,0.651315,0.664148,0.672186,0.674679,0.670901,0.660183,0.641939,0.615686,0.58105,0.537762,0.485647,0.424598,0.354548,0.27544,0.187209,0.0897556,-0.0170439,-0.133322,-0.259157,-0.394459,-0.538763,-0.690872,-0.848301,-1.00644,-1.15752,-1.28968,-1.38706,-1.43214,-1.41052,-1.31643,-1.1552,-0.941026,-0.691913,-0.425309,-0.156155,0.103064,0.341506,0.549373
0.254264,0.485442,0.68154,0.833666,0.935906,0.986631,0.989083,0.950422,0.879949,0.787122,0.680217,0.565748,0.448481,0.331733,0.217752,0.108062,0.00372308,-0.0944664,-0.185844,-0.269798,-0.345731,-0.413043,-0.471153,-0.519529,-0.557748,-0.585541,-0.602856,-0.60989,-0.607111,-0.595243,-0.575231,-0.548182,-0.515293,-0.477781,-0.436819,-0.393479,-0.34871,-0.303309,-0.257923,-0.213052,-0.169063,-0.126203,-0.0846226,-0.0443853,-0.00548964,0.0321183,0.0685316,0.10387,0.138273,0.171886,0.204857,0.237326,0.26942,0.301243,0.332873,0.364351,0.39567,0.426773,0.457538,0.487771,0.517196,0.545451,0.572078,0.596529,0.618167,0.63628,0.650099,0.658827,0.661671,0.657877,0.646765,0.627752,0.600379,0.564308,0.519319,0.465292,0.402176,0.329963,0.248655,0.158241,0.0586877,-0.0500534,-0.168012,-0.29512,-0.431063,-0.575035,-0.725327,-0.878702,-1.02954,-1.16887,-1.28382,-1.35835,-1.37637,-1.32662,-1.20712,-1.02595,-0.798124,-0.540963,-0.270734,-0.00154914,0.254264,0.485442
0.152464,0.403383,0.625423,0.80749,0.940672,1.01996,1.04572,1.02359,0.962819,0.873964,0.766841,0.649447,0.527717,0.405779,0.286385,0.171336,0.0618187,-0.0413478,-0.13754,-0.226224,-0.306896,-0.379054,-0.442203,-0.495881,-0.539699,-0.573389,-0.59686,-0.610234,-0.613872,-0.608376,-0.594566,-0.573432,-0.546074,-0.513639,-0.477255,-0.437982,-0.396771,-0.354443,-0.311677,-0.269013,-0.22686,-0.185509,-0.145146,-0.105874,-0.0677216,-0.0306631,0.00537234,0.0404874,0.0748073,0.108471,0.141622,0.174403,0.206948,0.239373,0.271774,0.304213,0.336714,0.369251,0.401743,0.434036,0.465901,0.497019,0.526976,0.55526,0.581259,0.604269,0.623512,0.638159,0.647359,0.65028,0.646147,0.634277,0.614109,0.58522,0.547325,0.500268,0.443996,0.378528,0.303922,0.220245,0.127554,0.0258914,-0.0847016,-0.20413,-0.332143,-0.468158,-0.610963,-0.758254,-0.90597,-1.04744,-1.17262,-1.26795,-1.31787,-1.30835,-1.23156,-1.08889,-0.890379,-0.651243,-0.387859,-0.115435,0.152464,0.403383
0.0399918,0.305263,0.549668,0.760506,0.926201,1.03812,1.0928,1.09303,1.04697,0.965716,0.860628,0.741456,0.615644,0.48842,0.36325,0.24235,0.127116,0.0184382,-0.0830703,-0.176938,-0.262747,-0.340093,-0.408571,-0.467792,-0.517413,-0.55718,-0.586975,-0.606857,-0.617093,-0.61817,-0.610783,-0.595803,-0.574228,-0.547126,-0.515575,-0.48061,-0.443183,-0.404133,-0.364171,-0.323878,-0.283705,-0.243989,-0.204958,-0.166753,-0.129439,-0.0930202,-0.0574501,-0.0226465,0.0115007,0.04512,0.0783503,0.111334,0.144208,0.177101,0.210121,0.243352,0.276843,0.3106,0.344576,0.378661,0.412668,0.446325,0.479264,0.511013,0.540994,0.568525,0.59283,0.613058,0.628318,0.637707,0.640362,0.635496,0.622441,0.600673,0.569825,0.529685,0.480173,0.421318,0.353219,0.27601,0.189833,0.094821,-0.00889899,-0.121175,-0.241762,-0.370192,-0.505557,-0.646173,-0.78907,-0.929304,-1.05919,-1.1678,-1.24137,-1.26543,-1.22858,-1.12634,-0.962922,-0.749597,-0.501264,-0.233286,0.0399918,0.305263
-0.07786,0.194968,0.456207,0.692285,0.889726,1.03661,1.12517,1.15403,1.12878,1.06003,0.960302,0.841254,0.71221,0.579865,0.448687,0.321497,0.200019,0.0852901,-0.0220485,-0.121564,-0.212917,-0.295793,-0.369882,-0.434873,-0.490483,-0.536481,-0.572739,-0.59927,-0.61626,-0.62409,-0.623336,-0.61475,-0.599223,-0.577734,-0.551302,-0.520928,-0.487555,-0.452036,-0.415111,-0.377397,-0.339392,-0.301476,-0.263924,-0.226919,-0.190562,-0.154891,-0.119888,-0.0854931,-0.0516138,-0.018134,0.0150776,0.0481603,0.0812546,0.114495,0.148003,0.181879,0.216196,0.250988,0.286242,0.321885,0.357775,0.393684,0.429292,0.464172,0.497784,0.529475,0.558483,0.583952,0.604957,0.62054,0.629757,0.63172,0.62565,0.610913,0.587042,0.55375,0.510913,0.458549,0.39678,0.325795,0.245811,0.157053,0.0597388,-0.0459056,-0.159599,-0.280916,-0.409126,-0.542944,-0.680146,-0.817032,-0.947762,-1.06374,-1.15346,-1.20351,-1.2011,-1.13772,-1.01204,-0.830372,-0.604588,-0.348954,-0.07786,0.194968
-0.194993,0.0778344,0.348931,0.604569,0.83036,1.01203,1.13773,1.20111,1.20353,1.15348,1.06376,0.947785,0.817052,0.680163,0.542958,0.409137,0.280924,0.159605,0.0459086,-0.0597377,-0.157054,-0.245813,-0.325797,-0.396784,-0.458553,-0.510918,-0.553755,-0.587047,-0.610918,-0.625655,-0.631724,-0.629761,-0.620544,-0.604961,-0.583956,-0.558487,-0.529479,-0.497787,-0.464175,-0.429295,-0.393687,-0.357778,-0.321888,-0.286244,-0.25099,-0.216198,-0.181881,-0.148005,-0.114497,-0.0812571,-0.0481628,-0.0150801,0.0181315,0.0516112,0.0854906,0.119886,0.154889,0.19056,0.226916,0.263922,0.301474,0.33939,0.377394,0.415108,0.452033,0.487552,0.520924,0.551298,0.57773,0.599218,0.614745,0.623331,0.624085,0.616255,0.599265,0.572734,0.536475,0.490477,0.434869,0.369878,0.29579,0.212915,0.121564,0.02205,-0.0852865,-0.200013,-0.321488,-0.448675,-0.57985,-0.712192,-0.841233,-0.960279,-1.06001,-1.12876,-1.15402,-1.12516,-1.03661,-0.889734,-0.6923,-0.456228,-0.194993,0.0778344
-0.305287,-0.0400179,0.233261,0.501241,0.749581,0.962914,1.12635,1.22859,1.26545,1.24139,1.16782,1.05922,0.929327,0.789089,0.646189,0.50557,0.370202,0.24177,0.12118,0.0089016,-0.0948202,-0.189834,-0.276012,-0.353222,-0.421321,-0.480177,-0.529689,-0.56983,-0.600678,-0.622446,-0.6355,-0.640366,-0.637711,-0.628322,-0.613062,-0.592833,-0.568528,-0.540997,-0.511016,-0.479266,-0.446327,-0.41267,-0.378663,-0.344579,-0.310603,-0.276845,-0.243355,-0.210124,-0.177104,-0.144211,-0.111336,-0.0783529,-0.0451225,-0.0115032,0.022644,0.0574476,0.0930177,0.129437,0.166751,0.204955,0.243986,0.283703,0.323875,0.364168,0.404129,0.443179,0.480606,0.515571,0.547122,0.574223,0.595798,0.610778,0.618164,0.617087,0.606851,0.586969,0.557174,0.517407,0.467786,0.408566,0.340089,0.262744,0.176936,0.0830703,-0.0184361,-0.127111,-0.242343,-0.36324,-0.488406,-0.615628,-0.741437,-0.860607,-0.965693,-1.04694,-1.09301,-1.09279,-1.03811,-0.926204,-0.760517,-0.549687,-0.305287,-0.0400179
-0.403405,-0.15249,0.115408,0.387833,0.651222,0.890365,1.08888,1.23157,1.30837,1.31789,1.26798,1.17265,1.04747,0.905993,0.758274,0.610979,0.46817,0.332152,0.204136,0.0847059,-0.0258891,-0.127554,-0.220245,-0.303923,-0.378531,-0.444,-0.500272,-0.547329,-0.585224,-0.614113,-0.634281,-0.646151,-0.650284,-0.647363,-0.638163,-0.623516,-0.604272,-0.581262,-0.555263,-0.526979,-0.497022,-0.465904,-0.434039,-0.401745,-0.369254,-0.336716,-0.304216,-0.271777,-0.239376,-0.20695,-0.174406,-0.141624,-0.108473,-0.0748098,-0.0404899,-0.00537488,0.0306605,0.0677191,0.105871,0.145144,0.185506,0.226858,0.26901,0.311674,0.35444,0.396768,0.437978,0.477251,0.513634,0.546069,0.573426,0.59456,0.60837,0.613865,0.610227,0.596853,0.573382,0.539692,0.495874,0.442197,0.379048,0.306892,0.226221,0.137538,0.0413483,-0.0618158,-0.171331,-0.286377,-0.405767,-0.527702,-0.649429,-0.76682,-0.873942,-0.962797,-1.02357,-1.04571,-1.01995,-0.940671,-0.807498,-0.625439,-0.403405,-0.15249
-0.485462,-0.25429,0.00152027,0.270705,0.540938,0.798105,1.02594,1.20712,1.32664,1.37639,1.35838,1.28385,1.1689,1.02957,0.878726,0.725347,0.575051,0.431076,0.295129,0.168019,0.0500576,-0.0586855,-0.15824,-0.248656,-0.329965,-0.402179,-0.465295,-0.519323,-0.564311,-0.600383,-0.627756,-0.646769,-0.657881,-0.661675,-0.65883,-0.650102,-0.636283,-0.618171,-0.596533,-0.572081,-0.545454,-0.517199,-0.487774,-0.457541,-0.426776,-0.395673,-0.364353,-0.332876,-0.301246,-0.269422,-0.237329,-0.20486,-0.171889,-0.138276,-0.103873,-0.0685341,-0.0321209,0.00548707,0.0443827,0.08462,0.126201,0.16906,0.213049,0.25792,0.303306,0.348707,0.393476,0.436814,0.477777,0.515288,0.548176,0.575224,0.595236,0.607103,0.609882,0.602847,0.585533,0.557739,0.519521,0.471145,0.413036,0.345725,0.269793,0.18584,0.0944652,-0.00372189,-0.108058,-0.217745,-0.331722,-0.448467,-0.565731,-0.680197,-0.7871,-0.879926,-0.9504,-0.989064,-0.986618,-0.935901,-0.833669,-0.681553,-0.485462,-0.25429
-0.549391,-0.341531,-0.103094,0.156123,0.425279,0.691888,0.94101,1.15519,1.31643,1.41054,1.43217,1.3871,1.28971,1.15755,1.00647,0.848326,0.690893,0.538779,0.394472,0.259166,0.133328,0.017048,-0.0897535,-0.187208,-0.275441,-0.354549,-0.424601,-0.48565,-0.537765,-0.581053,-0.61569,-0.641943,-0.660187,-0.670904,-0.674683,-0.67219,-0.664152,-0.651318,-0.634433,-0.614206,-0.591287,-0.566255,-0.539603,-0.511737,-0.482975,-0.453554,-0.423637,-0.393318,-0.362631,-0.331563,-0.300057,-0.268021,-0.235338,-0.201872,-0.167474,-0.131993,-0.0952782,-0.0571949,-0.0176297,0.0234959,0.0662128,0.110489,0.156213,0.203174,0.251045,0.299364,0.347516,0.394726,0.440057,0.482421,0.520611,0.553346,0.579338,0.597367,0.606361,0.60547,0.594113,0.572008,0.539158,0.495818,0.442445,0.379628,0.308035,0.228363,0.141311,0.0475754,-0.0521201,-0.156967,-0.265967,-0.37778,-0.490509,-0.601429,-0.706661,-0.800885,-0.877204,-0.927417,-0.942834,-0.915787,-0.841234,-0.718092,-0.549391,-0.341531
-0.594964,-0.412041,-0.194522,0.0494738,0.310699,0.578489,0.839902,1.07892,1.27692,1.4156,1.48239,1.47545,1.40445,1.28641,1.13956,0.979043,0.815453,0.655352,0.502406,0.35844,0.224214,0.0999129,-0.0145547,-0.119387,-0.214799,-0.300979,-0.378075,-0.446206,-0.505474,-0.555995,-0.597924,-0.631478,-0.65696,-0.674767,-0.685394,-0.689422,-0.687499,-0.680316,-0.66858,-0.652981,-0.634173,-0.612752,-0.58924,-0.56408,-0.537633,-0.510178,-0.481916,-0.45298,-0.423436,-0.393299,-0.362533,-0.331064,-0.298787,-0.265571,-0.231268,-0.195721,-0.158774,-0.120276,-0.0800973,-0.038136,0.00566454,0.0513023,0.0986983,0.147678,0.19795,0.249085,0.300499,0.351439,0.400976,0.448013,0.491309,0.529525,0.561285,0.58526,0.600254,0.605286,0.599661,0.583002,0.555255,0.516659,0.467692,0.409,0.341336,0.265494,0.182276,0.0924748,-0.00311415,-0.103645,-0.208142,-0.315379,-0.423702,-0.530812,-0.633494,-0.727366,-0.806687,-0.864471,-0.892935,-0.884587,-0.833522,-0.736777,-0.594964,-0.412041
-0.623497,-0.465362,-0.270501,-0.0452657,0.202724,0.464606,0.729622,0.984078,1.2107,1.3898,1.50342,1.54151,1.50623,1.41103,1.27483,1.11583,0.948022,0.780629,0.619039,0.466067,0.322975,0.190159,0.0675752,-0.0450129,-0.147898,-0.241361,-0.325639,-0.400926,-0.467379,-0.525142,-0.57437,-0.615252,-0.648038,-0.673054,-0.69071,-0.701501,-0.705994,-0.704811,-0.698608,-0.688044,-0.673761,-0.656359,-0.636382,-0.614301,-0.590515,-0.565341,-0.53902,-0.511723,-0.483549,-0.454542,-0.424692,-0.393943,-0.362201,-0.329345,-0.29523,-0.259696,-0.222579,-0.183718,-0.142964,-0.100198,-0.0553391,-0.00836159,0.0406848,0.0916564,0.144293,0.198197,0.252809,0.307394,0.361029,0.412607,0.460854,0.504374,0.541709,0.57142,0.592187,0.602904,0.602753,0.591263,0.568318,0.534135,0.489212,0.434252,0.370089,0.297617,0.217744,0.131363,0.0393541,-0.0573845,-0.157871,-0.260941,-0.365106,-0.468375,-0.568028,-0.660406,-0.740707,-0.803021,-0.840542,-0.846338,-0.814319,-0.740432,-0.623497,-0.465362
-0.63736,-0.502469,-0.33038,-0.125732,0.105445,0.35597,0.617155,0.877864,1.12337,1.33504,1.49247,1.57882,1.58741,1.52477,1.40759,1.25589,1.08718,0.914027,0.744252,0.582155,0.429811,0.288006,0.156839,0.0360836,-0.0746091,-0.175606,-0.267237,-0.349782,-0.423467,-0.488483,-0.545004,-0.593216,-0.633336,-0.665634,-0.69045,-0.708198,-0.719364,-0.724496,-0.724187,-0.719053,-0.709708,-0.696747,-0.680718,-0.662116,-0.641366,-0.618822,-0.594761,-0.56939,-0.542844,-0.515195,-0.486458,-0.456599,-0.42554,-0.393167,-0.35934,-0.323898,-0.286671,-0.247487,-0.206185,-0.162625,-0.116706,-0.0683774,-0.017664,0.0353181,0.0903355,0.147015,0.204817,0.26302,0.320703,0.376743,0.429833,0.478518,0.521255,0.556501,0.582813,0.598955,0.603993,0.597358,0.578871,0.54873,0.507452,0.455796,0.394681,0.325104,0.248082,0.164611,0.0756623,-0.0178001,-0.114767,-0.214105,-0.314432,-0.41398,-0.510394,-0.600572,-0.680458,-0.745048,-0.78847,-0.804509,-0.787321,-0.732384,-0.63736,-0.502469
-0.639456,-0.525339,-0.374849,-0.191103,0.0213453,0.256836,0.508503,0.767589,1.02228,1.25657,1.45053,1.58355,1.64087,1.61991,1.53154,1.39497,1.23046,1.05432,0.877556,0.706607,0.544813,0.393615,0.253407,0.124053,0.0051827,-0.103639,-0.202834,-0.292771,-0.373758,-0.446049,-0.509859,-0.565387,-0.612841,-0.652455,-0.684513,-0.709361,-0.727406,-0.739123,-0.745034,-0.7457,-0.741698,-0.733596,-0.721941,-0.707235,-0.689923,-0.670387,-0.648937,-0.625812,-0.60118,-0.575145,-0.547747,-0.518973,-0.48876,-0.457007,-0.423577,-0.38831,-0.351031,-0.31156,-0.26972,-0.225358,-0.178351,-0.128628,-0.0761921,-0.0211361,0.0363279,0.0958446,0.156889,0.218744,0.280483,0.340963,0.398836,0.452585,0.500582,0.541174,0.572799,0.594092,0.604003,0.601869,0.587453,0.560935,0.522856,0.474039,0.41549,0.348313,0.273636,0.192565,0.106165,0.0154745,-0.0784579,-0.174503,-0.271347,-0.36738,-0.460521,-0.548092,-0.626628,-0.691869,-0.738774,-0.76187,-0.755786,-0.71597,-0.639456,-0.525339
-0.632766,-0.536485,-0.405548,-0.24183,-0.048592,0.169839,0.408139,0.659573,0.915049,1.16178,1.38232,1.55566,1.66174,1.68888,1.6391,1.52721,1.37406,1.19937,1.01789,0.838994,0.667883,0.507046,0.357397,0.219013,0.0915732,-0.0253998,-0.132406,-0.229906,-0.318297,-0.397907,-0.469009,-0.531836,-0.586605,-0.633536,-0.672877,-0.704915,-0.729995,-0.748514,-0.760927,-0.767729,-0.769447,-0.766615,-0.759758,-0.749376,-0.735922,-0.719797,-0.701336,-0.680807,-0.658409,-0.634273,-0.608465,-0.580994,-0.551813,-0.520831,-0.487918,-0.452916,-0.415643,-0.375912,-0.333535,-0.288342,-0.240193,-0.189,-0.134745,-0.0775053,-0.0174768,0.0449961,0.109394,0.174996,0.24086,0.305813,0.36846,0.427214,0.480353,0.526118,0.56282,0.588972,0.603408,0.605377,0.594594,0.571228,0.535855,0.489366,0.432867,0.367571,0.294724,0.215542,0.131189,0.04278,-0.0485854,-0.141768,-0.235494,-0.328267,-0.418208,-0.502968,-0.579546,-0.644286,-0.692858,-0.720491,-0.722379,-0.694201,-0.632766,-0.536485
-0.620037,-0.53855,-0.424643,-0.279259,-0.104603,0.0961288,0.318886,0.558571,0.808367,1.05856,1.29511,1.49911,1.64888,1.72591,1.72245,1.64534,1.5126,1.34576,1.16335,0.978375,0.798626,0.628185,0.468825,0.321029,0.184625,0.0591514,-0.0559487,-0.16122,-0.257148,-0.344149,-0.422563,-0.492677,-0.554735,-0.608963,-0.65559,-0.694867,-0.727081,-0.752569,-0.771712,-0.784942,-0.792724,-0.795546,-0.793902,-0.788271,-0.779106,-0.766812,-0.751743,-0.734188,-0.714372,-0.69245,-0.668513,-0.642588,-0.614646,-0.584605,-0.552343,-0.5177,-0.480492,-0.440524,-0.397595,-0.351521,-0.302149,-0.249373,-0.193163,-0.133581,-0.0708161,-0.00520985,0.0627135,0.132219,0.202337,0.271854,0.339314,0.403049,0.461241,0.512013,0.55355,0.584244,0.602819,0.608448,0.600803,0.580062,0.546846,0.502131,0.447127,0.38317,0.311624,0.23382,0.151023,0.0644251,-0.0248187,-0.115549,-0.206513,-0.296295,-0.383171,-0.465044,-0.53928,-0.602712,-0.651609,-0.681829,-0.689139,-0.669592,-0.620037,-0.53855
-0.603604,-0.534014,-0.434462,-0.305255,-0.147785,0.0356647,0.242074,0.467634,0.707318,0.953979,1.19698,1.42084,1.6053,1.72871,1.77514,1.74153,1.63925,1.48862,1.31092,1.12306,0.936184,0.756645,0.587547,0.430067,0.284346,0.15002,0.0265213,-0.0867589,-0.190394,-0.284886,-0.370658,-0.44806,-0.517382,-0.578873,-0.632766,-0.679291,-0.718696,-0.751263,-0.777313,-0.79721,-0.811356,-0.820184,-0.824143,-0.823682,-0.819236,-0.811205,-0.799949,-0.78577,-0.768911,-0.749547,-0.727788,-0.703679,-0.677205,-0.648294,-0.616827,-0.582646,-0.545563,-0.505371,-0.461861,-0.414836,-0.364128,-0.30962,-0.25127,-0.189136,-0.123407,-0.05443,0.0172531,0.0908799,0.16544,0.239663,0.312019,0.380747,0.443919,0.499535,0.545653,0.580541,0.602825,0.611612,0.606551,0.587844,0.55618,0.512633,0.458535,0.395349,0.324567,0.247635,0.165915,0.080682,-0.00685656,-0.0955149,-0.184051,-0.271107,-0.355076,-0.434059,-0.505719,-0.567281,-0.615514,-0.646829,-0.657531,-0.644106,-0.603604,-0.534014
-0.585328,-0.525022,-0.43723,-0.321863,-0.179735,-0.0124266,0.177855,0.388297,0.615233,0.853512,1.09538,1.32901,1.53738,1.69921,1.7938,1.80886,1.74637,1.62164,1.45622,1.27035,1.07903,0.891622,0.713165,0.545942,0.390647,0.247152,0.11495,-0.00659728,-0.118135,-0.22025,-0.31345,-0.398161,-0.474731,-0.543453,-0.604575,-0.658329,-0.70494,-0.744651,-0.77773,-0.80448,-0.825241,-0.840384,-0.850305,-0.85541,-0.856104,-0.852769,-0.845758,-0.835375,-0.821871,-0.805434,-0.786187,-0.76419,-0.739436,-0.711861,-0.681349,-0.647739,-0.610836,-0.570427,-0.52629,-0.478216,-0.426025,-0.369592,-0.308869,-0.243917,-0.174934,-0.102286,-0.0265456,0.0514818,0.130728,0.209848,0.287221,0.360978,0.429067,0.489356,0.539772,0.578465,0.603973,0.61535,0.612249,0.594919,0.56414,0.521108,0.46729,0.404289,0.333727,0.257167,0.17607,0.0917829,0.00556909,-0.0813604,-0.167767,-0.252337,-0.333557,-0.409685,-0.478624,-0.537921,-0.584762,-0.616035,-0.628534,-0.619185,-0.585328,-0.525022
-0.566598,-0.513313,-0.434902,-0.331072,-0.202253,-0.0495143,0.125557,0.320905,0.533879,0.760812,0.9962,1.23141,1.45318,1.64299,1.77917,1.84306,1.82686,1.73756,1.59348,1.41633,1.22475,1.03172,0.844904,0.668231,0.503293,0.350402,0.209224,0.0791527,-0.0404987,-0.150391,-0.251116,-0.343178,-0.426998,-0.50292,-0.571231,-0.632176,-0.685978,-0.732856,-0.773037,-0.806775,-0.834348,-0.856067,-0.872268,-0.883306,-0.889542,-0.891329,-0.888997,-0.882841,-0.873108,-0.85999,-0.843615,-0.824048,-0.801289,-0.775274,-0.745887,-0.712961,-0.676294,-0.635661,-0.590828,-0.541575,-0.487713,-0.429112,-0.365727,-0.297629,-0.225037,-0.148352,-0.0681924,0.0145743,0.0988021,0.183051,0.26559,0.344423,0.417362,0.48213,0.536522,0.578573,0.606747,0.620073,0.61823,0.601547,0.570926,0.527707,0.473513,0.410095,0.339213,0.262543,0.181639,0.0979187,0.0126925,-0.0728047,-0.157337,-0.239625,-0.318234,-0.391549,-0.457671,-0.514416,-0.559319,-0.589679,-0.602729,-0.595813,-0.566598,-0.513313
-0.548388,-0.500211,-0.429091,-0.334657,-0.217115,-0.0771812,0.0840135,0.264979,0.463811,0.67792,0.903459,1.13432,1.36071,1.56782,1.73587,1.84368,1.87572,1.82931,1.71595,1.55579,1.36983,1.17474,0.981459,0.796169,0.621829,0.45948,0.309137,0.170317,0.0423442,-0.0754917,-0.183856,-0.283333,-0.37442,-0.457525,-0.532984,-0.601075,-0.662031,-0.716066,-0.763382,-0.804192,-0.838723,-0.867228,-0.889982,-0.907282,-0.919435,-0.926751,-0.929527,-0.928032,-0.922499,-0.913109,-0.899986,-0.883191,-0.86272,-0.838505,-0.810423,-0.778296,-0.741912,-0.70103,-0.655405,-0.604804,-0.549034,-0.487966,-0.421565,-0.349924,-0.273298,-0.19214,-0.107135,-0.019234,0.0703159,0.159958,0.247826,0.33178,0.409476,0.478487,0.53647,0.581357,0.611556,0.626097,0.624726,0.607886,0.576635,0.532486,0.477237,0.412799,0.341067,0.263831,0.182729,0.0992407,0.0147162,-0.0695917,-0.152451,-0.232616,-0.308716,-0.379246,-0.442476,-0.496446,-0.538989,-0.567764,-0.580389,-0.574597,-0.548388,-0.500211
-0.531316,-0.486665,-0.421048,-0.334107,-0.225934,-0.0970181,0.0518307,0.219536,0.404735,0.605615,0.819511,1.04218,1.26666,1.48175,1.6711,1.81423,1.89146,1.89148,1.8168,1.68255,1.50962,1.31755,1.12083,0.928517,0.745483,0.573891,0.414343,0.266629,0.130161,0.0042229,-0.111902,-0.218872,-0.317259,-0.407542,-0.490117,-0.565304,-0.633366,-0.694525,-0.748973,-0.796898,-0.838485,-0.873936,-0.903467,-0.927313,-0.945724,-0.958953,-0.967252,-0.970851,-0.969951,-0.964711,-0.955235,-0.94157,-0.923697,-0.901534,-0.874942,-0.843728,-0.80766,-0.76648,-0.71993,-0.667765,-0.609792,-0.545888,-0.476042,-0.400383,-0.319223,-0.233085,-0.142745,-0.0492654,0.0459817,0.141296,0.234654,0.323748,0.406064,0.479015,0.54012,0.587225,0.618703,0.633628,0.631848,0.613972,0.581248,0.535395,0.4784,0.412345,0.339261,0.261041,0.179399,0.0958644,0.0118155,-0.0714848,-0.152814,-0.230958,-0.304606,-0.372353,-0.432609,-0.483616,-0.523463,-0.550119,-0.56155,-0.555842,-0.531316,-0.486665
-0.515717,-0.473301,-0.411693,-0.330602,-0.230084,-0.110492,0.0275797,0.183349,0.355844,0.5438,0.745392,0.95771,1.17589,1.39182,1.59281,1.76113,1.87641,1.92164,1.89044,1.7902,1.63852,1.45598,1.26018,1.06343,0.873063,0.692849,0.524303,0.367687,0.222625,0.0884624,-0.0355344,-0.150077,-0.255806,-0.353273,-0.442938,-0.525176,-0.60029,-0.668523,-0.730076,-0.785123,-0.833822,-0.876331,-0.912815,-0.943448,-0.968416,-0.987912,-1.00213,-1.01124,-1.0154,-1.01474,-1.00932,-0.999157,-0.984204,-0.964354,-0.93944,-0.909241,-0.873501,-0.831941,-0.784283,-0.730278,-0.669732,-0.602544,-0.528739,-0.448504,-0.362226,-0.270529,-0.174309,-0.0747656,0.0265738,0.127837,0.22682,0.321024,0.407749,0.484241,0.547893,0.596475,0.628368,0.64273,0.639569,0.619703,0.584618,0.536266,0.476843,0.408602,0.333704,0.254136,0.171672,0.0878777,0.00414627,-0.0782602,-0.158136,-0.2343,-0.305503,-0.370427,-0.427614,-0.475479,-0.512342,-0.536449,-0.546072,-0.53962,-0.515717,-0.473301
-0.501704,-0.460481,-0.401656,-0.325032,-0.230676,-0.118874,0.00992074,0.155131,0.316062,0.491838,0.681216,0.88222,1.0915,1.30332,1.50823,1.69199,1.836,1.92102,1.93381,1.87319,1.75064,1.58505,1.39581,1.19834,1.00285,0.815195,0.638214,0.472909,0.319283,0.176846,0.0449038,-0.0772758,-0.190388,-0.295049,-0.391786,-0.481033,-0.563142,-0.638393,-0.707005,-0.769153,-0.824984,-0.874623,-0.91819,-0.955805,-0.987589,-1.01367,-1.03417,-1.04919,-1.05885,-1.06319,-1.06224,-1.05595,-1.04425,-1.02697,-1.00392,-0.974819,-0.939388,-0.897317,-0.848308,-0.792107,-0.728533,-0.657517,-0.579142,-0.493676,-0.401615,-0.303713,-0.201018,-0.0949,0.0129259,0.120389,0.225075,0.324277,0.415096,0.494609,0.56009,0.609269,0.640576,0.653309,0.647698,0.624828,0.586465,0.53482,0.472312,0.40136,0.324248,0.243037,0.159544,0.0753517,-0.00814509,-0.0896975,-0.168125,-0.242287,-0.310994,-0.373012,-0.427005,-0.471551,-0.505172,-0.526367,-0.533687,-0.525831,-0.501704,-0.460481
-0.489228,-0.448367,-0.391333,-0.318033,-0.228575,-0.123218,-0.00232865,0.133654,0.284231,0.448797,0.626517,0.81606,1.01514,1.21974,1.42303,1.61409,1.7773,1.89396,1.94708,1.92806,1.84068,1.69942,1.5233,1.32994,1.1325,0.93931,0.75494,0.581471,0.41951,0.268868,0.128979,-0.000863695,-0.121381,-0.23324,-0.33703,-0.433246,-0.522296,-0.604501,-0.680114,-0.749325,-0.812279,-0.869083,-0.919824,-0.964572,-1.00339,-1.03633,-1.06345,-1.08477,-1.10033,-1.11009,-1.11401,-1.11199,-1.10387,-1.08942,-1.06838,-1.04044,-1.00525,-0.962477,-0.911793,-0.852946,-0.785781,-0.710282,-0.626616,-0.535168,-0.436575,-0.33176,-0.221962,-0.108757,0.00592174,0.119774,0.230155,0.334128,0.428587,0.510442,0.57687,0.6256,0.655169,0.665088,0.655874,0.62894,0.586373,0.530669,0.464468,0.390353,0.310705,0.22764,0.142996,0.0583539,-0.024909,-0.10557,-0.182482,-0.254552,-0.320653,-0.379636,-0.43028,-0.471315,-0.501455,-0.519427,-0.524038,-0.514251,-0.489228,-0.448367
-0.478122,-0.43697,-0.380935,-0.310033,-0.224424,-0.124363,-0.0101679,0.117816,0.259223,0.413639,0.58051,0.758952,0.947412,1.1431,1.34114,1.53338,1.70743,1.84676,1.93354,1.95416,1.905,1.79417,1.63788,1.45434,1.25909,1.06306,0.872949,0.692258,0.522464,0.363867,0.216141,0.0786788,-0.0492245,-0.168265,-0.27908,-0.382222,-0.478154,-0.567248,-0.649797,-0.726017,-0.796064,-0.860042,-0.918012,-0.970007,-1.01603,-1.05608,-1.09012,-1.11809,-1.13993,-1.15553,-1.16473,-1.16735,-1.16312,-1.15174,-1.13286,-1.10608,-1.07101,-1.02725,-0.974459,-0.912396,-0.840948,-0.760183,-0.670387,-0.572101,-0.466152,-0.353674,-0.236137,-0.115359,0.00647514,0.126812,0.24275,0.351112,0.44858,0.531906,0.598206,0.645261,0.671788,0.67759,0.663552,0.631473,0.583801,0.523328,0.452911,0.375271,0.292865,0.207837,0.122018,0.0369644,-0.0459795,-0.12563,-0.200888,-0.27071,-0.334038,-0.389808,-0.436916,-0.474236,-0.500666,-0.515142,-0.516707,-0.504569,-0.478122,-0.43697
-0.468144,-0.426193,-0.370539,-0.301297,-0.218681,-0.122958,-0.0144142,0.106664,0.240005,0.385327,0.542271,0.710259,0.888245,1.0743,1.26493,1.45418,1.63249,1.78618,1.89854,1.95372,1.94234,1.86568,1.73508,1.56733,1.37915,1.18381,0.990284,0.803815,0.627048,0.460985,0.305695,0.160762,0.025557,-0.100607,-0.218395,-0.328406,-0.431156,-0.527069,-0.616482,-0.699648,-0.776743,-0.847879,-0.913107,-0.97243,-1.02581,-1.07317,-1.11439,-1.14934,-1.17784,-1.19966,-1.21453,-1.22214,-1.22211,-1.21401,-1.19737,-1.1717,-1.13652,-1.09138,-1.03593,-0.969936,-0.893364,-0.806405,-0.709513,-0.60344,-0.489251,-0.368343,-0.242457,-0.113688,0.0154996,0.142274,0.263463,0.375637,0.475266,0.558973,0.623853,0.667813,0.689841,0.690129,0.670006,0.631719,0.578102,0.512242,0.437195,0.35579,0.270524,0.183535,0.0966209,0.0112918,-0.0711598,-0.149603,-0.222993,-0.290349,-0.350682,-0.403022,-0.446376,-0.479766,-0.502261,-0.513,-0.511245,-0.496424,-0.468144,-0.426193
-0.459006,-0.415875,-0.360128,-0.29197,-0.211664,-0.11949,-0.0157198,0.0994032,0.225672,0.362897,0.510853,0.669174,0.837161,1.01348,1.19563,1.37926,1.55712,1.71831,1.8483,1.93115,1.95405,1.91232,1.81148,1.66494,1.48903,1.29854,1.10458,0.914339,0.731879,0.559146,0.396774,0.244663,0.10234,-0.0308252,-0.155494,-0.272293,-0.381783,-0.484435,-0.580633,-0.670672,-0.75476,-0.833023,-0.905514,-0.972219,-1.03306,-1.0879,-1.13656,-1.17878,-1.21427,-1.24268,-1.2636,-1.27654,-1.28097,-1.27631,-1.26194,-1.23724,-1.20161,-1.15456,-1.09571,-1.02489,-0.942181,-0.847946,-0.742871,-0.62798,-0.504639,-0.374555,-0.23978,-0.102718,0.0338656,0.166844,0.292762,0.407932,0.508626,0.59137,0.653306,0.69256,0.708499,0.701806,0.674343,0.628847,0.568551,0.496819,0.416871,0.331601,0.243506,0.154681,0.0668617,-0.0185099,-0.10021,-0.177171,-0.248415,-0.313027,-0.370097,-0.41875,-0.458111,-0.487346,-0.505693,-0.512485,-0.507185,-0.489427,-0.459006,-0.415875
-0.450403,-0.405815,-0.349625,-0.282113,-0.20358,-0.114321,-0.0145964,0.0953813,0.215451,0.345487,0.485358,0.634842,0.793479,0.96034,1.13364,1.31016,1.48446,1.64799,1.78869,1.89192,1.94357,1.93472,1.86526,1.74401,1.58522,1.40405,1.21318,1.02171,0.835292,0.657034,0.488322,0.329512,0.180382,0.0404276,-0.0909689,-0.214436,-0.330561,-0.439856,-0.542752,-0.639584,-0.730597,-0.815944,-0.895689,-0.96981,-1.0382,-1.10068,-1.15697,-1.20673,-1.24954,-1.28489,-1.31218,-1.33076,-1.33988,-1.33876,-1.32658,-1.30257,-1.266,-1.21631,-1.15313,-1.07639,-0.986339,-0.883588,-0.769136,-0.644352,-0.510963,-0.371033,-0.226958,-0.0814713,0.0623458,0.20106,0.330925,0.447999,0.548378,0.628541,0.68577,0.718526,0.726684,0.711529,0.675528,0.62194,0.554385,0.476468,0.391518,0.302443,0.211694,0.121284,0.0328588,-0.0522276,-0.132834,-0.20797,-0.276727,-0.338268,-0.391767,-0.436449,-0.471562,-0.496416,-0.510419,-0.513084,-0.504066,-0.483185,-0.450403,-0.405815
-0.44203,-0.395801,-0.338923,-0.271733,-0.194564,-0.107717,-0.0114424,0.0940701,0.208693,0.332349,0.46497,0.606431,0.756439,0.914346,1.07886,1.24758,1.4164,1.57867,1.72462,1.84154,1.91557,1.93544,1.89651,1.80268,1.66491,1.4973,1.31332,1.12358,0.935381,0.753112,0.579092,0.414279,0.258815,0.112396,-0.0254947,-0.155454,-0.278072,-0.393891,-0.503378,-0.606911,-0.704775,-0.797155,-0.884132,-0.965689,-1.0417,-1.11193,-1.17605,-1.2336,-1.28402,-1.32661,-1.36059,-1.38506,-1.39903,-1.40145,-1.39128,-1.36752,-1.3293,-1.27601,-1.20733,-1.12333,-1.02453,-0.911883,-0.786789,-0.651043,-0.506788,-0.356484,-0.20289,-0.0490768,0.101553,0.245253,0.377983,0.495556,0.593926,0.669608,0.720137,0.744456,0.74309,0.718038,0.672428,0.610045,0.534856,0.450646,0.360786,0.268138,0.175054,0.0834346,-0.00519185,-0.0895777,-0.168676,-0.241579,-0.307461,-0.365563,-0.415154,-0.455564,-0.486168,-0.506426,-0.515908,-0.514302,-0.501443,-0.477316,-0.44203,-0.395801
-0.433604,-0.385628,-0.327904,-0.26081,-0.184698,-0.0998709,-0.00656718,0.0950445,0.204864,0.322846,0.448968,0.583173,0.72528,0.874836,1.03089,1.19164,1.35393,1.51259,1.65979,1.78482,1.87501,1.91832,1.90704,1.84071,1.72633,1.57583,1.40238,1.21757,1.03009,0.845665,0.667665,0.497782,0.336637,0.184218,0.0401658,-0.0960366,-0.224957,-0.347145,-0.463096,-0.573226,-0.677856,-0.777206,-0.871387,-0.960388,-1.04408,-1.12218,-1.1943,-1.25985,-1.31814,-1.36827,-1.40921,-1.43977,-1.45866,-1.4645,-1.45596,-1.43178,-1.39096,-1.33282,-1.25717,-1.16433,-1.05518,-0.931147,-0.794138,-0.646441,-0.490664,-0.329676,-0.166602,-0.00484579,0.15187,0.299484,0.433659,0.54998,0.644321,0.713335,0.754969,0.76882,0.756215,0.719961,0.663876,0.592237,0.509288,0.418908,0.324433,0.228615,0.133662,0.0413239,-0.0470058,-0.130199,-0.207311,-0.277525,-0.340102,-0.394371,-0.439699,-0.475533,-0.501375,-0.516838,-0.521653,-0.515676,-0.498903,-0.471467,-0.433604,-0.385628
-0.424872,-0.375111,-0.316456,-0.249311,-0.174037,-0.0909299,-0.000213843,0.097962,0.20352,0.31644,0.436731,0.564382,0.699287,0.841129,0.989195,1.1421,1.2974,1.45103,1.5967,1.72556,1.82646,1.8877,1.89994,1.85932,1.76901,1.638,1.47823,1.30145,1.11735,0.932887,0.752497,0.578712,0.412733,0.254926,0.105161,-0.0369511,-0.17192,-0.30028,-0.422538,-0.539138,-0.650437,-0.756691,-0.858039,-0.954489,-1.0459,-1.13198,-1.21225,-1.28603,-1.35243,-1.41035,-1.45846,-1.49523,-1.51898,-1.52796,-1.52044,-1.4949,-1.45017,-1.3856,-1.30119,-1.19766,-1.07642,-0.939488,-0.789373,-0.628919,-0.461213,-0.289527,-0.11733,0.0516545,0.213387,0.363484,0.497314,0.610266,0.698217,0.758115,0.788511,0.789855,0.764418,0.715884,0.648743,0.567685,0.47713,0.380951,0.282363,0.183943,0.0877128,-0.00475038,-0.0922051,-0.173651,-0.248251,-0.315283,-0.374101,-0.424127,-0.464836,-0.495795,-0.516644,-0.527145,-0.527186,-0.516781,-0.496073,-0.465324,-0.424872,-0.375111
-0.415621,-0.364094,-0.304483,-0.237206,-0.16262,-0.0810077,0.00742348,0.102544,0.204297,0.31268,0.427726,0.549453,0.677808,0.812564,0.953178,1.09857,1.24679,1.3946,1.53693,1.66648,1.7737,1.84778,1.87887,1.8609,1.79374,1.68327,1.53942,1.37338,1.19528,1.013,0.832002,0.655682,0.485898,0.323468,0.168561,0.0209665,-0.119726,-0.254009,-0.38238,-0.505301,-0.623158,-0.73624,-0.844716,-0.948617,-1.04781,-1.14196,-1.23053,-1.31272,-1.38745,-1.45337,-1.5088,-1.5518,-1.5802,-1.59178,-1.58438,-1.55616,-1.50581,-1.43282,-1.33755,-1.22128,-1.08614,-0.934871,-0.770662,-0.596935,-0.417235,-0.235197,-0.0546013,0.120531,0.285838,0.436601,0.567897,0.674975,0.753851,0.801968,0.818724,0.805624,0.766008,0.704446,0.626025,0.535728,0.438021,0.336657,0.234646,0.134338,0.0375337,-0.0543795,-0.14032,-0.219417,-0.290945,-0.354282,-0.408875,-0.45425,-0.489997,-0.515807,-0.531462,-0.536874,-0.532082,-0.517242,-0.492631,-0.458617,-0.415621,-0.364094
-0.405684,-0.352457,-0.291916,-0.224476,-0.150482,-0.0701989,0.0161856,0.108563,0.206892,0.31119,0.421501,0.537866,0.660264,0.788532,0.922242,1.06053,1.20181,1.34346,1.48135,1.60942,1.71958,1.80216,1.84754,1.84847,1.80233,1.71211,1.58538,1.43213,1.26231,1.08439,0.904646,0.727296,0.554882,0.388734,0.229374,0.0768214,-0.0691952,-0.209094,-0.343346,-0.472412,-0.596698,-0.716522,-0.832085,-0.943439,-1.05045,-1.15278,-1.2498,-1.34059,-1.42386,-1.49794,-1.56075,-1.60983,-1.64246,-1.65581,-1.64721,-1.61451,-1.55638,-1.47256,-1.36401,-1.23284,-1.08205,-0.915227,-0.736278,-0.549164,-0.357823,-0.166188,0.0216933,0.201507,0.36855,0.517745,0.643895,0.742208,0.80903,0.842576,0.843356,0.814125,0.759355,0.684442,0.594933,0.495941,0.391827,0.286115,0.181537,0.0801709,-0.0164204,-0.107049,-0.190794,-0.266915,-0.334797,-0.393917,-0.443828,-0.484161,-0.514627,-0.535051,-0.545356,-0.545602,-0.535969,-0.516742,-0.488312,-0.451131,-0.405684,-0.352457
-0.394939,-0.340117,-0.278708,-0.211113,-0.137658,-0.0585866,0.0259382,0.115826,0.211055,0.311652,0.417674,0.529174,0.646151,0.768483,0.895825,1.02746,1.16208,1.29752,1.43033,1.55548,1.6661,1.75371,1.80931,1.82523,1.79723,1.72587,1.61639,1.47713,1.31739,1.14576,0.969064,0.792232,0.618457,0.4496,0.286578,0.12968,-0.0211876,-0.16634,-0.306197,-0.441202,-0.571771,-0.698246,-0.820853,-0.939669,-1.05457,-1.16517,-1.2708,-1.37036,-1.46234,-1.54468,-1.61481,-1.66965,-1.70576,-1.71961,-1.70799,-1.66847,-1.59983,-1.50237,-1.37796,-1.22975,-1.0618,-0.87862,-0.684761,-0.484636,-0.282468,-0.0824125,0.111246,0.293879,0.4604,0.605347,0.723297,0.809579,0.861157,0.877345,0.860051,0.813416,0.743018,0.654936,0.554973,0.448181,0.338671,0.229634,0.123471,0.0219616,-0.0735767,-0.162153,-0.243002,-0.31551,-0.379172,-0.433568,-0.478359,-0.513291,-0.538202,-0.553052,-0.557907,-0.552967,-0.538541,-0.515028,-0.48291,-0.442706,-0.394939,-0.340117
-0.383313,-0.32703,-0.264842,-0.19713,-0.124192,-0.0462474,0.0365646,0.124174,0.216574,0.313802,0.415922,0.522994,0.635028,0.75193,0.873408,0.998855,1.12716,1.25649,1.38394,1.50525,1.61458,1.70453,1.76693,1.79419,1.78112,1.7265,1.63345,1.50853,1.36002,1.1962,1.02416,0.849332,0.675482,0.504983,0.339159,0.178599,0.0234153,-0.126577,-0.271723,-0.412436,-0.549127,-0.682153,-0.811765,-0.938058,-1.06091,-1.17992,-1.2943,-1.40281,-1.50362,-1.59423,-1.67145,-1.73143,-1.76987,-1.78242,-1.7653,-1.71594,-1.63354,-1.51934,-1.37644,-1.20933,-1.02321,-0.823435,-0.615081,-0.402851,-0.191131,0.0157626,0.2133,0.396485,0.559773,0.697309,0.803554,0.874228,0.907292,0.903538,0.86651,0.801779,0.715887,0.615357,0.506006,0.392624,0.278937,0.167734,0.0610493,-0.0396419,-0.133263,-0.219009,-0.296262,-0.364531,-0.423418,-0.472612,-0.511884,-0.541102,-0.560238,-0.569389,-0.568756,-0.558672,-0.539558,-0.511912,-0.476282,-0.433234,-0.383313,-0.32703
-0.370774,-0.313184,-0.250326,-0.182552,-0.110131,-0.0332549,0.0479613,0.133467,0.223269,0.317415,0.415972,0.519001,0.62652,0.738447,0.854529,0.974233,1.0966,1.22002,1.34203,1.45897,1.5658,1.65611,1.72255,1.7579,1.75661,1.7162,1.63808,1.52709,1.39027,1.23529,1.06918,0.897674,0.724969,0.55389,0.386153,0.222658,0.0637367,-0.0906426,-0.240733,-0.3869,-0.529539,-0.669016,-0.805598,-0.939398,-1.07029,-1.19784,-1.32114,-1.43875,-1.54845,-1.64722,-1.73107,-1.79518,-1.83422,-1.84293,-1.81705,-1.75416,-1.65431,-1.52017,-1.35645,-1.16912,-0.964498,-0.748584,-0.52677,-0.303853,-0.0842767,0.127502,0.326642,0.50767,0.664514,0.790959,0.881573,0.932871,0.944282,0.918448,0.860687,0.77789,0.677299,0.56557,0.448271,0.329753,0.213257,0.101124,-0.00498481,-0.103887,-0.19473,-0.276884,-0.349863,-0.413294,-0.466888,-0.510444,-0.543851,-0.567106,-0.580314,-0.583706,-0.577616,-0.562493,-0.538853,-0.50727,-0.468344,-0.422661,-0.370774,-0.313184
-0.357329,-0.298597,-0.235187,-0.167418,-0.0955289,-0.0196802,0.0600351,0.143586,0.23099,0.322302,0.417591,0.516918,0.6203,0.727663,0.838775,0.953155,1.06995,1.18774,1.30436,1.41663,1.52017,1.60938,1.6777,1.71845,1.72602,1.6972,1.63207,1.53398,1.40869,1.26304,1.10376,0.936629,0.766141,0.595475,0.426695,0.260994,0.0989322,-0.0593603,-0.214031,-0.365387,-0.513799,-0.65963,-0.803161,-0.944514,-1.08356,-1.21979,-1.35219,-1.47901,-1.5976,-1.70421,-1.79385,-1.86053,-1.89768,-1.89914,-1.86036,-1.7796,-1.6584,-1.50136,-1.31512,-1.10711,-0.884499,-0.653653,-0.419994,-0.188246,0.0371437,0.251513,0.449578,0.625248,0.771868,0.883013,0.953744,0.981923,0.968963,0.919634,0.840996,0.740972,0.627125,0.505902,0.382382,0.260338,0.142469,0.0306599,-0.0737836,-0.169949,-0.257186,-0.335017,-0.403084,-0.461123,-0.508956,-0.546498,-0.573763,-0.590875,-0.598077,-0.595726,-0.584278,-0.56428,-0.536327,-0.501046,-0.459066,-0.410979,-0.357329,-0.298597
-0.343016,-0.283311,-0.219471,-0.15178,-0.0804423,-0.00559188,0.0727016,0.154424,0.239604,0.328301,0.420584,0.51651,0.616092,0.719256,0.825783,0.935227,1.0468,1.15924,1.27061,1.37809,1.47784,1.56491,1.63347,1.6774,1.69128,1.67152,1.61727,1.53065,1.4162,1.27986,1.12788,0.965875,0.798467,0.629076,0.460048,0.292837,0.128218,-0.0335169,-0.192406,-0.348687,-0.502702,-0.654805,-0.805285,-0.954265,-1.10159,-1.24669,-1.38834,-1.52445,-1.65176,-1.76558,-1.85969,-1.92661,-1.95839,-1.94809,-1.89143,-1.78806,-1.6418,-1.45965,-1.2502,-1.02207,-0.782883,-0.538976,-0.295545,-0.0571427,0.171732,0.386058,0.579908,0.746426,0.878417,0.969573,1.01605,1.01771,0.978435,0.905194,0.806513,0.690903,0.565802,0.437127,0.309279,0.185377,0.0675676,-0.0426974,-0.144434,-0.236966,-0.319819,-0.39265,-0.455219,-0.507371,-0.549043,-0.580268,-0.601188,-0.61206,-0.613256,-0.605254,-0.588611,-0.563959,-0.531947,-0.493237,-0.448466,-0.398219,-0.343016,-0.283311
-0.327899,-0.267387,-0.203236,-0.135693,-0.0649309,0.00894434,0.0858844,0.16589,0.249,0.335275,0.424784,0.517575,0.613656,0.712949,0.815237,0.920096,1.02679,1.13416,1.24044,1.34312,1.43875,1.52296,1.59052,1.63587,1.6539,1.64089,1.5954,1.51858,1.41393,1.28648,1.14185,0.985385,0.821663,0.654233,0.485635,0.317535,0.150896,-0.0138408,-0.176606,-0.337571,-0.497041,-0.65536,-0.812818,-0.969532,-1.12531,-1.27946,-1.4305,-1.57587,-1.7115,-1.83147,-1.92796,-1.99171,-2.01341,-1.98575,-1.90557,-1.77496,-1.60071,-1.39243,-1.16036,-0.913764,-0.660197,-0.405589,-0.154751,0.087913,0.317685,0.528934,0.714844,0.867713,0.980033,1.0462,1.06427,1.03681,0.9704,0.874007,0.757109,0.628243,0.494293,0.360391,0.230152,0.106028,-0.0103569,-0.117935,-0.215998,-0.304072,-0.381829,-0.449049,-0.505603,-0.551446,-0.586632,-0.611319,-0.625778,-0.630397,-0.625668,-0.612176,-0.590564,-0.561525,-0.525742,-0.483893,-0.436606,-0.384444,-0.327899,-0.267387
-0.312058,-0.250897,-0.186547,-0.119219,-0.0490539,0.0238668,0.099515,0.177905,0.259082,0.343108,0.430048,0.519942,0.612788,0.7085,0.806858,0.907449,1.00957,1.11214,1.21353,1.31144,1.40278,1.4836,1.54923,1.59462,1.61501,1.60674,1.568,1.49925,1.40311,1.28377,1.14621,0.99538,0.835686,0.670692,0.503049,0.334571,0.166371,-0.000985322,-0.167331,-0.332775,-0.497591,-0.662111,-0.826618,-0.991214,-1.15564,-1.31903,-1.47955,-1.63397,-1.77713,-1.90149,-1.99721,-2.05305,-2.05856,-2.00697,-1.89751,-1.73582,-1.53208,-1.29823,-1.04548,-0.783007,-0.517785,-0.255093,0.000655427,0.245032,0.472803,0.677397,0.850893,0.984828,1.07191,1.10814,1.09439,1.03644,0.943478,0.825916,0.693487,0.554184,0.413993,0.277111,0.146349,0.02353,-0.0901782,-0.194032,-0.287553,-0.370427,-0.442456,-0.503532,-0.553632,-0.592826,-0.621288,-0.639305,-0.647277,-0.645714,-0.635218,-0.616461,-0.590156,-0.557031,-0.517788,-0.473101,-0.423575,-0.369742,-0.312058,-0.250897
-0.295584,-0.233919,-0.169472,-0.102417,-0.0328678,0.039119,0.113533,0.190399,0.269767,0.3517,0.436255,0.523464,0.613311,0.705699,0.800401,0.897005,0.994835,1.09285,1.18953,1.28276,1.3697,1.44678,1.50978,1.55412,1.57541,1.57013,1.53632,1.47394,1.38492,1.27272,1.14167,0.996272,0.840686,0.678385,0.512046,0.343564,0.174155,0.00448155,-0.165216,-0.334996,-0.505104,-0.675862,-0.847544,-1.02022,-1.19351,-1.36631,-1.53627,-1.69924,-1.84854,-1.97452,-2.06487,-2.10638,-2.08825,-2.00574,-1.86201,-1.66703,-1.43423,-1.17704,-0.906674,-0.631517,-0.357586,-0.08946,0.168667,0.41201,0.634415,0.828018,0.983708,1.09266,1.14873,1.15069,1.10304,1.01488,0.897452,0.761778,0.617105,0.470415,0.32659,0.188859,0.0592802,-0.0608648,-0.170789,-0.270006,-0.358219,-0.435248,-0.501005,-0.555488,-0.598783,-0.631078,-0.652672,-0.663979,-0.665525,-0.657931,-0.641893,-0.618153,-0.587468,-0.550586,-0.508206,-0.460983,-0.409489,-0.354218,-0.295584,-0.233919
-0.278573,-0.216535,-0.152078,-0.0853465,-0.0164253,0.05465,0.127884,0.203312,0.280987,0.360967,0.443302,0.528014,0.615073,0.704365,0.795652,0.888518,0.982294,1.07598,1.16813,1.25676,1.33925,1.41234,1.47218,1.51462,1.53561,1.53187,1.50136,1.44376,1.36045,1.25428,1.12898,0.988593,0.836961,0.677398,0.512528,0.344264,0.173875,0.00207958,-0.17083,-0.344881,-0.520301,-0.697405,-0.876449,-1.05744,-1.23983,-1.42214,-1.60129,-1.77179,-1.9249,-2.04825,-2.12676,-2.14578,-2.09574,-1.9759,-1.79473,-1.5666,-1.30726,-1.03035,-0.746121,-0.46164,-0.181864,0.0891486,0.347066,0.586272,0.799219,0.976479,1.10797,1.18539,1.2051,1.1698,1.08805,0.971785,0.83333,0.683354,0.529996,0.378941,0.233911,0.0972387,-0.0296628,-0.145955,-0.251144,-0.344943,-0.427194,-0.497829,-0.556862,-0.604395,-0.640627,-0.665867,-0.680543,-0.685192,-0.680457,-0.667055,-0.645759,-0.617358,-0.582635,-0.542335,-0.497142,-0.447679,-0.394475,-0.337983,-0.278573,-0.216535
-0.26112,-0.198821,-0.13443,-0.0680605,0.000226499,0.0704153,0.142524,0.216595,0.292681,0.370836,0.451102,0.533485,0.617939,0.704335,0.792418,0.881761,0.971697,1.06124,1.14902,1.23314,1.31116,1.38007,1.43634,1.47619,1.49592,1.49248,1.46387,1.40959,1.33064,1.22934,1.10891,0.972926,0.824902,0.667927,0.504512,0.336531,0.165251,-0.00858826,-0.184677,-0.363028,-0.543867,-0.727505,-0.914163,-1.10374,-1.29545,-1.48721,-1.67486,-1.85105,-2.00424,-2.11871,-2.17679,-2.16383,-2.07386,-1.91223,-1.69323,-1.4347,-1.15306,-0.860862,-0.566645,-0.275994,0.00702336,0.278482,0.53338,0.764691,0.963019,1.11737,1.21743,1.2569,1.23617,1.16274,1.0489,0.908318,0.753217,0.59308,0.434533,0.281883,0.137781,0.00379377,-0.119179,-0.230633,-0.330294,-0.418022,-0.493767,-0.55756,-0.609513,-0.649834,-0.678841,-0.696969,-0.704768,-0.702897,-0.692099,-0.673174,-0.646947,-0.614237,-0.57583,-0.532455,-0.484765,-0.433342,-0.378668,-0.321151,-0.26112,-0.198821
-0.243314,-0.180849,-0.116584,-0.0506067,0.0170464,0.0863769,0.157414,0.230204,0.3048,0.381247,0.459577,0.53978,0.621794,0.705468,0.790529,0.876532,0.962807,1.04838,1.13191,1.21159,1.28513,1.3497,1.40208,1.43879,1.45647,1.45229,1.42437,1.37211,1.29623,1.19866,1.08215,0.949855,0.804938,0.650237,0.4881,0.32031,0.148087,-0.0278482,-0.207198,-0.389989,-0.576454,-0.766896,-0.961484,-1.15994,-1.36105,-1.56189,-1.75667,-1.9354,-2.08289,-2.1798,-2.20694,-2.15227,-2.01627,-1.81162,-1.55763,-1.27362,-0.974915,-0.671954,-0.371282,-0.0771714,0.206772,0.476174,0.724695,0.943285,1.12044,1.24412,1.30527,1.30148,1.23853,1.12869,0.986856,0.826955,0.660008,0.493751,0.333177,0.181313,0.0399083,-0.0900692,-0.208101,-0.313923,-0.407411,-0.488536,-0.557339,-0.613941,-0.658554,-0.691499,-0.713215,-0.724263,-0.725315,-0.717137,-0.700558,-0.676439,-0.64564,-0.608987,-0.567253,-0.521138,-0.471252,-0.418128,-0.362201,-0.303835,-0.243314,-0.180849
-0.22524,-0.162684,-0.0985924,-0.0330262,0.0339997,0.102503,0.172523,0.244106,0.317302,0.392148,0.468661,0.546817,0.626533,0.707634,0.789826,0.872645,0.955405,1.03714,1.11652,1.19182,1.26084,1.32096,1.36917,1.40228,1.41724,1.41146,1.38319,1.33179,1.25782,1.16287,1.04931,0.919918,0.777497,0.62462,0.463438,0.295602,0.122246,-0.0559698,-0.238789,-0.426272,-0.618671,-0.816273,-1.01914,-1.22671,-1.4371,-1.64606,-1.84544,-2.02158,-2.15495,-2.22312,-2.20794,-2.10351,-1.91902,-1.67406,-1.39067,-1.08734,-0.776867,-0.467148,-0.162904,0.13244,0.41511,0.679546,0.917317,1.11684,1.26474,1.34928,1.36485,1.31484,1.21091,1.06898,0.90479,0.731114,0.556987,0.388217,0.228276,0.0791228,-0.058189,-0.183124,-0.295425,-0.394989,-0.481798,-0.555903,-0.61743,-0.666589,-0.703697,-0.729195,-0.743647,-0.747736,-0.742247,-0.728038,-0.706008,-0.677056,-0.642058,-0.601832,-0.55712,-0.508581,-0.456779,-0.402192,-0.345205,-0.28614,-0.22524,-0.162684
-0.206968,-0.14438,-0.080496,-0.0153529,0.0510575,0.118768,0.187824,0.258271,0.330152,0.403494,0.478298,0.554522,0.63206,0.710715,0.790164,0.869921,0.949282,1.02727,1.10258,1.17352,1.23801,1.29354,1.33734,1.36647,1.37815,1.37002,1.34049,1.28895,1.21582,1.12246,1.0109,0.883579,0.742967,0.591359,0.430688,0.262438,0.087624,-0.0931857,-0.279807,-0.472349,-0.671088,-0.876264,-1.08775,-1.30449,-1.52356,-1.73868,-1.93829,-2.10401,-2.21186,-2.23849,-2.1708,-2.01247,-1.78171,-1.50264,-1.19705,-0.880617,-0.562989,-0.249645,0.0559895,0.350652,0.629605,0.885243,1.10631,1.27859,1.38793,1.42525,1.39088,1.29513,1.1546,0.986881,0.806705,0.624635,0.447444,0.279134,0.121917,-0.0230563,-0.155226,-0.274344,-0.38032,-0.473151,-0.552893,-0.619669,-0.673681,-0.715238,-0.744772,-0.762842,-0.770141,-0.767467,-0.755707,-0.735793,-0.708672,-0.675266,-0.636447,-0.593006,-0.54565,-0.494984,-0.441519,-0.38568,-0.3278,-0.26816,-0.206968,-0.14438
-0.188561,-0.125979,-0.0623285,0.00238507,0.068196,0.135151,0.203297,0.272676,0.343321,0.415247,0.488436,0.562827,0.638289,0.714599,0.791406,0.868195,0.944238,1.01855,1.08982,1.15641,1.2163,1.26713,1.30629,1.33109,1.339,1.32789,1.29633,1.24375,1.17052,1.07777,0.967304,0.841213,0.701673,0.550701,0.389996,0.220853,0.0441356,-0.139704,-0.330576,-0.528651,-0.734211,-0.947388,-1.16771,-1.39332,-1.61963,-1.83731,-2.0301,-2.17422,-2.24275,-2.21552,-2.08907,-1.87814,-1.60774,-1.30284,-0.982353,-0.658165,-0.336856,-0.0220847,0.283272,0.575271,0.847274,1.08871,1.28505,1.42019,1.48152,1.46565,1.38073,1.2435,1.0733,0.887047,0.697076,0.511308,0.33438,0.168805,0.0158551,-0.123881,-0.25016,-0.362907,-0.462128,-0.54788,-0.620277,-0.679506,-0.725858,-0.759745,-0.781718,-0.792465,-0.792796,-0.78362,-0.765906,-0.740644,-0.708811,-0.671332,-0.629058,-0.582747,-0.533054,-0.480532,-0.425635,-0.368728,-0.310097,-0.249983,-0.188561,-0.125979
-0.170065,-0.107512,-0.0441156,0.020164,0.0853949,0.151635,0.218927,0.287304,0.356786,0.427372,0.499027,0.571666,0.645135,0.719178,0.793416,0.867299,0.940075,1.01073,1.07798,1.14018,1.1954,1.24138,1.27569,1.29585,1.29956,1.28491,1.25063,1.19624,1.12204,1.02904,0.918781,0.793096,0.65387,0.502845,0.341479,0.170864,-0.00830763,-0.195724,-0.3914,-0.595563,-0.808456,-1.02999,-1.25908,-1.49255,-1.72319,-1.93729,-2.11273,-2.221,-2.23598,-2.1462,-1.96082,-1.704,-1.40331,-1.08113,-0.751994,-0.423991,-0.101289,0.21344,0.516974,0.803698,1.06401,1.28362,1.44503,1.53234,1.53793,1.46686,1.33526,1.164,0.972336,0.774659,0.580254,0.394517,0.220331,0.059112,-0.0885104,-0.222296,-0.342184,-0.448186,-0.540357,-0.618794,-0.683661,-0.735217,-0.773847,-0.800077,-0.814585,-0.818182,-0.811794,-0.796423,-0.773106,-0.742872,-0.706707,-0.665525,-0.620145,-0.57128,-0.519534,-0.4654,-0.409273,-0.35146,-0.292194,-0.231683,-0.170065,-0.107512
-0.151511,-0.088992,-0.025879,0.0379602,0.102635,0.168205,0.234701,0.30214,0.370525,0.439839,0.510026,0.580979,0.652514,0.724346,0.796058,0.86707,0.936593,1.0036,1.06678,1.12454,1.17497,1.21596,1.2452,1.26042,1.25954,1.24085,1.20327,1.14637,1.07043,0.976362,0.865494,0.73941,0.599727,0.447921,0.285208,0.112463,-0.069805,-0.261435,-0.462543,-0.673383,-0.894071,-1.12407,-1.36127,-1.60032,-1.83009,-2.03101,-2.17493,-2.23166,-2.18187,-2.02736,-1.78938,-1.49698,-1.1759,-0.843737,-0.51048,-0.18113,0.141629,0.455162,0.754871,1.03232,1.27393,1.46152,1.57631,1.60625,1.55236,1.4292,1.25875,1.06267,0.857683,0.654703,0.460051,0.277055,0.107314,-0.04849,-0.190117,-0.317516,-0.430706,-0.529733,-0.614671,-0.68565,-0.742885,-0.786719,-0.817642,-0.836305,-0.84351,-0.840192,-0.827381,-0.806156,-0.777604,-0.742774,-0.702647,-0.658112,-0.609948,-0.558818,-0.50527,-0.449741,-0.392564,-0.333988,-0.274182,-0.21333,-0.151511,-0.088992
-0.132903,-0.0704173,-0.00764465,0.0557446,0.119899,0.184854,0.250615,0.317175,0.384522,0.452618,0.52139,0.590702,0.660343,0.729992,0.799196,0.867335,0.933588,0.996899,1.05595,1.10916,1.15469,1.1905,1.21445,1.22445,1.21861,1.19546,1.15403,1.094,1.01565,0.91976,0.80751,0.680249,0.539338,0.386,0.221207,0.0456126,-0.140462,-0.337002,-0.544204,-0.762271,-0.991017,-1.22911,-1.47266,-1.71294,-1.93331,-2.10748,-2.20336,-2.19495,-2.07572,-1.86184,-1.58224,-1.26554,-0.932597,-0.595729,-0.26111,0.0683078,0.390298,0.701203,0.993859,1.25579,1.46882,1.61204,1.66896,1.63579,1.52439,1.35711,1.158,0.946358,0.735034,0.531467,0.339541,0.161081,-0.00315868,-0.152933,-0.288202,-0.408988,-0.515326,-0.60726,-0.684874,-0.748328,-0.797905,-0.83404,-0.857341,-0.868588,-0.868711,-0.85876,-0.839853,-0.813133,-0.779716,-0.740657,-0.696917,-0.64935,-0.598688,-0.545546,-0.490417,-0.433682,-0.375618,-0.316408,-0.256146,-0.194998,-0.132903,-0.0704173
-0.114194,-0.0517763,0.0105365,0.0734764,0.13717,0.201582,0.26667,0.332406,0.39876,0.46568,0.533069,0.600767,0.668529,0.735998,0.802681,0.867917,0.930845,0.990382,1.0452,1.09373,1.13419,1.16463,1.18306,1.18755,1.17644,1.14841,1.10266,1.03895,0.957554,0.859173,0.744817,0.615627,0.472728,0.317092,0.149454,-0.02975,-0.22038,-0.422547,-0.63646,-0.86213,-1.09876,-1.3436,-1.58993,-1.82401,-2.02238,-2.1531,-2.18538,-2.10443,-1.91949,-1.65744,-1.34881,-1.01771,-0.679109,-0.340718,-0.00605528,0.322852,0.64315,0.948951,1.22918,1.46633,1.63817,1.72425,1.71539,1.61951,1.45837,1.25807,1.04077,0.821543,0.609207,0.408331,0.221035,0.0481663,-0.110015,-0.25348,-0.382255,-0.496362,-0.595808,-0.68062,-0.750891,-0.806824,-0.84878,-0.877302,-0.893125,-0.897162,-0.890468,-0.874196,-0.84954,-0.817686,-0.779766,-0.736823,-0.68979,-0.639476,-0.586567,-0.531626,-0.4751,-0.417321,-0.358515,-0.298801,-0.238171,-0.176782,-0.114194,-0.0517763
-0.0952199,-0.0331032,0.0285504,0.0911066,0.154452,0.218406,0.28288,0.347833,0.413225,0.478991,0.545013,0.611101,0.676976,0.742241,0.806359,0.868624,0.928138,0.983787,1.03423,1.07792,1.11312,1.13797,1.15064,1.14936,1.13264,1.09937,1.04888,0.980994,0.895985,0.79448,0.677337,0.545499,0.399861,0.241161,0.0699005,-0.113686,-0.309619,-0.518073,-0.739151,-0.972409,-1.21592,-1.46458,-1.70729,-1.92377,-2.08387,-2.15424,-2.11282,-1.96082,-1.721,-1.42446,-1.09817,-0.759957,-0.419435,-0.0809912,0.253296,0.581197,0.898023,1.19426,1.45363,1.65353,1.77027,1.78913,1.71289,1.56145,1.3624,1.14083,0.914414,0.693634,0.483921,0.287773,0.106167,-0.0606127,-0.212545,-0.349664,-0.471977,-0.579453,-0.672055,-0.749788,-0.812761,-0.861234,-0.895662,-0.91671,-0.925248,-0.922322,-0.909106,-0.886843,-0.856788,-0.820154,-0.778073,-0.731565,-0.681523,-0.62871,-0.573761,-0.517193,-0.459411,-0.400715,-0.341295,-0.281217,-0.220357,-0.158832,-0.0952199,-0.0331032
-0.0755873,-0.0147166,0.0461893,0.108623,0.171796,0.235377,0.299273,0.363458,0.427896,0.492509,0.557157,0.621617,0.685571,0.748578,0.810055,0.86925,0.925223,0.976831,1.02272,1.06137,1.09109,1.11013,1.11678,1.10946,1.08685,1.048,0.992375,0.919863,0.830728,0.725519,0.604949,0.469773,0.320668,0.158147,-0.0175013,-0.206221,-0.408134,-0.623374,-0.851712,-1.09181,-1.33979,-1.5868,-1.81575,-1.99927,-2.10357,-2.10108,-1.98479,-1.77152,-1.49123,-1.17301,-0.837572,-0.49672,-0.156028,0.182104,0.515848,0.841577,1.15137,1.4306,1.65717,1.80523,1.85474,1.80246,1.66487,1.47015,1.2462,1.01366,0.784998,0.566726,0.361838,0.171495,-0.003979,-0.16457,-0.310323,-0.441234,-0.557234,-0.658215,-0.744088,-0.814842,-0.870613,-0.911737,-0.938778,-0.952534,-0.954018,-0.944406,-0.924979,-0.897061,-0.86195,-0.820873,-0.774948,-0.725161,-0.672359,-0.617254,-0.56043,-0.502358,-0.443411,-0.38387,-0.323927,-0.263637,-0.202806,-0.141351,-0.0755873,-0.0147166
-0.0547561,0.0020119,0.0633702,0.126252,0.189362,0.25256,0.315858,0.379261,0.442734,0.506179,0.569426,0.632216,0.694188,0.754855,0.813582,0.86957,0.921838,0.969215,1.01035,1.04372,1.06772,1.08071,1.08109,1.06746,1.03868,0.993947,0.932834,0.855287,0.761554,0.652102,0.527504,0.388333,0.235062,0.0679957,-0.112761,-0.307278,-0.515683,-0.737868,-0.972894,-1.21781,-1.4656,-1.70206,-1.9031,-2.0362,-2.07034,-1.99101,-1.80788,-1.54793,-1.24126,-0.911226,-0.572014,-0.23069,0.109745,0.447619,0.780165,1.10099,1.39736,1.6485,1.82752,1.9099,1.88577,1.76669,1.58007,1.35627,1.11909,0.883384,0.657035,0.44368,0.244735,0.0605917,-0.10874,-0.263318,-0.403139,-0.5281,-0.638023,-0.732712,-0.812024,-0.875945,-0.924656,-0.958583,-0.978417,-0.9851,-0.979785,-0.963778,-0.938459,-0.905215,-0.865376,-0.820168,-0.770684,-0.71787,-0.662523,-0.605299,-0.546727,-0.487231,-0.427148,-0.366753,-0.306275,-0.245871,-0.18546,-0.124383,-0.0547561,0.0020119
-0.0627906,0.0133575,0.0814631,0.145098,0.20771,0.270189,0.332704,0.395235,0.457691,0.519928,0.581726,0.642783,0.702686,0.760896,0.81673,0.869339,0.917701,0.960621,0.996745,1.0246,1.04262,1.04929,1.04316,1.02298,0.987766,0.936863,0.869945,0.786992,0.68823,0.574037,0.444851,0.301069,0.142979,-0.029295,-0.215782,-0.416587,-0.631666,-0.860344,-1.10036,-1.34611,-1.58593,-1.79905,-1.95536,-2.0225,-1.97982,-1.82938,-1.59351,-1.30196,-0.98016,-0.644734,-0.30449,0.0366867,0.377023,0.714377,1.04372,1.35431,1.62726,1.83588,1.9523,1.96009,1.8645,1.69047,1.47002,1.2302,0.988657,0.754963,0.533607,0.326359,0.133719,-0.0442931,-0.207759,-0.356683,-0.490942,-0.610296,-0.714442,-0.803093,-0.876058,-0.933332,-0.975161,-1.00208,-1.01492,-1.01477,-1.00293,-0.98082,-0.94992,-0.911664,-0.8674,-0.818344,-0.765556,-0.709936,-0.652228,-0.593029,-0.532813,-0.471945,-0.41071,-0.349349,-0.288111,-0.227362,-0.16773,-0.11047,-0.0460372,0.0722079
-0.0627906,0.0326769,0.0986506,0.162564,0.225286,0.287489,0.349442,0.411187,0.472645,0.533648,0.593942,0.65318,0.710899,0.766508,0.81927,0.868289,0.912508,0.950714,0.98156,1.00361,1.01539,1.01549,1.0026,0.975625,0.933745,0.876423,0.803414,0.714723,0.610539,0.491151,0.356861,0.20791,0.0444199,-0.133614,-0.326272,-0.533536,-0.754904,-0.988608,-1.23016,-1.46998,-1.69042,-1.86444,-1.96002,-1.95221,-1.83578,-1.62716,-1.35422,-1.04363,-0.714291,-0.376942,-0.0366073,0.30457,0.644817,0.980248,1.30205,1.5936,1.82947,1.9799,2.02257,1.95542,1.79909,1.58597,1.34615,1.1004,0.860399,0.631735,0.416672,0.215886,0.0294207,-0.142828,-0.30089,-0.44464,-0.573791,-0.687945,-0.786665,-0.869572,-0.936441,-0.987292,-1.02245,-1.04257,-1.04865,-1.04192,-1.02383,-0.995917,-0.959733,-0.916756,-0.868341,-0.815686,-0.759815,-0.701579,-0.641667,-0.580622,-0.518862,-0.456692,-0.394326,-0.331892,-0.269445,-0.207018,-0.144908,-0.0849772,-0.0627812,0.0627999
