0.0444216,0.0409413,0.0827656,0.131983,0.182175,0.23215,0.281447,0.329784,0.376944,0.422736,0.466991,0.50955,0.550267,0.589002,0.625624,0.660008,0.692031,0.721578,0.748533,0.772785,0.794225,0.812748,0.82825,0.840635,0.849811,0.855693,0.858206,0.857286,0.852883,0.844961,0.833504,0.81852,0.800036,0.778109,0.752821,0.724283,0.692633,0.658035,0.620674,0.580756,0.538499,0.494129,0.447881,0.399986,0.350678,0.300189,0.248756,0.196637,0.14417,0.0920062,0.0431049,0.0321989,0.0774475,0.129085,0.18132,0.233258,0.284522,0.334849,0.384006,0.43177,0.47792,0.522232,0.564483,0.604455,0.641935,0.676723,0.708633,0.737502,0.763188,0.785577,0.804578,0.82013,0.832195,0.840761,0.845833,0.847441,0.845627,0.840447,0.831972,0.82028,0.805458,0.787599,0.766801,0.743168,0.716808,0.68783,0.656351,0.622487,0.586363,0.548108,0.507855,0.46575,0.421945,0.376607,0.329915,0.282076,0.233334,0.184024,0.134719,0.0868015,0.0444182,0.0444249
0.0330502,0.0334037,0.0803985,0.130665,0.181115,0.231112,0.280326,0.328518,0.375483,0.421041,0.465022,0.507271,0.547641,0.585992,0.622194,0.65612,0.68765,0.716668,0.743061,0.766719,0.787536,0.805411,0.820245,0.831946,0.840428,0.845612,0.84743,0.845825,0.840754,0.83219,0.820126,0.804574,0.785573,0.763185,0.737498,0.708629,0.676719,0.641931,0.604451,0.564479,0.522227,0.477915,0.431766,0.384002,0.334844,0.284518,0.233253,0.181315,0.129081,0.077444,0.0321989,0.0431113,0.0920122,0.144175,0.196643,0.248761,0.300194,0.350683,0.399991,0.447886,0.494134,0.538503,0.58076,0.620678,0.658039,0.692637,0.724286,0.752824,0.778112,0.80004,0.818524,0.833509,0.844966,0.852889,0.857295,0.858217,0.855708,0.84983,0.840661,0.828285,0.812794,0.794287,0.772866,0.748639,0.721715,0.692207,0.660232,0.625908,0.589358,0.550711,0.510101,0.467669,0.423566,0.377952,0.331002,0.282905,0.233871,0.184136,0.133956,0.0835068,0.0330502,0.0334037
0.0789411,0.078323,0.107061,0.148504,0.194236,0.241317,0.288526,0.335222,0.380997,0.425556,0.468662,0.510116,0.54974,0.587376,0.622878,0.656111,0.686946,0.715263,0.740947,0.763887,0.783978,0.80112,0.815218,0.826183,0.833936,0.838404,0.839524,0.837249,0.831542,0.822387,0.809784,0.793755,0.774348,0.751634,0.72571,0.696699,0.664749,0.63003,0.592733,0.553065,0.511246,0.467509,0.422101,0.375283,0.327354,0.278673,0.229741,0.181399,0.135418,0.0964926,0.0773538,0.0918789,0.129208,0.175141,0.224125,0.274109,0.324144,0.373668,0.422277,0.469639,0.515454,0.559443,0.601341,0.640896,0.677873,0.712055,0.743251,0.771293,0.796044,0.817395,0.835268,0.849612,0.860406,0.867651,0.871369,0.871603,0.86841,0.861863,0.852042,0.839041,0.822956,0.803892,0.781958,0.757264,0.729927,0.700064,0.667796,0.633249,0.596552,0.557843,0.517269,0.474988,0.431177,0.386035,0.339795,0.292747,0.245277,0.197969,0.151893,0.109594,0.0789411,0.078323
0.129361,0.128697,0.147736,0.179892,0.219,0.261449,0.305299,0.349449,0.393213,0.436119,0.477821,0.518045,0.556562,0.59318,0.627727,0.660048,0.690002,0.71746,0.742301,0.76441,0.783681,0.800015,0.813318,0.823508,0.830507,0.834251,0.834683,0.831763,0.825466,0.815781,0.802721,0.786319,0.766631,0.74374,0.717754,0.688806,0.657055,0.622683,0.585893,0.546909,0.505977,0.463366,0.419377,0.374366,0.32878,0.283236,0.238683,0.19675,0.160474,0.135389,0.128881,0.143821,0.174837,0.214933,0.259656,0.306608,0.354446,0.402334,0.449687,0.496049,0.541037,0.584312,0.625562,0.664506,0.700884,0.734466,0.765049,0.79246,0.81656,0.837241,0.854429,0.868077,0.878168,0.884711,0.887734,0.887286,0.883432,0.87625,0.865828,0.852264,0.835664,0.816137,0.793798,0.768766,0.741162,0.711113,0.678747,0.644201,0.607619,0.569154,0.528978,0.487281,0.444286,0.40026,0.35554,0.310576,0.266018,0.222897,0.18302,0.149806,0.129361,0.128697
0.17987,0.179352,0.193366,0.218801,0.251795,0.289288,0.329218,0.370241,0.411462,0.452252,0.492151,0.530803,0.567922,0.603271,0.636646,0.66787,0.696785,0.723248,0.747131,0.768313,0.786687,0.802152,0.814618,0.824003,0.830237,0.833259,0.833023,0.829496,0.822661,0.81252,0.799094,0.78243,0.762594,0.739683,0.713816,0.68514,0.653828,0.620079,0.584115,0.546187,0.506577,0.465606,0.423656,0.381201,0.338868,0.29754,0.258544,0.223938,0.196846,0.181348,0.180929,0.195938,0.223331,0.259091,0.299995,0.343864,0.389266,0.435222,0.481019,0.526099,0.570001,0.612326,0.652721,0.690867,0.726484,0.759321,0.789167,0.815842,0.839203,0.859145,0.875593,0.888506,0.897871,0.903702,0.906033,0.904919,0.900433,0.892656,0.881687,0.867627,0.85059,0.830691,0.808054,0.782804,0.755071,0.724991,0.692705,0.658363,0.622125,0.584169,0.544696,0.503937,0.46217,0.41974,0.377094,0.334834,0.293822,0.255346,0.221392,0.194946,0.17987,0.179352
0.229867,0.229542,0.240662,0.261499,0.289585,0.322581,0.358634,0.39638,0.434828,0.473252,0.511104,0.547957,0.583472,0.617367,0.649409,0.679394,0.707147,0.73251,0.755346,0.775529,0.792947,0.8075,0.819098,0.827665,0.833133,0.83545,0.834576,0.830487,0.823177,0.812657,0.798963,0.78215,0.762301,0.739523,0.71395,0.685746,0.655098,0.622225,0.587373,0.550825,0.512904,0.47399,0.434548,0.395164,0.356613,0.319957,0.286681,0.258814,0.238916,0.229613,0.232565,0.247544,0.27262,0.305214,0.34297,0.384045,0.427074,0.471041,0.515166,0.558822,0.601489,0.642718,0.682116,0.719336,0.754074,0.786064,0.815082,0.840945,0.863506,0.882659,0.898332,0.910487,0.919116,0.924236,0.925888,0.924134,0.919048,0.910724,0.899261,0.884771,0.867373,0.84719,0.824353,0.798995,0.771257,0.741285,0.709233,0.675265,0.639564,0.60233,0.563797,0.524238,0.483985,0.443453,0.403176,0.363863,0.326481,0.292365,0.263332,0.241688,0.229867,0.229542
0.279079,0.278974,0.288295,0.30595,0.330264,0.359473,0.392015,0.426623,0.462309,0.498303,0.534009,0.56895,0.602745,0.635077,0.665681,0.694334,0.720841,0.745032,0.766761,0.785896,0.802322,0.815939,0.826658,0.834405,0.839121,0.840757,0.839284,0.834686,0.826967,0.81615,0.802282,0.785433,0.765696,0.743194,0.718076,0.690518,0.660727,0.628941,0.595431,0.56051,0.524541,0.487959,0.451293,0.415211,0.380574,0.348503,0.320442,0.298157,0.283576,0.278371,0.283383,0.298283,0.321742,0.351964,0.387168,0.425815,0.466662,0.508712,0.551163,0.59335,0.634713,0.674765,0.713083,0.749295,0.783076,0.81415,0.842281,0.867281,0.889003,0.907338,0.922218,0.933607,0.941501,0.945922,0.946917,0.944551,0.938906,0.93008,0.91818,0.903324,0.885637,0.86525,0.842302,0.816935,0.789299,0.759552,0.727862,0.694408,0.659393,0.623043,0.585619,0.547434,0.508863,0.470375,0.432562,0.396181,0.362215,0.331918,0.306834,0.288688,0.279079,0.278974
0.327299,0.32744,0.335597,0.351001,0.372443,0.398567,0.428077,0.459842,0.492926,0.526566,0.560145,0.59316,0.625201,0.655925,0.685046,0.71232,0.737539,0.760522,0.781113,0.799177,0.814596,0.82727,0.837113,0.844056,0.848042,0.849033,0.847005,0.841954,0.833894,0.82286,0.80891,0.792125,0.772614,0.750512,0.72598,0.69921,0.670426,0.639881,0.60787,0.57473,0.540858,0.506726,0.472906,0.440107,0.40921,0.381304,0.357692,0.33983,0.329148,0.32675,0.333101,0.347887,0.370136,0.39852,0.43164,0.468204,0.50709,0.547351,0.588189,0.628923,0.668967,0.707811,0.745007,0.780166,0.812947,0.843063,0.870273,0.894383,0.915244,0.93275,0.946832,0.95746,0.964632,0.968374,0.968739,0.965796,0.959634,0.950354,0.938071,0.922909,0.904999,0.884481,0.861501,0.836209,0.808767,0.779342,0.748115,0.715283,0.681064,0.645708,0.609503,0.572788,0.535975,0.499565,0.464176,0.430572,0.399693,0.372664,0.350756,0.33527,0.327299,0.32744
0.374343,0.37476,0.382154,0.39594,0.415194,0.438841,0.465797,0.495072,0.525799,0.557245,0.588798,0.619948,0.650267,0.679398,0.707038,0.73293,0.756855,0.778624,0.798075,0.815069,0.829487,0.84123,0.850216,0.856378,0.859668,0.860054,0.857522,0.852076,0.843741,0.832563,0.818611,0.801979,0.782787,0.761181,0.737336,0.711456,0.683776,0.654565,0.624133,0.592836,0.561091,0.529392,0.498329,0.468615,0.441105,0.416809,0.396861,0.382447,0.374647,0.374231,0.38148,0.396122,0.417414,0.444323,0.475715,0.510486,0.547626,0.586244,0.625557,0.664886,0.703631,0.741267,0.777331,0.81142,0.843183,0.872324,0.898597,0.921807,0.941804,0.958482,0.971776,0.981657,0.988128,0.991219,0.990986,0.987504,0.980866,0.971181,0.958567,0.943155,0.925084,0.904499,0.881554,0.856409,0.829234,0.800207,0.769522,0.737389,0.704044,0.669752,0.634823,0.599619,0.564572,0.530199,0.49712,0.466079,0.437944,0.413701,0.394394,0.381016,0.374343,0.37476
0.420036,0.420758,0.427665,0.44028,0.457864,0.479535,0.504376,0.531513,0.560157,0.589616,0.619296,0.64869,0.677368,0.704964,0.731166,0.75571,0.778367,0.798944,0.817275,0.833221,0.846662,0.857501,0.86566,0.871077,0.873712,0.873539,0.870552,0.864767,0.856217,0.84496,0.831075,0.814666,0.795864,0.774824,0.751732,0.726799,0.700271,0.672425,0.643582,0.614107,0.584427,0.555041,0.526537,0.499607,0.475059,0.453803,0.436821,0.425086,0.419438,0.420448,0.428304,0.442775,0.463271,0.488958,0.51889,0.552105,0.587689,0.624802,0.662691,0.700679,0.738165,0.774615,0.809558,0.84258,0.873325,0.901491,0.926831,0.949146,0.968288,0.984152,0.996676,1.00583,1.01163,1.0141,1.01331,1.00933,1.00226,0.992211,0.979316,0.963707,0.945528,0.924932,0.90208,0.87714,0.850291,0.821722,0.791635,0.760254,0.727828,0.694637,0.661006,0.62731,0.593993,0.561572,0.530658,0.501952,0.476246,0.454397,0.437265,0.425622,0.420036,0.420758
0.464209,0.465267,0.471886,0.48366,0.499971,0.520074,0.543177,0.568508,0.595344,0.62304,0.651026,0.678806,0.705955,0.732105,0.756942,0.780195,0.801635,0.821065,0.838318,0.853254,0.865756,0.87573,0.883102,0.887817,0.889841,0.889156,0.885766,0.879693,0.870983,0.8597,0.845935,0.829801,0.811436,0.791003,0.768694,0.744727,0.719351,0.692851,0.665547,0.637809,0.610064,0.582803,0.556599,0.532113,0.510091,0.491354,0.476751,0.467096,0.463068,0.465114,0.47337,0.487643,0.50745,0.532096,0.560768,0.592617,0.626805,0.662543,0.699103,0.735822,0.772099,0.807399,0.841245,0.873219,0.902961,0.930166,0.954586,0.976024,0.99433,1.0094,1.02118,1.02965,1.0348,1.03669,1.03537,1.03093,1.02347,1.01312,0.999985,0.984224,0.965985,0.945426,0.922715,0.898028,0.871551,0.84348,0.814031,0.783435,0.751951,0.719873,0.687532,0.655315,0.623664,0.593092,0.564185,0.5376,0.514052,0.494285,0.479012,0.468845,0.464209,0.465267
0.506699,0.508122,0.514605,0.525788,0.541137,0.560004,0.581694,0.605514,0.630803,0.656958,0.683437,0.709761,0.735511,0.760324,0.783888,0.80593,0.826222,0.844566,0.860795,0.874773,0.886385,0.895542,0.902175,0.906235,0.907695,0.906545,0.902798,0.896485,0.887658,0.876393,0.862787,0.846959,0.829055,0.809243,0.787717,0.764699,0.740439,0.71522,0.689363,0.663234,0.637249,0.61189,0.587706,0.565318,0.545418,0.528741,0.516036,0.507996,0.50519,0.507984,0.516487,0.530537,0.549725,0.573458,0.601024,0.631656,0.664583,0.699059,0.734382,0.769902,0.805027,0.839219,0.872002,0.902956,0.931721,0.95799,0.981515,1.0021,1.0196,1.03391,1.04498,1.05278,1.05734,1.05868,1.05688,1.05202,1.04422,1.03358,1.02026,1.00439,0.986134,0.965652,0.943121,0.918722,0.89265,0.865109,0.83632,0.806524,0.77599,0.745016,0.713942,0.683154,0.653093,0.624257,0.597206,0.572549,0.55093,0.532996,0.519347,0.510474,0.506699,0.508122
0.547345,0.549164,0.555632,0.56642,0.581053,0.598956,0.619508,0.642078,0.66606,0.690887,0.716044,0.741071,0.765562,0.789159,0.811552,0.832475,0.851699,0.869029,0.884301,0.897381,0.908161,0.916554,0.922499,0.925953,0.926897,0.925328,0.921267,0.914752,0.905846,0.894628,0.881204,0.865697,0.848258,0.829057,0.808289,0.786175,0.762963,0.738934,0.714401,0.689722,0.665305,0.641611,0.619165,0.598551,0.580407,0.565402,0.5542,0.54741,0.54552,0.548844,0.557476,0.571275,0.589892,0.612806,0.63938,0.668916,0.700694,0.734006,0.768175,0.802566,0.836593,0.869725,0.901486,0.931456,0.959276,0.984641,1.0073,1.02707,1.0438,1.05738,1.06778,1.07496,1.07895,1.07978,1.07754,1.07231,1.0642,1.05333,1.03985,1.02392,1.00567,0.985304,0.962983,0.938901,0.913256,0.886261,0.858144,0.829153,0.79956,0.769669,0.739824,0.710408,0.681854,0.654645,0.629309,0.60641,0.58653,0.570234,0.558031,0.550319,0.547345,0.549164
0.585992,0.588236,0.594787,0.605339,0.619457,0.636622,0.656269,0.677819,0.700707,0.724403,0.748417,0.772306,0.795677,0.818181,0.839515,0.859416,0.877659,0.894054,0.908441,0.92069,0.930698,0.938385,0.943695,0.946593,0.947066,0.945121,0.940783,0.934101,0.92514,0.913989,0.900756,0.88557,0.868582,0.849962,0.829906,0.808631,0.78638,0.763426,0.740077,0.716681,0.693629,0.671366,0.650391,0.631255,0.614548,0.600885,0.590865,0.585032,0.58382,0.587503,0.596166,0.60969,0.627766,0.649928,0.6756,0.704134,0.734856,0.767089,0.800179,0.833506,0.866492,0.898613,0.929395,0.958423,0.985337,1.00984,1.03167,1.05066,1.06665,1.07955,1.08931,1.09592,1.09938,1.09975,1.09711,1.09154,1.08316,1.0721,1.0585,1.04253,1.02433,1.0041,0.982014,0.958267,0.933065,0.906625,0.879181,0.850986,0.822317,0.793481,0.764818,0.736711,0.709582,0.683893,0.660145,0.638858,0.62056,0.605746,0.594851,0.588204,0.585992,0.588236
0.62249,0.625189,0.631906,0.64235,0.65612,0.672736,0.691677,0.712406,0.734393,0.757139,0.780175,0.803078,0.825466,0.847001,0.867386,0.886365,0.903719,0.919261,0.932838,0.944325,0.953624,0.960663,0.965392,0.967783,0.967829,0.965545,0.960963,0.954138,0.945142,0.934066,0.921023,0.906143,0.889578,0.871497,0.852091,0.831574,0.810182,0.788181,0.765869,0.743582,0.721698,0.700644,0.680894,0.662969,0.647423,0.634823,0.625721,0.620609,0.619881,0.623785,0.6324,0.645623,0.663176,0.684637,0.709475,0.737085,0.766827,0.798055,0.830133,0.862456,0.894457,0.925617,0.955467,0.983596,1.00965,1.03332,1.05438,1.07263,1.08793,1.10019,1.10936,1.11542,1.11841,1.11836,1.11535,1.10948,1.10088,1.08966,1.07597,1.05998,1.04186,1.02179,0.999955,0.976555,0.951801,0.925917,0.89914,0.871726,0.843955,0.816136,0.788608,0.761745,0.735958,0.711692,0.689417,0.669617,0.652768,0.639312,0.62962,0.623966,0.62249,0.625189
0.656695,0.659875,0.666829,0.677276,0.690837,0.707065,0.725472,0.745554,0.766812,0.788771,0.810984,0.833043,0.854579,0.875264,0.894811,0.912968,0.929522,0.944295,0.957138,0.967932,0.976587,0.983035,0.987234,0.989164,0.988824,0.986235,0.981436,0.974487,0.965464,0.954464,0.941599,0.927001,0.91082,0.893223,0.874397,0.854549,0.833908,0.812731,0.791308,0.769962,0.749057,0.729005,0.710258,0.693311,0.678685,0.666914,0.658507,0.653922,0.65352,0.657532,0.666031,0.678927,0.695968,0.716765,0.740822,0.767569,0.796398,0.826684,0.857812,0.889189,0.920258,0.950507,0.979474,1.00675,1.03199,1.05488,1.0752,1.09276,1.10741,1.11908,1.1277,1.13327,1.13582,1.13539,1.13206,1.12594,1.11713,1.10579,1.09204,1.07607,1.05804,1.03815,1.01657,0.993524,0.969219,0.943884,0.917759,0.891105,0.864202,0.837359,0.810912,0.785228,0.760706,0.737771,0.716868,0.698446,0.682938,0.670736,0.662165,0.657449,0.656695,0.659875
0.688469,0.692157,0.699409,0.709951,0.723423,0.739401,0.757423,0.777011,0.797693,0.819014,0.840545,0.861893,0.882702,0.902652,0.921465,0.938897,0.954742,0.968827,0.981011,0.991181,0.999252,1.00517,1.00889,1.0104,1.00971,1.00684,1.00185,0.994789,0.985743,0.97481,0.962104,0.947756,0.931913,0.914739,0.896416,0.877142,0.857142,0.836663,0.815984,0.795417,0.775317,0.756077,0.738133,0.721957,0.708046,0.696902,0.689006,0.684785,0.684577,0.6886,0.696924,0.709469,0.726002,0.746162,0.76948,0.795417,0.823388,0.852789,0.883022,0.913506,0.943695,0.973085,1.00122,1.02769,1.05216,1.07433,1.09396,1.11087,1.12493,1.13604,1.14417,1.14929,1.15145,1.15068,1.14707,1.14072,1.13175,1.1203,1.10653,1.09059,1.07267,1.05296,1.03165,1.00896,0.985099,0.9603,0.934809,0.908887,0.882817,0.856905,0.831485,0.806915,0.783583,0.761897,0.742275,0.725135,0.710875,0.699846,0.692328,0.688511,0.688469,0.692157
0.71768,0.7219,0.729505,0.740225,0.753711,0.769557,0.787324,0.806555,0.826798,0.847614,0.868593,0.889354,0.909551,0.928875,0.947056,0.963857,0.979079,0.992556,1.00415,1.01376,1.02131,1.02675,1.03003,1.03117,1.03016,1.02705,1.02187,1.01471,1.00564,0.994759,0.982186,0.96805,0.952494,0.935678,0.917776,0.898984,0.879515,0.859609,0.839537,0.8196,0.800142,0.781543,0.764224,0.748638,0.735261,0.724573,0.717029,0.713034,0.712909,0.71686,0.724957,0.737127,0.753153,0.772695,0.795309,0.820479,0.84764,0.876207,0.905597,0.935241,0.964602,0.993183,1.02053,1.04625,1.07,1.09149,1.11049,1.1268,1.14031,1.15093,1.1586,1.16333,1.16513,1.16407,1.16021,1.15367,1.14457,1.13305,1.11926,1.10338,1.08558,1.06606,1.04502,1.02268,0.999248,0.974968,0.950086,0.924865,0.899588,0.874561,0.850112,0.826594,0.80438,0.783863,0.76544,0.7495,0.736409,0.726481,0.719964,0.717014,0.71768,0.7219
0.744203,0.74898,0.756986,0.767954,0.781545,0.797365,0.814992,0.833987,0.853912,0.874347,0.894893,0.915181,0.934875,0.953675,0.971319,0.987578,1.00226,1.01521,1.02629,1.0354,1.04249,1.04749,1.05039,1.05118,1.04988,1.04654,1.0412,1.03394,1.02483,1.01399,1.00152,0.987557,0.972234,0.955708,0.938149,0.919744,0.900701,0.881251,0.861656,0.84221,0.823246,0.805134,0.78828,0.773125,0.760126,0.749744,0.742416,0.738529,0.738391,0.742198,0.750021,0.761793,0.77731,0.79625,0.818189,0.842628,0.869022,0.896803,0.925398,0.954252,0.982836,1.01066,1.03728,1.0623,1.08538,1.10624,1.12465,1.14043,1.15344,1.1636,1.17087,1.17525,1.17674,1.17542,1.17136,1.16467,1.15546,1.14389,1.13011,1.11429,1.09662,1.0773,1.05652,1.03452,1.0115,0.987717,0.963414,0.938858,0.914333,0.89014,0.866606,0.844076,0.822912,0.803492,0.786192,0.771377,0.759385,0.7505,0.744939,0.74283,0.744203,0.74898
0.767923,0.773279,0.78173,0.793009,0.806784,0.822672,0.840262,0.859128,0.878848,0.899013,0.919235,0.939155,0.958447,0.97682,0.994018,1.00982,1.02404,1.03653,1.04716,1.05584,1.06251,1.06713,1.06968,1.07017,1.06861,1.06506,1.05956,1.05219,1.04305,1.03222,1.01982,1.00599,0.99084,0.974537,0.957242,0.939135,0.920416,0.901311,0.882074,0.862991,0.844386,0.826621,0.810092,0.795226,0.782467,0.772261,0.765031,0.761149,0.760913,0.764513,0.77202,0.783372,0.798378,0.816728,0.838015,0.861757,0.887424,0.914462,0.94231,0.970423,0.99828,1.0254,1.05134,1.07571,1.09818,1.11847,1.13635,1.15163,1.1642,1.17396,1.18088,1.18494,1.18618,1.18464,1.18041,1.17359,1.16431,1.15271,1.13895,1.12321,1.10567,1.08654,1.06602,1.04434,1.02172,0.998401,0.974644,0.950713,0.926892,0.903482,0.880805,0.8592,0.839019,0.820625,0.804378,0.790622,0.779667,0.771773,0.76713,0.765844,0.767923,0.773279
0.788732,0.794688,0.803623,0.81527,0.829301,0.84534,0.862985,0.881821,0.901437,0.921432,0.941431,0.961082,0.980068,0.998104,1.01494,1.03037,1.0442,1.0563,1.06654,1.07485,1.08116,1.08544,1.08768,1.08789,1.0861,1.08235,1.0767,1.06923,1.06002,1.04919,1.03683,1.02308,1.00805,0.991908,0.9748,0.956905,0.938416,0.919552,0.900562,0.881725,0.863358,0.845814,0.829483,0.81478,0.80214,0.791996,0.784759,0.780792,0.780382,0.783719,0.790872,0.801785,0.816276,0.834046,0.854703,0.877778,0.902756,0.929093,0.956241,0.983661,1.01084,1.0373,1.06262,1.0864,1.10831,1.12808,1.14548,1.16033,1.17251,1.18192,1.18853,1.19233,1.19335,1.19163,1.18726,1.18035,1.17102,1.15941,1.14569,1.13003,1.11263,1.09368,1.07341,1.05203,1.02978,1.0069,0.983649,0.960299,0.937132,0.914451,0.892571,0.871827,0.852563,0.835129,0.819868,0.807106,0.797132,0.790183,0.786426,0.785944,0.788732,0.794688
0.806531,0.813106,0.822561,0.834628,0.848979,0.865244,0.883028,0.901924,0.921528,0.941449,0.961317,0.980791,0.999559,1.01734,1.0339,1.04903,1.06255,1.07432,1.08424,1.09223,1.09823,1.10221,1.10418,1.10414,1.10212,1.09819,1.09239,1.08481,1.07554,1.06467,1.05232,1.0386,1.02365,1.0076,0.990605,0.97284,0.954492,0.935774,0.916928,0.89823,0.879989,0.862554,0.846307,0.831655,0.819025,0.808841,0.801505,0.797371,0.796723,0.799746,0.806511,0.816966,0.830937,0.848137,0.868184,0.890623,0.914947,0.940625,0.967117,0.993894,1.02045,1.04631,1.07106,1.0943,1.11571,1.13502,1.152,1.16647,1.1783,1.18742,1.19377,1.19736,1.19819,1.19634,1.19187,1.18489,1.17553,1.16393,1.15026,1.13469,1.11742,1.09865,1.0786,1.0575,1.03559,1.01311,0.990327,0.96751,0.944945,0.922933,0.901789,0.881842,0.863428,0.846887,0.832548,0.820721,0.811675,0.805627,0.802725,0.803034,0.806531,0.813106
0.821234,0.828444,0.838451,0.850984,0.865715,0.882276,0.900275,0.919312,0.93899,0.958923,0.97875,0.998132,1.01677,1.03438,1.05074,1.06563,1.07891,1.09042,1.10007,1.10779,1.11352,1.11725,1.11898,1.11871,1.1165,1.11239,1.10645,1.09875,1.08939,1.07847,1.06609,1.05237,1.03743,1.02141,1.00447,0.986759,0.968469,0.949808,0.931014,0.912356,0.894141,0.876712,0.860446,0.845744,0.833027,0.822711,0.815192,0.81082,0.809873,0.812536,0.818882,0.828863,0.842313,0.858952,0.87841,0.900239,0.923946,0.949007,0.974889,1.00107,1.02705,1.05237,1.0766,1.09936,1.12033,1.13923,1.15585,1.16999,1.18154,1.19042,1.19656,1.19998,1.20068,1.19872,1.19418,1.18716,1.1778,1.16622,1.1526,1.13713,1.11998,1.10138,1.08154,1.06069,1.03908,1.01697,0.994602,0.972265,0.950244,0.92884,0.908367,0.889149,0.871517,0.855802,0.842322,0.83137,0.823202,0.818015,0.815939,0.817025,0.821234,0.828444
0.83276,0.840621,0.851211,0.864253,0.879417,0.896336,0.914622,0.933878,0.953709,0.973736,0.993602,1.01297,1.03155,1.04907,1.0653,1.08004,1.09313,1.10445,1.11389,1.12139,1.1269,1.13041,1.13192,1.13146,1.12906,1.12479,1.1187,1.11088,1.10142,1.09042,1.07798,1.06421,1.04924,1.0332,1.01624,0.998513,0.980205,0.961519,0.942689,0.923982,0.905701,0.888185,0.871806,0.856963,0.84407,0.833539,0.825763,0.821086,0.819787,0.822049,0.827948,0.837441,0.850367,0.866456,0.885344,0.906594,0.92972,0.954206,0.979526,1.00516,1.03063,1.05545,1.07922,1.10156,1.12215,1.14071,1.15701,1.17089,1.18221,1.19089,1.19688,1.20017,1.20078,1.19875,1.19418,1.18715,1.1778,1.16626,1.15271,1.13732,1.12029,1.10184,1.08218,1.06156,1.04022,1.01842,0.996419,0.974506,0.952967,0.932104,0.912233,0.893674,0.876754,0.861797,0.84911,0.838976,0.831634,0.827268,0.825992,0.827839,0.83276,0.840621
0.841045,0.84957,0.860769,0.874359,0.890006,0.907344,0.925982,0.945527,0.965587,0.985785,1.00577,1.02521,1.04381,1.06131,1.07748,1.09213,1.1051,1.11627,1.12556,1.13288,1.13822,1.14154,1.14288,1.14224,1.13968,1.13524,1.12901,1.12106,1.11149,1.10038,1.08784,1.07399,1.05894,1.04283,1.02579,1.00798,0.989585,0.970798,0.951854,0.933016,0.914585,0.896896,0.880319,0.86525,0.8521,0.841279,0.833175,0.828135,0.826433,0.828256,0.833683,0.842676,0.855079,0.870629,0.888969,0.909671,0.932254,0.956208,0.981014,1.00616,1.03116,1.05556,1.07893,1.1009,1.12116,1.13943,1.15549,1.16916,1.18031,1.18885,1.19473,1.19794,1.1985,1.19645,1.19187,1.18486,1.17554,1.16405,1.15057,1.13527,1.11835,1.10002,1.08052,1.06009,1.03897,1.01744,0.995749,0.974196,0.953072,0.932681,0.913338,0.895364,0.879083,0.864812,0.852852,0.843476,0.836909,0.833324,0.832818,0.835413,0.841045,0.84957
0.846032,0.855233,0.867066,0.88124,0.897417,0.915228,0.934281,0.954183,0.974542,0.994984,1.01516,1.03474,1.05343,1.07098,1.08716,1.10178,1.1147,1.12579,1.13497,1.14217,1.14736,1.15055,1.15173,1.15094,1.14822,1.14364,1.13727,1.12918,1.11947,1.10824,1.09558,1.0816,1.06643,1.0502,1.03302,1.01508,0.996523,0.977567,0.958436,0.939391,0.920731,0.90279,0.885937,0.870564,0.857082,0.8459,0.837406,0.831946,0.829796,0.831147,0.836079,0.844561,0.856444,0.871468,0.889285,0.90947,0.931549,0.955018,0.979361,1.00407,1.02867,1.05269,1.07572,1.0974,1.11739,1.13544,1.15131,1.16482,1.17585,1.18431,1.19013,1.19331,1.19386,1.19182,1.18727,1.1803,1.17103,1.15961,1.1462,1.13098,1.11416,1.09594,1.07657,1.05629,1.03535,1.01402,0.992586,0.971327,0.950545,0.930549,0.911655,0.894187,0.878466,0.864807,0.853504,0.844822,0.838978,0.83613,0.836366,0.839691,0.846032,0.855233
0.84768,0.857566,0.870054,0.884846,0.901598,0.919933,0.939461,0.959783,0.98051,1.00127,1.0217,1.04149,1.06035,1.07802,1.09427,1.10894,1.12186,1.13292,1.14204,1.14916,1.15426,1.15733,1.15839,1.15746,1.15461,1.14989,1.14338,1.13515,1.12529,1.11391,1.1011,1.08697,1.07164,1.05523,1.03788,1.01973,1.00096,0.981771,0.962384,0.943062,0.924102,0.905836,0.888632,0.872884,0.859,0.847391,0.838447,0.832514,0.829875,0.830721,0.83514,0.843104,0.85447,0.868985,0.886304,0.906008,0.927625,0.950657,0.974591,0.998923,1.02317,1.04688,1.06964,1.09108,1.11087,1.12875,1.1445,1.15792,1.16889,1.17731,1.18313,1.18633,1.18691,1.18492,1.18043,1.17352,1.16433,1.15298,1.13965,1.12451,1.10777,1.08964,1.07037,1.05019,1.02938,1.00821,0.986951,0.965912,0.945393,0.925709,0.907181,0.890133,0.874888,0.86176,0.85104,0.842986,0.837807,0.835652,0.836596,0.840635,0.84768,0.857566
0.845958,0.856536,0.869699,0.885141,0.902508,0.921419,0.941477,0.962281,0.983441,1.00458,1.02535,1.04542,1.06451,1.08236,1.09876,1.11352,1.1265,1.13759,1.1467,1.15379,1.15883,1.16183,1.16279,1.16176,1.15878,1.15393,1.14728,1.1389,1.12889,1.11734,1.10436,1.09004,1.07451,1.05789,1.0403,1.0219,1.00287,0.983381,0.963677,0.944012,0.924683,0.906023,0.888399,0.872206,0.857855,0.845757,0.836306,0.829852,0.826683,0.826996,0.830884,0.838326,0.849182,0.863206,0.880056,0.899316,0.920518,0.943164,0.966745,0.990758,1.01472,1.03818,1.06073,1.082,1.10166,1.11945,1.13512,1.14851,1.15948,1.16793,1.17379,1.17705,1.17771,1.17581,1.17141,1.1646,1.1555,1.14424,1.13099,1.11592,1.09924,1.08118,1.06197,1.04186,1.02112,1.00003,0.978887,0.957989,0.937649,0.918188,0.899933,0.883213,0.868354,0.85567,0.845452,0.837954,0.833379,0.831868,0.833485,0.838215,0.845958,0.856536
0.84085,0.852124,0.865981,0.882101,0.900123,0.919657,0.9403,0.961648,0.983303,1.00489,1.02606,1.04648,1.06587,1.08397,1.10057,1.11549,1.12859,1.13976,1.14892,1.15602,1.16105,1.164,1.16489,1.16377,1.1607,1.15572,1.14893,1.1404,1.13023,1.1185,1.10532,1.09079,1.07503,1.05815,1.04029,1.02159,1.00223,0.982393,0.962312,0.942243,0.922481,0.903362,0.885253,0.86855,0.853667,0.84102,0.831007,0.823985,0.820248,0.820001,0.823343,0.830259,0.840617,0.854172,0.870585,0.889443,0.910279,0.932596,0.955884,0.979642,1.00339,1.02667,1.04908,1.07024,1.08984,1.10759,1.12327,1.13669,1.14771,1.15624,1.1622,1.16557,1.16636,1.16458,1.16031,1.15362,1.14462,1.13347,1.1203,1.1053,1.08868,1.07065,1.05146,1.03136,1.01064,0.989576,0.968466,0.947625,0.927372,0.908037,0.889955,0.873461,0.858889,0.846555,0.836751,0.82973,0.825692,0.824771,0.827022,0.832419,0.84085,0.852124
0.832353,0.844325,0.858891,0.875717,0.894433,0.914637,0.935919,0.957867,0.980082,1.00218,1.02381,1.04465,1.0644,1.08282,1.09969,1.11484,1.12811,1.13941,1.14867,1.15583,1.16088,1.16382,1.16468,1.1635,1.16033,1.15525,1.14833,1.13965,1.1293,1.11737,1.10398,1.08921,1.07318,1.05602,1.03784,1.0188,0.999063,0.978826,0.958312,0.93778,0.917525,0.897884,0.879225,0.861948,0.846472,0.833217,0.822589,0.814953,0.810612,0.809778,0.812562,0.818954,0.828825,0.841936,0.85795,0.876452,0.896977,0.919024,0.942085,0.965656,0.989255,1.01243,1.03477,1.0559,1.07549,1.09328,1.10903,1.12254,1.13369,1.14235,1.14847,1.152,1.15295,1.15134,1.14722,1.14068,1.13183,1.12078,1.1077,1.09276,1.07617,1.05816,1.03896,1.01883,0.998062,0.976946,0.955789,0.934913,0.914648,0.895333,0.877315,0.860939,0.846544,0.834455,0.824968,0.818338,0.814763,0.814371,0.817212,0.823247,0.832353,0.844325
0.820477,0.833148,0.848436,0.865996,0.885441,0.906361,0.928334,0.950942,0.973777,0.996454,1.01862,1.03994,1.06012,1.07892,1.09613,1.11155,1.12506,1.13655,1.14595,1.15321,1.15833,1.1613,1.16215,1.16094,1.1577,1.15253,1.14548,1.13664,1.12612,1.11399,1.10036,1.08533,1.06901,1.05152,1.03299,1.01356,0.993411,0.972723,0.951723,0.930671,0.909865,0.889639,0.870369,0.852455,0.836324,0.822403,0.811107,0.802811,0.797829,0.796386,0.798599,0.804468,0.81387,0.826568,0.842223,0.860422,0.880694,0.902538,0.925442,0.948899,0.972426,0.995568,1.01791,1.03908,1.05875,1.07665,1.09253,1.1062,1.11753,1.12639,1.13271,1.13646,1.13762,1.13622,1.1323,1.12594,1.11723,1.10631,1.09333,1.07845,1.06188,1.04385,1.0246,1.00439,0.983516,0.962274,0.940983,0.919974,0.89959,0.880183,0.86211,0.84573,0.831393,0.819434,0.810156,0.80382,0.800624,0.800694,0.804073,0.810713,0.820477,0.833148
0.805249,0.818615,0.834638,0.852956,0.873168,0.894849,0.917567,0.940891,0.964409,0.987728,1.01049,1.03235,1.05304,1.07229,1.08988,1.10565,1.11946,1.13119,1.14079,1.1482,1.15342,1.15646,1.15734,1.15612,1.15284,1.14758,1.14041,1.13143,1.12072,1.10838,1.0945,1.07919,1.06255,1.04471,1.0258,1.00595,0.985335,0.964148,0.942612,0.920986,0.89957,0.878701,0.858756,0.840143,0.823295,0.808648,0.796629,0.787627,0.781968,0.779891,0.781524,0.786877,0.79583,0.808147,0.823492,0.841444,0.86153,0.883243,0.906066,0.929488,0.953022,0.976212,0.998638,1.01993,1.03975,1.05782,1.07391,1.08781,1.09938,1.1085,1.11509,1.1191,1.12053,1.11938,1.11569,1.10954,1.10101,1.09023,1.07735,1.06253,1.04597,1.0279,1.00856,0.988217,0.96717,0.945724,0.924208,0.902963,0.882346,0.862722,0.844465,0.827947,0.813536,0.801578,0.79239,0.786238,0.783327,0.783783,0.787642,0.794847,0.805249,0.818615
0.78671,0.800764,0.817532,0.836634,0.857649,0.880137,0.903651,0.927751,0.952013,0.976039,0.99946,1.02194,1.04319,1.06295,1.08101,1.09719,1.11134,1.12338,1.13322,1.14084,1.14621,1.14935,1.1503,1.14909,1.14579,1.14046,1.1332,1.12407,1.11318,1.10062,1.08648,1.07087,1.0539,1.03568,1.01635,0.996037,0.974921,0.953191,0.931069,0.908817,0.886734,0.865161,0.844479,0.825103,0.807473,0.792039,0.779241,0.769484,0.76311,0.760375,0.76142,0.766262,0.774791,0.786769,0.801856,0.819627,0.8396,0.861262,0.884087,0.90756,0.931188,0.954509,0.977103,0.998592,1.01864,1.03697,1.05333,1.06753,1.07941,1.08885,1.09576,1.1001,1.10184,1.10098,1.09757,1.09166,1.08334,1.07272,1.05995,1.04519,1.02863,1.01049,0.991026,0.970504,0.94922,0.927491,0.905654,0.884064,0.863092,0.843119,0.824536,0.807736,0.793102,0.781002,0.771767,0.765677,0.762944,0.763697,0.767969,0.775694,0.78671,0.800764
0.764913,0.779647,0.79717,0.817079,0.838934,0.862276,0.886641,0.911576,0.936646,0.961444,0.985595,1.00876,1.03064,1.05098,1.06957,1.08621,1.10078,1.11317,1.12332,1.13119,1.13676,1.14005,1.14109,1.13993,1.13663,1.13126,1.12391,1.11465,1.10358,1.09079,1.07639,1.06047,1.04314,1.02452,1.00474,0.983938,0.962283,0.939965,0.91721,0.894278,0.871471,0.849133,0.827649,0.807443,0.788966,0.77268,0.759043,0.748478,0.741349,0.73793,0.738377,0.742721,0.750854,0.762538,0.777429,0.795092,0.815036,0.836734,0.859654,0.883271,0.907085,0.93063,0.95348,0.975254,0.995617,1.01428,1.03099,1.04556,1.05782,1.06764,1.07494,1.07965,1.08175,1.08124,1.07815,1.07251,1.06443,1.054,1.04135,1.02664,1.01007,0.991855,0.972233,0.95148,0.929895,0.907802,0.885548,0.863499,0.842042,0.821577,0.802515,0.785271,0.770252,0.757848,0.748413,0.742244,0.739567,0.740516,0.745124,0.753315,0.764913,0.779647
0.739929,0.75533,0.773616,0.794359,0.817092,0.841336,0.866608,0.892439,0.918381,0.944019,0.968969,0.992887,1.01547,1.03646,1.05563,1.07281,1.08785,1.10066,1.11117,1.11934,1.12515,1.12863,1.12981,1.12874,1.12547,1.12008,1.11265,1.10327,1.09203,1.07902,1.06435,1.04811,1.03041,1.01137,0.991112,0.969786,0.947554,0.924609,0.901173,0.877509,0.85392,0.830754,0.808402,0.787296,0.767898,0.75069,0.736148,0.724719,0.716791,0.712659,0.712501,0.716358,0.724129,0.735574,0.750339,0.767977,0.787984,0.809818,0.832934,0.856798,0.880898,0.904765,0.927965,0.950115,0.970875,0.989953,1.0071,1.02211,1.03481,1.04509,1.05283,1.05798,1.0605,1.06038,1.05764,1.05232,1.04451,1.03428,1.02178,1.00714,0.990559,0.972243,0.952434,0.931406,0.909459,0.886922,0.864151,0.841526,0.819449,0.798339,0.778631,0.760766,0.74518,0.732291,0.722481,0.716073,0.71331,0.714338,0.71919,0.727786,0.739929,0.75533
0.711844,0.727896,0.746953,0.768555,0.792208,0.817405,0.843643,0.870433,0.897315,0.923861,0.949679,0.97442,0.997774,1.01948,1.03931,1.05708,1.07266,1.08595,1.09688,1.1054,1.11151,1.11523,1.11658,1.11563,1.11242,1.10704,1.09956,1.09008,1.07867,1.06545,1.0505,1.03393,1.01585,0.996371,0.97562,0.953741,0.930899,0.907285,0.883122,0.858673,0.834244,0.810184,0.786893,0.764811,0.744417,0.726209,0.710689,0.698331,0.689552,0.684676,0.683903,0.687289,0.694737,0.706005,0.720725,0.738435,0.75861,0.780692,0.804117,0.828339,0.852836,0.877128,0.90078,0.923401,0.944648,0.964226,0.981884,0.99741,1.01064,1.02142,1.02968,1.03532,1.03831,1.03863,1.0363,1.03135,1.02383,1.01385,1.0015,0.986951,0.970359,0.951935,0.931917,0.910573,0.888207,0.86515,0.841765,0.818444,0.795606,0.77369,0.753157,0.734478,0.718122,0.704543,0.694158,0.687324,0.684311,0.685281,0.690273,0.699197,0.711844,0.727896
0.680757,0.697442,0.717277,0.739767,0.764384,0.79059,0.817856,0.845673,0.873565,0.90109,0.927848,0.953482,0.977677,1.00017,1.02072,1.03916,1.05535,1.06918,1.08057,1.08951,1.09597,1.09997,1.10155,1.10075,1.09764,1.09229,1.08479,1.07522,1.06367,1.05024,1.03502,1.01812,0.999648,0.979714,0.958447,0.93599,0.912505,0.888184,0.863248,0.837962,0.81263,0.78761,0.763304,0.740165,0.718688,0.699395,0.682813,0.669453,0.659765,0.654107,0.652707,0.655639,0.662811,0.673973,0.688743,0.706635,0.727099,0.749554,0.773416,0.798119,0.823131,0.847964,0.872173,0.895365,0.917193,0.93736,0.95561,0.97173,0.985547,0.99692,1.00574,1.01194,1.01546,1.01628,1.0144,1.00985,1.00268,0.992971,0.980821,0.966367,0.949775,0.931242,0.910997,0.889307,0.866471,0.842822,0.81873,0.794596,0.770853,0.747963,0.726413,0.706708,0.689356,0.674856,0.663669,0.656194,0.652737,0.653487,0.658492,0.667659,0.680757,0.697442
0.646783,0.664078,0.684701,0.708112,0.733743,0.761018,0.789379,0.818295,0.847269,0.875848,0.90362,0.930221,0.95533,0.978675,1.00003,1.0192,1.03606,1.05048,1.06242,1.07182,1.07869,1.08302,1.08487,1.08427,1.0813,1.07602,1.06852,1.05888,1.0472,1.03358,1.0181,1.00087,0.982002,0.961605,0.939807,0.916748,0.892591,0.867525,0.841772,0.815595,0.7893,0.763246,0.737845,0.713561,0.690906,0.670428,0.65269,0.638239,0.62757,0.621084,0.619042,0.621539,0.628489,0.639633,0.654564,0.672767,0.693659,0.71663,0.741068,0.76639,0.792048,0.817542,0.842422,0.866289,0.888796,0.909641,0.928567,0.945359,0.959839,0.971866,0.981326,0.988138,0.992245,0.993616,0.992245,0.988147,0.981364,0.971963,0.960038,0.945711,0.929136,0.9105,0.890023,0.867964,0.844617,0.820315,0.795429,0.770368,0.745578,0.721541,0.698774,0.677815,0.659219,0.643535,0.631281,0.622912,0.618785,0.619122,0.62399,0.633294,0.646783,0.664078
0.610052,0.627932,0.649353,0.673724,0.700425,0.728838,0.758369,0.78846,0.818595,0.848305,0.877167,0.904809,0.930906,0.955179,0.977397,0.997373,1.01496,1.03006,1.04259,1.05252,1.05985,1.06457,1.06673,1.06638,1.06359,1.05841,1.05095,1.04128,1.02949,1.01569,0.999959,0.98241,0.963146,0.942281,0.919939,0.89626,0.871405,0.84556,0.818946,0.791824,0.764502,0.73734,0.710758,0.68523,0.661291,0.639516,0.620507,0.604861,0.593126,0.585753,0.583048,0.585132,0.591925,0.603151,0.618374,0.637039,0.658521,0.682171,0.707346,0.733438,0.759882,0.786167,0.811837,0.836489,0.859773,0.881387,0.901072,0.918613,0.93383,0.946577,0.956738,0.964225,0.968977,0.970954,0.970141,0.966545,0.960197,0.951151,0.939491,0.925324,0.908793,0.890071,0.869368,0.846931,0.823046,0.798042,0.772287,0.746195,0.720222,0.694868,0.670674,0.648219,0.628105,0.610942,0.597318,0.58776,0.582688,0.582379,0.586929,0.596245,0.610052,0.627932
0.570708,0.589142,0.611378,0.636756,0.664594,0.694223,0.725007,0.756358,0.787737,0.818658,0.848689,0.877449,0.904607,0.92988,0.953035,0.973882,0.992273,1.0081,1.0213,1.03182,1.03966,1.04483,1.04736,1.0473,1.04473,1.0397,1.03231,1.02264,1.01077,0.99681,0.98085,0.962992,0.943339,0.922006,0.899113,0.874801,0.849225,0.822571,0.795056,0.766938,0.738525,0.710177,0.68232,0.655442,0.630097,0.606894,0.586481,0.569512,0.556602,0.548268,0.544871,0.546565,0.553277,0.56471,0.580383,0.599689,0.621949,0.646465,0.672556,0.699584,0.726967,0.754182,0.780765,0.806313,0.830474,0.852947,0.873474,0.891839,0.907861,0.921394,0.932317,0.940539,0.945992,0.94863,0.948429,0.945387,0.939524,0.930882,0.919532,0.905568,0.889117,0.870339,0.849428,0.82662,0.802187,0.77645,0.749771,0.722561,0.695282,0.668447,0.642619,0.618414,0.596487,0.577516,0.562172,0.551072,0.544728,0.543489,0.547497,0.556669,0.570708,0.589142
0.528908,0.547864,0.570938,0.597383,0.626439,0.657375,0.689507,0.722209,0.754921,0.787138,0.818419,0.848373,0.876666,0.903012,0.927173,0.948958,0.968218,0.984844,0.998764,1.00994,1.01835,1.02402,1.02698,1.02727,1.02497,1.02013,1.01285,1.00321,0.991303,0.977216,0.961048,0.942898,0.92287,0.901075,0.877633,0.852679,0.826367,0.798879,0.770426,0.741264,0.711696,0.682084,0.652855,0.624509,0.597622,0.572839,0.55086,0.532411,0.518188,0.508794,0.504663,0.505994,0.512718,0.524507,0.540824,0.560986,0.584245,0.609842,0.637049,0.665197,0.693681,0.721969,0.749593,0.776147,0.801284,0.824702,0.846149,0.865409,0.882302,0.896681,0.908424,0.917436,0.923644,0.926996,0.927461,0.925026,0.919701,0.911516,0.900528,0.886816,0.870493,0.851701,0.830618,0.807463,0.782495,0.756017,0.728381,0.699991,0.671306,0.642844,0.615186,0.588979,0.564928,0.543785,0.526319,0.513261,0.505244,0.502722,0.505909,0.514745,0.528908,0.547864
0.484824,0.504266,0.528211,0.555801,0.586177,0.618529,0.652115,0.686272,0.72041,0.754012,0.786623,0.817849,0.84735,0.874838,0.900074,0.922864,0.943057,0.960545,0.975252,0.987138,0.996189,1.00242,1.00586,1.00655,1.00457,0.999977,0.992858,0.983295,0.971379,0.9572,0.940854,0.922439,0.902056,0.879813,0.85583,0.830235,0.80318,0.77484,0.745422,0.715173,0.684391,0.653435,0.622733,0.592794,0.564213,0.537673,0.513936,0.49381,0.478096,0.467511,0.462585,0.463579,0.470431,0.482767,0.499964,0.521243,0.545763,0.572686,0.601233,0.630696,0.660453,0.68996,0.718749,0.746418,0.772622,0.797067,0.819503,0.839721,0.857543,0.872822,0.885437,0.895289,0.902302,0.906419,0.907599,0.905824,0.901091,0.893419,0.88285,0.869449,0.853311,0.834562,0.813361,0.789906,0.764437,0.737239,0.708647,0.679049,0.648892,0.618691,0.589031,0.560582,0.534094,0.510391,0.490349,0.474841,0.464659,0.460409,0.462416,0.47067,0.484824,0.504266
0.438641,0.458528,0.483396,0.512236,0.544059,0.577958,0.613124,0.648848,0.684514,0.719591,0.753614,0.786186,0.816964,0.845661,0.872035,0.895892,0.917081,0.935492,0.951048,0.963706,0.973454,0.980302,0.984279,0.985435,0.983829,0.979533,0.972624,0.963187,0.951309,0.937081,0.920596,0.90195,0.881241,0.858576,0.834069,0.807846,0.780051,0.750853,0.720451,0.689083,0.657037,0.624666,0.592392,0.560727,0.530285,0.501786,0.476056,0.454006,0.436569,0.424612,0.418804,0.41949,0.426616,0.43974,0.458117,0.480832,0.50692,0.535451,0.565581,0.596568,0.627769,0.658639,0.688711,0.717591,0.744943,0.770483,0.793969,0.815196,0.833994,0.850217,0.863745,0.87448,0.882341,0.887266,0.88921,0.888145,0.884058,0.876956,0.866868,0.853843,0.83796,0.819324,0.798074,0.774389,0.748483,0.720621,0.691111,0.66032,0.628673,0.596668,0.564884,0.533992,0.504772,0.478112,0.454997,0.436464,0.423511,0.416961,0.41732,0.424666,0.438641,0.458528
0.390558,0.410846,0.436716,0.466949,0.500385,0.535991,0.572879,0.610294,0.647595,0.684235,0.719749,0.753735,0.785855,0.815819,0.843389,0.868371,0.890612,0.910002,0.926465,0.939955,0.950458,0.957983,0.962559,0.964232,0.963061,0.959117,0.952474,0.943217,0.93143,0.917202,0.900625,0.881791,0.860798,0.837746,0.812747,0.78592,0.757404,0.727357,0.695968,0.663464,0.63012,0.596273,0.562336,0.528818,0.496338,0.46565,0.43765,0.413363,0.393893,0.380314,0.373491,0.373899,0.381495,0.395726,0.415666,0.440209,0.468227,0.498679,0.530652,0.56337,0.596182,0.628543,0.66,0.690171,0.718735,0.74542,0.769996,0.792269,0.812075,0.829272,0.843744,0.855391,0.864134,0.869905,0.872653,0.872343,0.868954,0.86248,0.852937,0.84036,0.824808,0.806368,0.78516,0.761336,0.735088,0.706651,0.676307,0.64439,0.611297,0.577493,0.543531,0.510065,0.477875,0.447889,0.421185,0.398974,0.382507,0.372917,0.370994,0.376991,0.390558,0.410846
0.340788,0.361428,0.388424,0.420252,0.455514,0.493024,0.531799,0.571038,0.610079,0.648369,0.685442,0.720903,0.754416,0.785697,0.81451,0.840663,0.864006,0.884426,0.901846,0.916221,0.927534,0.935793,0.941026,0.943275,0.9426,0.939067,0.932751,0.923732,0.912095,0.897925,0.881312,0.862345,0.841119,0.81773,0.792284,0.764896,0.735694,0.704828,0.672472,0.63884,0.604186,0.568828,0.53316,0.497672,0.462981,0.429858,0.399262,0.372346,0.350428,0.334866,0.326828,0.326991,0.335323,0.351094,0.373098,0.39995,0.430316,0.463026,0.497102,0.531747,0.566312,0.600268,0.633183,0.664696,0.694507,0.722362,0.748048,0.771381,0.792206,0.81039,0.825819,0.838397,0.848042,0.854685,0.85827,0.858754,0.856109,0.850319,0.841385,0.829329,0.814193,0.796045,0.774982,0.751134,0.724665,0.695782,0.664733,0.631818,0.597393,0.56188,0.525784,0.489718,0.454427,0.420832,0.390063,0.363477,0.342613,0.329015,0.323932,0.327947,0.340788,0.361428
0.289559,0.310497,0.338817,0.372528,0.409901,0.449551,0.490398,0.531597,0.572476,0.612487,0.651173,0.68815,0.723092,0.755723,0.785812,0.81317,0.83765,0.859139,0.87756,0.892867,0.905041,0.914087,0.920031,0.922916,0.922796,0.919736,0.91381,0.905095,0.893672,0.879627,0.863043,0.84401,0.822616,0.798955,0.773126,0.745238,0.71541,0.683779,0.650506,0.615783,0.579845,0.542979,0.505549,0.468013,0.430961,0.395161,0.361607,0.331578,0.306648,0.288578,0.279007,0.278957,0.288416,0.306338,0.331064,0.360811,0.393987,0.429293,0.465706,0.502431,0.538846,0.574454,0.608856,0.641722,0.67278,0.701798,0.728582,0.752962,0.774796,0.793958,0.81034,0.823848,0.834401,0.841928,0.84637,0.847679,0.845817,0.84076,0.832498,0.821037,0.806405,0.78865,0.76785,0.744109,0.717567,0.6884,0.656822,0.623094,0.587527,0.550489,0.512427,0.473879,0.435519,0.3982,0.363026,0.331423,0.305177,0.286334,0.276841,0.277925,0.289559,0.310497
0.237127,0.258297,0.288268,0.324286,0.364142,0.406211,0.449321,0.492604,0.535397,0.577173,0.617497,0.656005,0.692385,0.726374,0.757749,0.786328,0.811965,0.834549,0.854002,0.870277,0.883353,0.893233,0.899941,0.903516,0.904011,0.901488,0.896017,0.887675,0.876539,0.86269,0.846213,0.82719,0.805708,0.781857,0.755728,0.727424,0.697055,0.664745,0.630639,0.594909,0.55776,0.519446,0.480287,0.440692,0.401196,0.362519,0.325647,0.291941,0.263244,0.241869,0.230236,0.230008,0.241202,0.262171,0.290486,0.323806,0.360257,0.398446,0.437356,0.476238,0.514525,0.551773,0.58763,0.621808,0.654066,0.684199,0.712033,0.737418,0.760221,0.780328,0.797636,0.812055,0.823504,0.831914,0.837221,0.839372,0.838323,0.834041,0.826506,0.815711,0.801669,0.784413,0.763998,0.74051,0.714061,0.684799,0.652905,0.618602,0.582154,0.543873,0.504135,0.463392,0.422208,0.381311,0.341675,0.304646,0.272097,0.246528,0.230845,0.227481,0.237127,0.258297
0.18379,0.205106,0.237297,0.276254,0.319067,0.363857,0.409397,0.454844,0.499577,0.543113,0.585052,0.625062,0.662851,0.698174,0.730818,0.760607,0.787399,0.811084,0.831584,0.848851,0.86286,0.873613,0.88113,0.885446,0.886613,0.884688,0.879741,0.871842,0.861069,0.847499,0.831212,0.812289,0.790813,0.766869,0.740545,0.711934,0.681139,0.648271,0.61346,0.576854,0.538631,0.499005,0.458243,0.416687,0.374786,0.333161,0.292701,0.254739,0.221308,0.195402,0.180764,0.180394,0.194359,0.219728,0.252731,0.290318,0.330407,0.371625,0.413051,0.454038,0.494108,0.532894,0.570099,0.605482,0.638839,0.669993,0.698793,0.725104,0.748809,0.769801,0.787985,0.803275,0.815592,0.824865,0.831029,0.834026,0.833808,0.830332,0.82357,0.813505,0.800135,0.783478,0.763574,0.740486,0.714306,0.685155,0.653186,0.618583,0.58157,0.542407,0.501399,0.458908,0.415377,0.371368,0.327638,0.285275,0.245936,0.21221,0.187926,0.177569,0.18379,0.205106
0.129974,0.151282,0.186761,0.22959,0.275904,0.323663,0.371707,0.419296,0.4659,0.511104,0.554566,0.595987,0.635106,0.671693,0.705549,0.736505,0.764422,0.789191,0.810734,0.828998,0.843957,0.855609,0.86397,0.869072,0.870962,0.869696,0.865338,0.857957,0.847626,0.83442,0.818416,0.799694,0.778331,0.754409,0.728012,0.699228,0.668151,0.634884,0.59954,0.56225,0.523161,0.48245,0.44033,0.397065,0.352996,0.308592,0.264542,0.221949,0.182739,0.150437,0.130943,0.13047,0.149186,0.180984,0.219859,0.262186,0.305978,0.350098,0.393834,0.436696,0.478324,0.518434,0.556794,0.593207,0.627506,0.65954,0.68918,0.716308,0.740817,0.762609,0.781597,0.797697,0.810832,0.820932,0.827929,0.831762,0.832378,0.829727,0.823774,0.814491,0.801865,0.785902,0.766626,0.744083,0.718347,0.689516,0.657719,0.623112,0.585882,0.546245,0.50445,0.460782,0.415572,0.369222,0.322245,0.275365,0.229717,0.187295,0.151889,0.130251,0.129974,0.151282
0.0766525,0.09747,0.138431,0.186353,0.236557,0.287279,0.337659,0.387165,0.435407,0.482062,0.526848,0.569507,0.609805,0.647531,0.682496,0.714536,0.743514,0.769322,0.791877,0.811124,0.827033,0.839596,0.848825,0.854748,0.857406,0.856853,0.853147,0.846355,0.836547,0.823795,0.808173,0.789757,0.768625,0.744854,0.718525,0.689723,0.658538,0.625063,0.589404,0.551675,0.512003,0.470534,0.427434,0.382897,0.33716,0.290522,0.243404,0.19647,0.150989,0.109956,0.081553,0.0810269,0.108773,0.149527,0.194854,0.241662,0.288649,0.335131,0.380679,0.42498,0.467789,0.5089,0.548135,0.585338,0.620368,0.653101,0.68342,0.711223,0.736412,0.758898,0.778596,0.795426,0.809314,0.820188,0.827978,0.832622,0.83406,0.83224,0.827116,0.818654,0.806831,0.791642,0.773099,0.751234,0.726105,0.697794,0.66641,0.632088,0.594989,0.5553,0.513228,0.469005,0.422886,0.375154,0.326135,0.276234,0.226017,0.176448,0.12961,0.0912564,0.0766525,0.09747
0.030438,0.0462567,0.0970374,0.150485,0.204012,0.256978,0.30903,0.359885,0.409288,0.456994,0.50277,0.546388,0.587633,0.626304,0.662218,0.695213,0.725151,0.751918,0.775428,0.79562,0.812457,0.825926,0.836033,0.842799,0.846261,0.846467,0.843471,0.837337,0.82813,0.815921,0.800781,0.782784,0.762006,0.738524,0.712417,0.683769,0.652668,0.619206,0.583484,0.54561,0.505701,0.463886,0.420305,0.375113,0.328479,0.280589,0.231655,0.181934,0.131793,0.0820187,0.0367026,0.0362876,0.0814583,0.131202,0.18132,0.231012,0.279909,0.327752,0.374326,0.419441,0.462926,0.504622,0.544386,0.582085,0.617597,0.650811,0.681623,0.709936,0.735662,0.758715,0.779013,0.79648,0.811039,0.82262,0.831151,0.836566,0.838802,0.8378,0.833512,0.825894,0.814917,0.800566,0.782842,0.761769,0.737391,0.709778,0.679025,0.645253,0.608609,0.569259,0.527393,0.483215,0.436943,0.388805,0.339038,0.287886,0.235612,0.182515,0.129016,0.0760898,0.030438,0.0462567
0.0462567,0.0304425,0.0760934,0.129019,0.182518,0.235614,0.287888,0.33904,0.388808,0.436946,0.483217,0.527395,0.569261,0.60861,0.645255,0.679026,0.709779,0.737392,0.76177,0.782843,0.800566,0.814917,0.825894,0.833512,0.8378,0.838801,0.836565,0.83115,0.822619,0.811038,0.796478,0.779012,0.758713,0.73566,0.709934,0.68162,0.650809,0.617595,0.582082,0.544383,0.504619,0.462923,0.419438,0.374323,0.327749,0.279906,0.231009,0.181317,0.131199,0.0814558,0.0362875,0.0367081,0.0820237,0.131797,0.181939,0.231659,0.280593,0.328483,0.375117,0.420309,0.463889,0.505704,0.545613,0.583487,0.619209,0.652671,0.683772,0.712419,0.738526,0.762008,0.782786,0.800783,0.815923,0.828132,0.837338,0.843472,0.846467,0.846262,0.842799,0.836033,0.825926,0.812457,0.795619,0.775427,0.751917,0.72515,0.695212,0.662217,0.626303,0.587631,0.546386,0.502768,0.456993,0.409286,0.359883,0.309028,0.256976,0.20401,0.150483,0.097036,0.0462567,0.0304425
0.0974714,0.0766562,0.091261,0.129614,0.176452,0.22602,0.276237,0.326138,0.375157,0.422889,0.469008,0.51323,0.555302,0.594991,0.63209,0.666412,0.697796,0.726107,0.751235,0.7731,0.791643,0.806832,0.818654,0.827116,0.83224,0.83406,0.832622,0.827978,0.820187,0.809313,0.795425,0.778594,0.758896,0.736411,0.711221,0.683419,0.653099,0.620366,0.585336,0.548133,0.508898,0.467787,0.424978,0.380676,0.335128,0.288646,0.24166,0.194852,0.149526,0.108773,0.0810293,0.0815578,0.109962,0.150994,0.196475,0.243409,0.290527,0.337164,0.382902,0.427438,0.470538,0.512007,0.551678,0.589408,0.625066,0.658541,0.689726,0.718528,0.744856,0.768627,0.789759,0.808175,0.823797,0.836549,0.846357,0.853148,0.856854,0.857407,0.854748,0.848825,0.839596,0.827033,0.811124,0.791876,0.769321,0.743514,0.714535,0.682495,0.64753,0.609804,0.569505,0.526846,0.482061,0.435405,0.387163,0.337657,0.287278,0.236556,0.186352,0.138431,0.0974714,0.0766562
0.151283,0.129977,0.130255,0.151893,0.187299,0.229721,0.275369,0.322248,0.369225,0.415575,0.460785,0.504453,0.546247,0.585884,0.623114,0.657721,0.689518,0.718349,0.744085,0.766627,0.785903,0.801866,0.814491,0.823774,0.829728,0.832378,0.831762,0.827928,0.820931,0.810832,0.797696,0.781596,0.762608,0.740815,0.716307,0.689179,0.659539,0.627504,0.593205,0.556792,0.518432,0.478322,0.436694,0.393832,0.350096,0.305976,0.262184,0.219859,0.180984,0.149188,0.130473,0.130948,0.150443,0.182744,0.221954,0.264547,0.308597,0.353001,0.397069,0.440335,0.482454,0.523165,0.562253,0.599544,0.634888,0.668155,0.699231,0.728015,0.754412,0.778333,0.799696,0.818419,0.834422,0.847627,0.857959,0.86534,0.869698,0.870964,0.869073,0.863971,0.85561,0.843957,0.828998,0.810734,0.789191,0.764422,0.736505,0.705548,0.671692,0.635105,0.595986,0.554565,0.511103,0.465898,0.419295,0.371706,0.323662,0.275903,0.22959,0.186761,0.151283,0.129977
0.205108,0.183793,0.177572,0.187931,0.212215,0.245941,0.285279,0.327642,0.371372,0.415381,0.458911,0.501402,0.54241,0.581573,0.618586,0.653188,0.685157,0.714308,0.740488,0.763576,0.78348,0.800136,0.813506,0.823571,0.830333,0.833808,0.834026,0.831029,0.824864,0.815592,0.803275,0.787985,0.7698,0.748808,0.725103,0.698792,0.669992,0.638838,0.605481,0.570098,0.532892,0.494107,0.454037,0.41305,0.371624,0.330406,0.290318,0.252731,0.219728,0.194361,0.180397,0.180768,0.195407,0.221313,0.254744,0.292706,0.333166,0.374791,0.416692,0.458248,0.499009,0.538635,0.576858,0.613464,0.648275,0.681142,0.711938,0.740548,0.766872,0.790816,0.812292,0.831214,0.847501,0.861071,0.871844,0.879742,0.88469,0.886614,0.885447,0.88113,0.873614,0.862861,0.848851,0.831585,0.811084,0.787399,0.760607,0.730818,0.698174,0.662851,0.625061,0.585052,0.543112,0.499577,0.454843,0.409397,0.363856,0.319067,0.276254,0.237298,0.205108,0.183793
0.258299,0.23713,0.227484,0.230849,0.246532,0.272101,0.30465,0.341679,0.381315,0.422212,0.463395,0.504138,0.543876,0.582157,0.618605,0.652908,0.684801,0.714063,0.740512,0.764,0.784414,0.80167,0.815712,0.826507,0.834042,0.838324,0.839373,0.837221,0.831914,0.823504,0.812054,0.797635,0.780327,0.76022,0.737417,0.712032,0.684198,0.654065,0.621807,0.587629,0.551772,0.514523,0.476237,0.437355,0.398445,0.360257,0.323806,0.290487,0.262172,0.241204,0.230012,0.23024,0.241874,0.263249,0.291946,0.325653,0.362525,0.401201,0.440697,0.480292,0.519451,0.557764,0.594913,0.630643,0.664749,0.697059,0.727428,0.755732,0.78186,0.805711,0.827193,0.846215,0.862693,0.876541,0.887677,0.896019,0.90149,0.904012,0.903518,0.899942,0.893234,0.883354,0.870277,0.854002,0.834549,0.811965,0.786328,0.757749,0.726373,0.692384,0.656004,0.617497,0.577173,0.535397,0.492603,0.44932,0.406211,0.364142,0.324287,0.288269,0.258299,0.23713
0.310499,0.289562,0.277928,0.276845,0.286338,0.305181,0.331428,0.36303,0.398204,0.435523,0.473883,0.51243,0.550493,0.58753,0.623097,0.656825,0.688403,0.71757,0.744111,0.767852,0.788652,0.806406,0.821039,0.832499,0.840761,0.845818,0.84768,0.846371,0.841928,0.834401,0.823848,0.81034,0.793957,0.774795,0.752962,0.728581,0.701798,0.672779,0.641721,0.608855,0.574453,0.538845,0.502431,0.465705,0.429293,0.393987,0.360811,0.331065,0.30634,0.288418,0.27896,0.279011,0.288582,0.306653,0.331584,0.361612,0.395166,0.430966,0.468018,0.505554,0.542984,0.579849,0.615787,0.65051,0.683783,0.715413,0.745242,0.77313,0.798958,0.822619,0.844012,0.863046,0.879629,0.893675,0.905097,0.913812,0.919738,0.922797,0.922917,0.920033,0.914088,0.905042,0.892868,0.877561,0.859139,0.83765,0.81317,0.785812,0.755723,0.723092,0.68815,0.651173,0.612487,0.572476,0.531597,0.490398,0.449551,0.409902,0.372529,0.338818,0.310499,0.289562
0.36143,0.34079,0.32795,0.323935,0.329019,0.342617,0.363482,0.390067,0.420836,0.454431,0.489722,0.525788,0.561883,0.597396,0.631822,0.664736,0.695785,0.724668,0.751136,0.774984,0.796047,0.814195,0.82933,0.841386,0.85032,0.85611,0.858755,0.85827,0.854685,0.848042,0.838398,0.82582,0.81039,0.792206,0.771381,0.748048,0.722362,0.694506,0.664695,0.633182,0.600268,0.566311,0.531747,0.497102,0.463026,0.430317,0.399951,0.373099,0.351096,0.335326,0.326994,0.326832,0.33487,0.350432,0.372351,0.399267,0.429863,0.462986,0.497677,0.533165,0.568833,0.60419,0.638844,0.672477,0.704832,0.735698,0.7649,0.792288,0.817733,0.841122,0.862348,0.881315,0.897928,0.912097,0.923734,0.932753,0.939069,0.942602,0.943277,0.941027,0.935795,0.927535,0.916222,0.901846,0.884426,0.864006,0.840664,0.81451,0.785697,0.754416,0.720903,0.685442,0.648368,0.610079,0.571038,0.531799,0.493024,0.455515,0.420253,0.388426,0.36143,0.34079
0.410848,0.39056,0.376994,0.370997,0.37292,0.382511,0.398978,0.42119,0.447893,0.477879,0.510069,0.543535,0.577497,0.611301,0.644394,0.67631,0.706654,0.735091,0.761339,0.785163,0.806371,0.82481,0.840362,0.852939,0.862482,0.868955,0.872344,0.872654,0.869905,0.864134,0.855392,0.843744,0.829272,0.812075,0.79227,0.769996,0.74542,0.718735,0.690171,0.66,0.628543,0.596182,0.56337,0.530652,0.498679,0.468228,0.44021,0.415668,0.395728,0.381498,0.373902,0.373495,0.380318,0.393898,0.413367,0.437655,0.465655,0.496343,0.528822,0.562341,0.596278,0.630124,0.663468,0.695972,0.727361,0.757407,0.785924,0.81275,0.837749,0.860801,0.881794,0.900628,0.917205,0.931432,0.943219,0.952476,0.959119,0.963063,0.964233,0.96256,0.957984,0.950459,0.939956,0.926465,0.910003,0.890613,0.868371,0.843389,0.815819,0.785855,0.753735,0.719748,0.684235,0.647595,0.610294,0.57288,0.535992,0.500386,0.46695,0.436718,0.410848,0.39056
0.45853,0.438643,0.424669,0.417323,0.416964,0.423514,0.436468,0.455001,0.478116,0.504776,0.533996,0.564888,0.596672,0.628677,0.660323,0.691114,0.720624,0.748487,0.774391,0.798077,0.819326,0.837962,0.853846,0.86687,0.876958,0.884059,0.888146,0.889212,0.887267,0.882342,0.87448,0.863746,0.850217,0.833994,0.815197,0.793969,0.770483,0.744943,0.717591,0.688711,0.658639,0.627769,0.596568,0.565582,0.535452,0.506921,0.480833,0.458119,0.439742,0.426619,0.419493,0.418807,0.424616,0.436573,0.45401,0.476061,0.501791,0.53029,0.560732,0.592396,0.62467,0.657042,0.689087,0.720455,0.750857,0.780055,0.80785,0.834073,0.85858,0.881244,0.901953,0.920599,0.937084,0.951312,0.963189,0.972626,0.979534,0.983831,0.985437,0.984281,0.980303,0.973456,0.963707,0.951048,0.935492,0.917082,0.895892,0.872035,0.845661,0.816964,0.786186,0.753614,0.719591,0.684515,0.648848,0.613124,0.577959,0.54406,0.512237,0.483398,0.45853,0.438643
0.504268,0.484826,0.470672,0.462419,0.460412,0.464663,0.474845,0.490353,0.510395,0.534098,0.560587,0.589036,0.618694,0.648896,0.679053,0.708651,0.737243,0.76444,0.789909,0.813363,0.834565,0.853314,0.869451,0.882852,0.893421,0.901093,0.905826,0.907601,0.90642,0.902303,0.89529,0.885437,0.872823,0.857544,0.839722,0.819504,0.797067,0.772622,0.746418,0.718749,0.68996,0.660453,0.630697,0.601233,0.572687,0.545763,0.521245,0.499965,0.482769,0.470433,0.463582,0.462589,0.467515,0.4781,0.493814,0.513941,0.537678,0.564217,0.592799,0.622738,0.65344,0.684396,0.715177,0.745426,0.774844,0.803184,0.830239,0.855833,0.879817,0.902059,0.922442,0.940857,0.957203,0.971381,0.983297,0.99286,0.999979,1.00457,1.00655,1.00586,1.00242,0.99619,0.987139,0.975253,0.960545,0.943058,0.922864,0.900074,0.874838,0.84735,0.817849,0.786623,0.754012,0.72041,0.686272,0.652115,0.618529,0.586178,0.555802,0.528212,0.504268,0.484826
0.547866,0.52891,0.514747,0.505912,0.502725,0.505247,0.513265,0.526323,0.543789,0.564932,0.588983,0.61519,0.642848,0.67131,0.699995,0.728385,0.75602,0.782498,0.807466,0.830621,0.851703,0.870495,0.886819,0.90053,0.911518,0.919703,0.925028,0.927462,0.926998,0.923645,0.917437,0.908425,0.896681,0.882303,0.865409,0.846149,0.824703,0.801284,0.776148,0.749593,0.721969,0.693681,0.665197,0.63705,0.609843,0.584246,0.560988,0.540825,0.524509,0.51272,0.505997,0.504666,0.508798,0.518192,0.532415,0.550865,0.572843,0.597626,0.624513,0.652859,0.682088,0.7117,0.741268,0.77043,0.798883,0.826371,0.852682,0.877636,0.901078,0.922873,0.942901,0.961051,0.977219,0.991306,1.00322,1.01286,1.02013,1.02497,1.02727,1.02698,1.02402,1.01835,1.00994,0.998764,0.984845,0.968218,0.948958,0.927173,0.903012,0.876666,0.848373,0.818419,0.787138,0.754921,0.72221,0.689507,0.657376,0.62644,0.597384,0.570939,0.547866,0.52891
0.589144,0.57071,0.556671,0.5475,0.543492,0.544731,0.551075,0.562175,0.57752,0.596491,0.618418,0.642623,0.66845,0.695286,0.722565,0.749775,0.776454,0.802191,0.826623,0.849431,0.870342,0.88912,0.905571,0.919534,0.930885,0.939526,0.945389,0.94843,0.948631,0.945993,0.94054,0.932318,0.921395,0.907862,0.891839,0.873474,0.852947,0.830475,0.806313,0.780766,0.754182,0.726968,0.699585,0.672556,0.646465,0.62195,0.599691,0.580385,0.564711,0.553279,0.546568,0.544874,0.548271,0.556606,0.569516,0.586485,0.606898,0.630101,0.655447,0.682325,0.710182,0.738529,0.766942,0.79506,0.822575,0.849229,0.874804,0.899117,0.922009,0.943342,0.962995,0.980853,0.996813,1.01077,1.02264,1.03231,1.0397,1.04473,1.04731,1.04736,1.04483,1.03966,1.03182,1.0213,1.0081,0.992273,0.973882,0.953035,0.92988,0.904607,0.877449,0.848689,0.818658,0.787737,0.756358,0.725008,0.694223,0.664595,0.636757,0.61138,0.589144,0.57071
0.627933,0.610054,0.596247,0.586932,0.582382,0.582691,0.587763,0.597322,0.610946,0.628109,0.648223,0.670678,0.694872,0.720226,0.746199,0.772291,0.798045,0.82305,0.846934,0.869371,0.890074,0.908796,0.925327,0.939493,0.951154,0.960199,0.966547,0.970143,0.970955,0.968978,0.964227,0.956739,0.946578,0.933831,0.918614,0.901073,0.881387,0.859774,0.83649,0.811838,0.786168,0.759883,0.733438,0.707347,0.682171,0.658522,0.63704,0.618376,0.603153,0.591927,0.585135,0.583051,0.585756,0.593129,0.604864,0.620511,0.63952,0.661295,0.685234,0.710762,0.737344,0.764506,0.791828,0.81895,0.845563,0.871408,0.896263,0.919942,0.942284,0.963149,0.982413,0.999962,1.01569,1.02949,1.04128,1.05095,1.05842,1.06359,1.06639,1.06674,1.06457,1.05985,1.05253,1.04259,1.03006,1.01496,0.997373,0.977397,0.955179,0.930906,0.904809,0.877167,0.848305,0.818595,0.78846,0.758369,0.728838,0.700425,0.673725,0.649354,0.627933,0.610054
0.664079,0.646785,0.633296,0.623992,0.619124,0.618788,0.622915,0.631284,0.643538,0.659222,0.677818,0.698777,0.721545,0.745581,0.770371,0.795433,0.820319,0.844621,0.867968,0.890027,0.910503,0.929139,0.945714,0.96004,0.971965,0.981366,0.988149,0.992246,0.993618,0.992247,0.98814,0.981328,0.971867,0.95984,0.945359,0.928567,0.909641,0.888797,0.86629,0.842422,0.817542,0.792049,0.766391,0.741069,0.71663,0.69366,0.672768,0.654565,0.639635,0.628491,0.621542,0.619045,0.621087,0.627574,0.638242,0.652693,0.670432,0.69091,0.713565,0.737849,0.76325,0.789303,0.815598,0.841776,0.867529,0.892595,0.916751,0.93981,0.961608,0.982005,1.00087,1.0181,1.03358,1.04721,1.05889,1.06852,1.07602,1.0813,1.08427,1.08487,1.08302,1.07869,1.07182,1.06242,1.05049,1.03606,1.0192,1.00003,0.978675,0.95533,0.930221,0.90362,0.875848,0.847269,0.818295,0.789379,0.761018,0.733743,0.708113,0.684702,0.664079,0.646785
0.697443,0.680758,0.66766,0.658494,0.653489,0.65274,0.656196,0.663672,0.674859,0.68936,0.706711,0.726417,0.747966,0.770856,0.794599,0.818733,0.842825,0.866474,0.88931,0.911001,0.931245,0.949778,0.96637,0.980823,0.992973,1.00269,1.00986,1.01441,1.01628,1.01546,1.01194,1.00575,0.996921,0.985548,0.971731,0.95561,0.93736,0.917194,0.895365,0.872173,0.847964,0.823132,0.798119,0.773416,0.749555,0.7271,0.706636,0.688744,0.673975,0.662812,0.655641,0.652709,0.654109,0.659768,0.669456,0.682817,0.699398,0.718692,0.740169,0.763307,0.787613,0.812634,0.837965,0.863252,0.888187,0.912509,0.935993,0.95845,0.979717,0.99965,1.01812,1.03502,1.05024,1.06367,1.07522,1.08479,1.0923,1.09764,1.10075,1.10155,1.09997,1.09597,1.08951,1.08057,1.06918,1.05535,1.03916,1.02072,1.00017,0.977677,0.953482,0.927848,0.90109,0.873565,0.845673,0.817856,0.79059,0.764385,0.739768,0.717278,0.697443,0.680758
0.727897,0.711845,0.699199,0.690274,0.685283,0.684314,0.687327,0.694161,0.704546,0.718125,0.734481,0.753161,0.773694,0.795609,0.818448,0.841768,0.865153,0.88821,0.910576,0.93192,0.951938,0.970362,0.986953,1.00151,1.01385,1.02383,1.03135,1.0363,1.03863,1.03831,1.03532,1.02968,1.02143,1.01064,0.997411,0.981884,0.964227,0.944649,0.923401,0.90078,0.877129,0.852836,0.828339,0.804118,0.780692,0.758611,0.738436,0.720726,0.706006,0.694739,0.687291,0.683906,0.684679,0.689555,0.698334,0.710692,0.726212,0.74442,0.764814,0.786896,0.810187,0.834247,0.858677,0.883125,0.907288,0.930902,0.953744,0.975622,0.996374,1.01585,1.03394,1.0505,1.06545,1.07868,1.09008,1.09956,1.10704,1.11242,1.11563,1.11659,1.11523,1.11151,1.1054,1.09688,1.08595,1.07266,1.05708,1.03931,1.01948,0.997773,0.974419,0.949679,0.923861,0.897315,0.870433,0.843643,0.817406,0.792208,0.768555,0.746954,0.727897,0.711845
0.755331,0.73993,0.727787,0.719192,0.714339,0.713312,0.716075,0.722484,0.732294,0.745183,0.760769,0.778634,0.798342,0.819452,0.84153,0.864155,0.886925,0.909462,0.931409,0.952437,0.972245,0.990562,1.00714,1.02178,1.03429,1.04451,1.05233,1.05764,1.06038,1.0605,1.05798,1.05283,1.04509,1.03482,1.02211,1.0071,0.989953,0.970875,0.950115,0.927965,0.904765,0.880899,0.856798,0.832935,0.809819,0.787984,0.767978,0.750339,0.735575,0.72413,0.71636,0.712503,0.712661,0.716793,0.724722,0.736151,0.750693,0.767901,0.787299,0.808405,0.830757,0.853923,0.877512,0.901176,0.924612,0.947557,0.969789,0.991114,1.01137,1.03041,1.04811,1.06435,1.07903,1.09203,1.10327,1.11265,1.12008,1.12547,1.12874,1.12981,1.12864,1.12515,1.11934,1.11117,1.10066,1.08785,1.07281,1.05563,1.03646,1.01547,0.992887,0.968968,0.944018,0.918381,0.892439,0.866608,0.841336,0.817093,0.794359,0.773617,0.755331,0.73993
0.779647,0.764914,0.753316,0.745125,0.740517,0.739569,0.742246,0.748415,0.757851,0.770255,0.785273,0.802518,0.82158,0.842045,0.863502,0.885551,0.907805,0.929898,0.951483,0.972236,0.991858,1.01008,1.02665,1.04135,1.054,1.06443,1.07252,1.07815,1.08124,1.08176,1.07965,1.07494,1.06764,1.05782,1.04556,1.03099,1.01428,0.995617,0.975254,0.95348,0.93063,0.907085,0.883271,0.859654,0.836734,0.815036,0.795093,0.77743,0.762539,0.750855,0.742723,0.738379,0.737931,0.741352,0.74848,0.759045,0.772683,0.788968,0.807446,0.827652,0.849136,0.871474,0.894281,0.917213,0.939968,0.962285,0.98394,1.00474,1.02452,1.04314,1.06047,1.07639,1.0908,1.10358,1.11465,1.12391,1.13126,1.13663,1.13993,1.14109,1.14005,1.13676,1.13119,1.12332,1.11317,1.10078,1.08621,1.06957,1.05098,1.03064,1.00876,0.985595,0.961443,0.936645,0.911575,0.886641,0.862276,0.838934,0.817079,0.79717,0.779647,0.764914
0.800764,0.78671,0.775695,0.76797,0.763698,0.762945,0.765678,0.771769,0.781004,0.793105,0.807738,0.824539,0.843121,0.863095,0.884067,0.905657,0.927494,0.949223,0.970507,0.991029,1.01049,1.02863,1.04519,1.05995,1.07273,1.08334,1.09166,1.09757,1.10099,1.10184,1.1001,1.09577,1.08885,1.07941,1.06753,1.05333,1.03697,1.01864,0.998592,0.977103,0.954509,0.931188,0.90756,0.884087,0.861262,0.839601,0.819627,0.801856,0.78677,0.774792,0.766264,0.761421,0.760376,0.763112,0.769486,0.779244,0.792042,0.807476,0.825105,0.844481,0.865164,0.886737,0.90882,0.931072,0.953194,0.974924,0.996039,1.01635,1.03568,1.0539,1.07087,1.08648,1.10062,1.11318,1.12407,1.1332,1.14046,1.14579,1.14909,1.1503,1.14936,1.14621,1.14084,1.13322,1.12338,1.11134,1.09719,1.08101,1.06295,1.04319,1.02194,0.999459,0.976038,0.952013,0.92775,0.903651,0.880137,0.857649,0.836634,0.817533,0.800764,0.78671
0.818615,0.80525,0.794848,0.787642,0.783784,0.783328,0.786239,0.792391,0.80158,0.813538,0.82795,0.844467,0.862724,0.882348,0.902966,0.92421,0.945727,0.967173,0.98822,1.00856,1.0279,1.04597,1.06253,1.07735,1.09024,1.10101,1.10954,1.11569,1.11938,1.12053,1.1191,1.11509,1.1085,1.09938,1.08781,1.07391,1.05782,1.03975,1.01993,0.998638,0.976211,0.953022,0.929488,0.906066,0.883243,0.86153,0.841444,0.823492,0.808148,0.79583,0.786878,0.781526,0.779892,0.78197,0.787629,0.796631,0.80865,0.823297,0.840146,0.858758,0.878703,0.899572,0.920989,0.942614,0.96415,0.985337,1.00595,1.0258,1.04472,1.06256,1.07919,1.0945,1.10838,1.12072,1.13143,1.14041,1.14758,1.15284,1.15612,1.15734,1.15646,1.15342,1.1482,1.14079,1.13119,1.11946,1.10565,1.08988,1.07229,1.05304,1.03235,1.01049,0.987727,0.964408,0.940891,0.917566,0.894849,0.873168,0.852956,0.834638,0.818615,0.80525
0.833148,0.820477,0.810713,0.804074,0.800695,0.800625,0.803821,0.810157,0.819435,0.831394,0.845731,0.862112,0.880185,0.899593,0.919977,0.940986,0.962277,0.983519,1.00439,1.0246,1.04385,1.06189,1.07845,1.09333,1.10632,1.11724,1.12594,1.1323,1.13622,1.13762,1.13646,1.13271,1.12639,1.11753,1.1062,1.09253,1.07665,1.05875,1.03908,1.01791,0.995567,0.972425,0.948899,0.925441,0.902538,0.880694,0.860422,0.842223,0.826568,0.813871,0.804469,0.7986,0.796387,0.79783,0.802813,0.811108,0.822405,0.836326,0.852458,0.870371,0.889642,0.909867,0.930673,0.951725,0.972725,0.993413,1.01357,1.03299,1.05152,1.06901,1.08533,1.10036,1.11399,1.12612,1.13665,1.14548,1.15253,1.15771,1.16094,1.16215,1.1613,1.15833,1.15321,1.14595,1.13655,1.12506,1.11155,1.09612,1.07892,1.06012,1.03993,1.01862,0.996454,0.973777,0.950942,0.928334,0.906361,0.885441,0.865996,0.848436,0.833148,0.820477
0.844325,0.832353,0.823247,0.817212,0.814372,0.814763,0.818338,0.824969,0.834456,0.846545,0.86094,0.877317,0.895335,0.914649,0.934915,0.955791,0.976948,0.998065,1.01883,1.03896,1.05816,1.07618,1.09276,1.1077,1.12078,1.13183,1.14069,1.14723,1.15134,1.15295,1.152,1.14847,1.14235,1.13369,1.12254,1.10903,1.09328,1.07549,1.0559,1.03477,1.01243,0.989255,0.965656,0.942084,0.919024,0.896976,0.876452,0.857949,0.841936,0.828825,0.818954,0.812563,0.809779,0.810613,0.814954,0.82259,0.833218,0.846473,0.86195,0.879227,0.897886,0.917527,0.937782,0.958314,0.978828,0.999065,1.0188,1.03784,1.05602,1.07318,1.08921,1.10398,1.11738,1.1293,1.13965,1.14833,1.15525,1.16034,1.1635,1.16468,1.16382,1.16088,1.15583,1.14867,1.13941,1.12811,1.11484,1.09969,1.08282,1.0644,1.04465,1.02381,1.00218,0.980081,0.957867,0.935919,0.914637,0.894432,0.875717,0.858891,0.844325,0.832353
0.852124,0.84085,0.832419,0.827022,0.824771,0.825692,0.82973,0.836751,0.846555,0.858889,0.873462,0.889956,0.908038,0.927373,0.947626,0.968468,0.989577,1.01064,1.03137,1.05146,1.07065,1.08868,1.1053,1.1203,1.13347,1.14463,1.15362,1.16031,1.16458,1.16636,1.16558,1.1622,1.15624,1.14771,1.13669,1.12327,1.10759,1.08984,1.07024,1.04908,1.02667,1.00339,0.979642,0.955883,0.932595,0.910279,0.889443,0.870584,0.854171,0.840617,0.830259,0.823343,0.820001,0.820249,0.823986,0.831008,0.841021,0.853668,0.868551,0.885254,0.903364,0.922483,0.942244,0.962314,0.982395,1.00223,1.02159,1.04029,1.05815,1.07503,1.09079,1.10532,1.1185,1.13023,1.1404,1.14893,1.15572,1.1607,1.16377,1.16489,1.164,1.16105,1.15602,1.14892,1.13976,1.12859,1.11549,1.10057,1.08397,1.06587,1.04648,1.02606,1.00489,0.983303,0.961648,0.9403,0.919657,0.900123,0.882101,0.865981,0.852124,0.84085
0.856536,0.845958,0.838215,0.833485,0.831867,0.833379,0.837953,0.845451,0.855669,0.868353,0.883213,0.899933,0.918189,0.93765,0.95799,0.978888,1.00003,1.02112,1.04186,1.06197,1.08118,1.09925,1.11592,1.13099,1.14424,1.1555,1.1646,1.17141,1.17581,1.17771,1.17705,1.17379,1.16793,1.15948,1.14851,1.13512,1.11944,1.10166,1.082,1.06073,1.03818,1.01472,0.990757,0.966744,0.943163,0.920517,0.899315,0.880055,0.863205,0.849182,0.838325,0.830884,0.826996,0.826683,0.829853,0.836307,0.845758,0.857856,0.872208,0.888401,0.906025,0.924685,0.944013,0.963678,0.983383,1.00287,1.02191,1.0403,1.05789,1.07452,1.09005,1.10436,1.11734,1.12889,1.1389,1.14728,1.15393,1.15878,1.16176,1.16279,1.16183,1.15883,1.15379,1.1467,1.13759,1.1265,1.11352,1.09876,1.08236,1.06451,1.04542,1.02535,1.00458,0.983441,0.962282,0.941477,0.921419,0.902508,0.885141,0.869699,0.856536,0.845958
0.857566,0.84768,0.840634,0.836596,0.835651,0.837806,0.842985,0.851039,0.861759,0.874887,0.890132,0.90718,0.925709,0.945393,0.965912,0.986951,1.00821,1.02938,1.05019,1.07037,1.08964,1.10777,1.12451,1.13965,1.15298,1.16433,1.17352,1.18043,1.18492,1.18691,1.18633,1.18313,1.17731,1.16889,1.15792,1.1445,1.12875,1.11087,1.09107,1.06964,1.04688,1.02317,0.998922,0.974589,0.950655,0.927624,0.906006,0.886303,0.868984,0.85447,0.843104,0.83514,0.830721,0.829875,0.832515,0.838447,0.847392,0.859001,0.872885,0.888633,0.905837,0.924103,0.943064,0.962386,0.981772,1.00096,1.01973,1.03788,1.05523,1.07164,1.08697,1.1011,1.11391,1.12529,1.13515,1.14338,1.14989,1.15461,1.15746,1.15839,1.15733,1.15426,1.14916,1.14204,1.13292,1.12186,1.10894,1.09427,1.07802,1.06035,1.04149,1.0217,1.00127,0.98051,0.959784,0.939462,0.919934,0.901598,0.884847,0.870054,0.857566,0.84768
0.855234,0.846032,0.839691,0.836365,0.836129,0.838976,0.84482,0.853502,0.864805,0.878464,0.894185,0.911654,0.930548,0.950544,0.971327,0.992586,1.01402,1.03535,1.05629,1.07657,1.09595,1.11416,1.13098,1.1462,1.15961,1.17103,1.1803,1.18727,1.19182,1.19386,1.19331,1.19013,1.18431,1.17585,1.16482,1.15131,1.13544,1.11739,1.09739,1.07572,1.05269,1.02866,1.00407,0.979359,0.955016,0.931548,0.909469,0.889284,0.871467,0.856443,0.844561,0.836079,0.831146,0.829796,0.831946,0.837406,0.845901,0.857083,0.870565,0.885938,0.902791,0.920732,0.939392,0.958437,0.977568,0.996524,1.01508,1.03302,1.0502,1.06644,1.0816,1.09558,1.10824,1.11947,1.12918,1.13727,1.14364,1.14822,1.15094,1.15173,1.15055,1.14736,1.14217,1.13497,1.12579,1.1147,1.10179,1.08716,1.07098,1.05343,1.03474,1.01516,0.994986,0.974544,0.954185,0.934284,0.91523,0.897419,0.881241,0.867067,0.855234,0.846032
0.849571,0.841045,0.835412,0.832817,0.833322,0.836907,0.843472,0.852849,0.864809,0.879079,0.895361,0.913335,0.932679,0.95307,0.974195,0.995748,1.01744,1.03897,1.06009,1.08052,1.10002,1.11835,1.13527,1.15057,1.16405,1.17554,1.18486,1.19187,1.19645,1.1985,1.19794,1.19473,1.18885,1.18031,1.16916,1.15549,1.13943,1.12116,1.1009,1.07893,1.05555,1.03116,1.00616,0.981012,0.956206,0.932252,0.90967,0.888968,0.870627,0.855078,0.842675,0.833682,0.828256,0.826433,0.828135,0.833175,0.841279,0.8521,0.865251,0.88032,0.896897,0.914586,0.933017,0.951855,0.970799,0.989585,1.00798,1.02579,1.04283,1.05894,1.07399,1.08784,1.10038,1.11149,1.12106,1.12901,1.13524,1.13968,1.14224,1.14288,1.14154,1.13822,1.13288,1.12556,1.11627,1.1051,1.09213,1.07748,1.06131,1.04381,1.02521,1.00577,0.985788,0.96559,0.94553,0.925986,0.907347,0.89001,0.874361,0.860771,0.849571,0.841045
0.840624,0.832761,0.827839,0.825991,0.827266,0.831631,0.838972,0.849105,0.861792,0.876749,0.893669,0.912228,0.9321,0.952963,0.974503,0.996417,1.01841,1.04022,1.06156,1.08218,1.10184,1.12029,1.13732,1.15271,1.16626,1.1778,1.18715,1.19418,1.19875,1.20078,1.20017,1.19688,1.19089,1.18221,1.17089,1.15701,1.1407,1.12215,1.10156,1.07922,1.05545,1.03063,1.00516,0.979524,0.954203,0.929718,0.906592,0.885342,0.866454,0.850365,0.837439,0.827946,0.822048,0.819786,0.821086,0.825762,0.833539,0.84407,0.856964,0.871807,0.888186,0.905702,0.923983,0.94269,0.96152,0.980205,0.998513,1.01624,1.0332,1.04924,1.06421,1.07798,1.09042,1.10142,1.11088,1.1187,1.12479,1.12906,1.13146,1.13192,1.13041,1.1269,1.12139,1.11389,1.10445,1.09314,1.08004,1.0653,1.04908,1.03156,1.01298,0.993606,0.973741,0.953714,0.933883,0.914628,0.896342,0.879422,0.864257,0.851215,0.840624,0.832761
0.828448,0.821236,0.817025,0.815938,0.818012,0.823197,0.831364,0.842315,0.855795,0.87151,0.889142,0.90836,0.928834,0.950239,0.972261,0.994598,1.01696,1.03908,1.06069,1.08154,1.10138,1.11998,1.13713,1.1526,1.16622,1.1778,1.18716,1.19418,1.19872,1.20068,1.19998,1.19656,1.19042,1.18154,1.16999,1.15584,1.13923,1.12033,1.09936,1.0766,1.05237,1.02705,1.00107,0.974887,0.949004,0.923944,0.900237,0.878407,0.85895,0.842311,0.828862,0.818881,0.812535,0.809872,0.810819,0.815191,0.82271,0.833027,0.845744,0.860446,0.876713,0.894141,0.912356,0.931014,0.949809,0.96847,0.98676,1.00447,1.02141,1.03743,1.05237,1.06609,1.07847,1.08939,1.09875,1.10645,1.11239,1.1165,1.11871,1.11898,1.11725,1.11352,1.10779,1.10008,1.09042,1.07891,1.06564,1.05074,1.03438,1.01677,0.998138,0.978757,0.958931,0.938998,0.919321,0.900284,0.882284,0.865723,0.850991,0.838457,0.828448,0.821236
0.813113,0.806536,0.803035,0.802724,0.805624,0.811669,0.820713,0.83254,0.846877,0.863418,0.881832,0.90178,0.922925,0.944938,0.967504,0.990322,1.01311,1.03558,1.0575,1.0786,1.09865,1.11741,1.13469,1.15026,1.16393,1.17553,1.18489,1.19187,1.19634,1.19819,1.19736,1.19377,1.18742,1.1783,1.16646,1.15199,1.13502,1.11571,1.0943,1.07105,1.04631,1.02045,0.993891,0.967115,0.940623,0.914945,0.89062,0.868182,0.848135,0.830935,0.816964,0.806509,0.799744,0.796722,0.79737,0.801504,0.80884,0.819025,0.831655,0.846307,0.862555,0.879989,0.89823,0.916929,0.935774,0.954492,0.97284,0.990605,1.0076,1.02365,1.0386,1.05232,1.06467,1.07554,1.08481,1.09239,1.09819,1.10212,1.10414,1.10418,1.10221,1.09823,1.09223,1.08424,1.07432,1.06255,1.04903,1.03391,1.01735,0.999567,0.980801,0.961328,0.941461,0.92154,0.901937,0.883042,0.865258,0.848991,0.834639,0.82257,0.813113,0.806536
0.794699,0.788739,0.785948,0.786425,0.790179,0.797126,0.807097,0.819857,0.835117,0.85255,0.871814,0.892559,0.91444,0.937123,0.96029,0.983641,1.00689,1.02977,1.05202,1.0734,1.09368,1.11263,1.13003,1.14569,1.15941,1.17102,1.18035,1.18726,1.19163,1.19335,1.19233,1.18853,1.18192,1.17251,1.16033,1.14548,1.12808,1.10831,1.0864,1.06262,1.0373,1.01084,0.983658,0.956238,0.92909,0.902753,0.877775,0.8547,0.834043,0.816273,0.801783,0.79087,0.783717,0.780381,0.78079,0.784758,0.791995,0.802139,0.81478,0.829483,0.845814,0.863358,0.881725,0.900562,0.919553,0.938416,0.956905,0.9748,0.991908,1.00805,1.02308,1.03683,1.04919,1.06002,1.06923,1.0767,1.08235,1.0861,1.08789,1.08768,1.08544,1.08116,1.07485,1.06655,1.0563,1.04421,1.03037,1.01495,0.998114,0.980079,0.961096,0.941446,0.921449,0.901455,0.88184,0.863004,0.845359,0.829319,0.815287,0.803637,0.794699,0.788739
0.773296,0.767935,0.76585,0.767132,0.771769,0.779659,0.790611,0.804364,0.82061,0.839003,0.859183,0.880789,0.903468,0.926878,0.950701,0.974634,0.998392,1.02171,1.04433,1.06602,1.08654,1.10567,1.12321,1.13895,1.15271,1.16431,1.17359,1.18041,1.18464,1.18617,1.18494,1.18088,1.17396,1.1642,1.15163,1.13634,1.11847,1.09818,1.07571,1.05133,1.02539,0.998277,0.97042,0.942307,0.914459,0.887421,0.861754,0.838012,0.816725,0.798375,0.78337,0.772018,0.764511,0.760911,0.761148,0.76503,0.77226,0.782466,0.795225,0.810092,0.826621,0.844386,0.862991,0.882074,0.901311,0.920416,0.939135,0.957242,0.974537,0.990839,1.00599,1.01982,1.03222,1.04305,1.05219,1.05956,1.06506,1.06861,1.07017,1.06968,1.06713,1.06251,1.05584,1.04716,1.03653,1.02405,1.00983,0.99403,0.976834,0.958464,0.939174,0.919256,0.899037,0.878875,0.859156,0.84029,0.8227,0.806811,0.793034,0.781751,0.773296,0.767935
0.749006,0.744221,0.742842,0.744943,0.750497,0.759376,0.771364,0.786174,0.803472,0.822891,0.844054,0.866586,0.890121,0.914315,0.938843,0.963401,0.987706,1.01149,1.03451,1.05652,1.07729,1.09662,1.11429,1.13011,1.14389,1.15546,1.16467,1.17136,1.17542,1.17674,1.17524,1.17087,1.1636,1.15344,1.14042,1.12465,1.10624,1.08538,1.0623,1.03727,1.01066,0.982832,0.954249,0.925395,0.896799,0.869018,0.842624,0.818185,0.796247,0.777307,0.76179,0.750018,0.742196,0.738389,0.738528,0.742415,0.749743,0.760125,0.773124,0.78828,0.805133,0.823246,0.84221,0.861656,0.881251,0.9007,0.919744,0.938149,0.955708,0.972234,0.987557,1.00152,1.01399,1.02483,1.03394,1.0412,1.04654,1.04989,1.05118,1.05039,1.04749,1.04249,1.03541,1.02629,1.01521,1.00227,0.987591,0.971335,0.953695,0.934898,0.915208,0.894924,0.874381,0.853949,0.834026,0.815032,0.797405,0.781583,0.76799,0.757017,0.749006,0.744221
0.721937,0.717707,0.717032,0.719972,0.72648,0.736399,0.749484,0.765418,0.783838,0.804354,0.826567,0.850086,0.874537,0.899566,0.924845,0.950069,0.974954,0.999236,1.02267,1.04502,1.06606,1.08558,1.10338,1.11926,1.13305,1.14457,1.15367,1.16021,1.16406,1.16513,1.16333,1.1586,1.15092,1.14031,1.1268,1.11048,1.09149,1.07,1.04625,1.02053,0.993179,0.964598,0.935237,0.905593,0.876203,0.847636,0.820475,0.795306,0.772692,0.75315,0.737124,0.724954,0.716858,0.712907,0.713032,0.717027,0.724571,0.73526,0.748637,0.764223,0.781542,0.800142,0.8196,0.839536,0.859609,0.879515,0.898983,0.917776,0.935677,0.952494,0.96805,0.982186,0.994758,1.00564,1.01471,1.02187,1.02705,1.03016,1.03117,1.03003,1.02675,1.02132,1.01377,1.00416,0.992567,0.979093,0.963874,0.947078,0.928902,0.909583,0.889391,0.868635,0.847661,0.826849,0.806609,0.78738,0.769614,0.753765,0.740275,0.72955,0.721937,0.717707
0.69221,0.68851,0.688539,0.692343,0.699847,0.710865,0.725116,0.742248,0.761866,0.78355,0.806881,0.831452,0.856874,0.882789,0.908862,0.934787,0.960281,0.985083,1.00895,1.03164,1.05295,1.07267,1.09059,1.10652,1.1203,1.13175,1.14072,1.14707,1.15068,1.15144,1.14929,1.14416,1.13604,1.12492,1.11087,1.09396,1.07432,1.05216,1.02769,1.00121,0.973081,0.943692,0.913502,0.883017,0.852785,0.823383,0.795413,0.769476,0.746158,0.725999,0.709466,0.696921,0.688597,0.684575,0.684783,0.689004,0.6969,0.708045,0.721956,0.738132,0.756076,0.775317,0.795417,0.815983,0.836663,0.857142,0.877142,0.896415,0.914739,0.931913,0.947756,0.962104,0.97481,0.985743,0.994789,1.00185,1.00684,1.00971,1.0104,1.00889,1.00517,0.999258,0.991189,0.981022,0.968842,0.954761,0.938921,0.921494,0.902688,0.882744,0.861943,0.840602,0.819078,0.797763,0.777086,0.757501,0.73948,0.7235,0.710023,0.699473,0.69221,0.68851
0.659952,0.656756,0.657492,0.662189,0.670742,0.682928,0.698424,0.716836,0.737733,0.760664,0.785185,0.81087,0.83732,0.864166,0.891073,0.917732,0.94386,0.9692,0.993508,1.01656,1.03813,1.05804,1.07606,1.09204,1.10578,1.11713,1.12594,1.13206,1.13539,1.13582,1.13327,1.1277,1.11907,1.10741,1.09275,1.0752,1.05488,1.03198,1.00675,0.97947,0.950503,0.920253,0.889184,0.857808,0.82668,0.796394,0.767565,0.740818,0.716761,0.695964,0.678924,0.666028,0.657529,0.653518,0.65392,0.658506,0.666912,0.678684,0.693309,0.710257,0.729004,0.749057,0.769961,0.791308,0.812731,0.833908,0.854548,0.874397,0.893223,0.91082,0.927001,0.941599,0.954464,0.965465,0.974487,0.981437,0.986236,0.988826,0.989166,0.987238,0.983041,0.976595,0.967944,0.957153,0.944315,0.929548,0.912999,0.89485,0.875312,0.854636,0.833109,0.81106,0.788857,0.766907,0.745655,0.725579,0.707174,0.690943,0.677376,0.666919,0.659952,0.656756
0.625297,0.622577,0.624027,0.629657,0.639324,0.65276,0.669591,0.689378,0.711644,0.735906,0.761691,0.788555,0.816087,0.843911,0.871686,0.899105,0.925888,0.951777,0.976535,0.999939,1.02178,1.04185,1.05998,1.07597,1.08965,1.10087,1.10948,1.11535,1.11835,1.1184,1.11542,1.10935,1.10018,1.08792,1.07262,1.05438,1.03332,1.00964,0.983592,0.955463,0.925612,0.894453,0.862452,0.830129,0.798051,0.766823,0.73708,0.70947,0.684633,0.663172,0.645619,0.632397,0.623782,0.619878,0.620607,0.625719,0.634822,0.647422,0.662968,0.680893,0.700643,0.721697,0.743581,0.765869,0.788181,0.810182,0.831573,0.852091,0.871497,0.889578,0.906143,0.921023,0.934066,0.945142,0.954139,0.960964,0.965547,0.967832,0.967787,0.965398,0.960671,0.953635,0.94434,0.932858,0.919287,0.903751,0.886406,0.867437,0.847063,0.82554,0.803166,0.780276,0.757253,0.73452,0.712543,0.691822,0.672885,0.656266,0.642489,0.632032,0.625297,0.622577
0.588388,0.586114,0.588293,0.594906,0.605768,0.620553,0.638829,0.660098,0.683835,0.709517,0.736645,0.764753,0.793419,0.822262,0.850937,0.879139,0.906589,0.933035,0.958243,0.981995,1.00409,1.02432,1.04252,1.0585,1.0721,1.08316,1.09154,1.0971,1.09975,1.09938,1.09591,1.08931,1.07955,1.06665,1.05066,1.03167,1.00983,0.985333,0.958419,0.929391,0.898608,0.866488,0.833501,0.800175,0.767085,0.734851,0.704129,0.675595,0.649924,0.627762,0.609686,0.596163,0.5875,0.583817,0.58503,0.590863,0.600883,0.614547,0.631254,0.650391,0.671366,0.693628,0.71668,0.740077,0.763426,0.78638,0.808631,0.829906,0.849963,0.868582,0.885571,0.900756,0.913989,0.925141,0.934101,0.940785,0.945123,0.94707,0.946598,0.943702,0.938395,0.930712,0.920709,0.908466,0.894086,0.877701,0.859468,0.83958,0.818261,0.795773,0.772419,0.748549,0.724553,0.700875,0.678002,0.656464,0.636823,0.619657,0.60553,0.594963,0.588388,0.586114
0.549374,0.547516,0.550445,0.55811,0.57027,0.586527,0.606376,0.629251,0.654572,0.681774,0.710325,0.739743,0.769594,0.799491,0.829093,0.858093,0.886218,0.91322,0.938871,0.962959,0.985285,1.00566,1.0239,1.03985,1.05333,1.06419,1.0723,1.07754,1.07978,1.07894,1.07496,1.06777,1.05738,1.04379,1.02707,1.0073,0.984638,0.959272,0.931452,0.901481,0.86972,0.836588,0.802561,0.76817,0.734001,0.700689,0.668911,0.639375,0.612801,0.589888,0.571271,0.557472,0.548841,0.545517,0.547407,0.554198,0.5654,0.580406,0.59855,0.619164,0.64161,0.665304,0.689722,0.714401,0.738934,0.762963,0.786175,0.808289,0.829057,0.848258,0.865698,0.881204,0.894629,0.905847,0.914754,0.921269,0.925331,0.926901,0.92596,0.922509,0.916568,0.908179,0.897405,0.884333,0.86907,0.851752,0.832542,0.811635,0.78926,0.765684,0.741217,0.716214,0.691082,0.66628,0.64232,0.619767,0.599226,0.581324,0.566682,0.555873,0.549374,0.547516
0.508412,0.506935,0.51065,0.519459,0.533049,0.55093,0.572508,0.597135,0.624167,0.652992,0.683051,0.713842,0.744923,0.775906,0.806451,0.836257,0.865056,0.892606,0.918687,0.943092,0.96563,0.986116,1.00438,1.02025,1.03358,1.04421,1.05202,1.05687,1.05867,1.05733,1.05278,1.04498,1.03391,1.0196,1.0021,0.981512,0.957986,0.931716,0.902952,0.871997,0.839214,0.805022,0.769897,0.734377,0.699054,0.664577,0.63165,0.601018,0.573453,0.54972,0.530532,0.516483,0.50798,0.505187,0.507994,0.516034,0.52874,0.545416,0.565317,0.587705,0.61189,0.637249,0.663234,0.689364,0.715221,0.74044,0.764699,0.787717,0.809243,0.829055,0.84696,0.862787,0.876394,0.88766,0.896487,0.902801,0.906549,0.907701,0.906244,0.902187,0.895559,0.886408,0.874803,0.860834,0.844616,0.826287,0.806013,0.78399,0.760451,0.735664,0.709944,0.683654,0.657209,0.631088,0.60583,0.582037,0.560364,0.541502,0.526144,0.514936,0.508412,0.506935
0.465663,0.464534,0.469086,0.479166,0.494358,0.514056,0.537549,0.564095,0.592978,0.623538,0.655187,0.68741,0.719759,0.75185,0.783347,0.813956,0.843418,0.871499,0.897986,0.922682,0.9454,0.965964,0.984208,0.999972,1.01311,1.02347,1.03093,1.03537,1.03669,1.0348,1.02964,1.02118,1.0094,0.994326,0.97602,0.954582,0.930162,0.902956,0.873214,0.84124,0.807394,0.772094,0.735816,0.699098,0.662537,0.626799,0.592611,0.560763,0.532091,0.507445,0.487639,0.473366,0.46511,0.463065,0.467094,0.476749,0.491352,0.51009,0.532112,0.556599,0.582803,0.610064,0.63781,0.665547,0.692851,0.719352,0.744727,0.768694,0.791004,0.811436,0.829802,0.845936,0.859702,0.870984,0.879696,0.885769,0.889161,0.889848,0.887828,0.883117,0.87575,0.865783,0.85329,0.838365,0.821127,0.801714,0.780295,0.757067,0.73226,0.706145,0.679035,0.651298,0.623358,0.595709,0.568917,0.543626,0.52055,0.50046,0.484141,0.472335,0.465663,0.464534
0.421298,0.420478,0.425949,0.437473,0.454495,0.476251,0.501885,0.530542,0.561428,0.593835,0.627152,0.660855,0.694499,0.727706,0.760149,0.791546,0.821647,0.850231,0.877091,0.902041,0.924901,0.945504,0.963688,0.979302,0.9922,1.00225,1.00932,1.0133,1.0141,1.01163,1.00583,0.996672,0.984148,0.968284,0.949142,0.926826,0.901487,0.87332,0.842575,0.809553,0.77461,0.73816,0.700673,0.662685,0.624797,0.587683,0.5521,0.518885,0.488953,0.463266,0.44277,0.4283,0.420445,0.419435,0.425083,0.436819,0.453802,0.475058,0.499607,0.526537,0.555041,0.584428,0.614108,0.643583,0.672426,0.700272,0.7268,0.751733,0.774825,0.795865,0.814667,0.831076,0.844962,0.85622,0.86477,0.870557,0.873545,0.873721,0.87109,0.865677,0.857525,0.846694,0.833264,0.817332,0.799017,0.778461,0.75583,0.731317,0.705152,0.677599,0.648971,0.619632,0.590013,0.560617,0.532036,0.504956,0.48016,0.458514,0.440926,0.428274,0.421298,0.420478
0.375492,0.374942,0.381455,0.394667,0.413823,0.437942,0.465985,0.496967,0.530013,0.564373,0.599423,0.634638,0.669585,0.703897,0.737264,0.769417,0.80012,0.829163,0.856353,0.881509,0.904464,0.925057,0.943134,0.958551,0.971168,0.980857,0.987496,0.990979,0.991214,0.988123,0.981653,0.971773,0.958478,0.9418,0.921803,0.898593,0.872319,0.843178,0.811415,0.777326,0.741262,0.703626,0.66488,0.625552,0.586238,0.547621,0.51048,0.47571,0.444317,0.417408,0.396117,0.381476,0.374227,0.374644,0.382445,0.396859,0.416807,0.441105,0.468615,0.498329,0.529393,0.561092,0.592837,0.624134,0.654566,0.683777,0.711457,0.737337,0.761182,0.782788,0.80198,0.818612,0.832565,0.843744,0.85208,0.857528,0.860062,0.859679,0.856393,0.850236,0.841258,0.829524,0.815118,0.79814,0.778709,0.756965,0.733071,0.707216,0.67962,0.650542,0.620285,0.589206,0.557732,0.526371,0.495731,0.46654,0.439653,0.416052,0.396804,0.382977,0.375492,0.374942
0.328434,0.328107,0.335852,0.351105,0.372805,0.399671,0.430435,0.463968,0.499323,0.535724,0.572545,0.609278,0.645508,0.680891,0.715135,0.747992,0.779241,0.808685,0.836144,0.861449,0.884441,0.904968,0.922885,0.938053,0.95034,0.959623,0.965788,0.968732,0.968369,0.964627,0.957456,0.946828,0.932746,0.91524,0.894378,0.870268,0.843059,0.812942,0.780161,0.745002,0.707805,0.668961,0.628917,0.588183,0.547345,0.507084,0.468198,0.431634,0.398514,0.37013,0.347882,0.333097,0.326746,0.329145,0.339828,0.35769,0.381303,0.40921,0.440108,0.472907,0.506727,0.540859,0.574731,0.607871,0.639882,0.670427,0.699212,0.725981,0.750513,0.772616,0.792127,0.808912,0.822863,0.833898,0.841959,0.847012,0.849042,0.848054,0.844073,0.837137,0.827302,0.814639,0.799234,0.781188,0.76062,0.737665,0.712482,0.685252,0.656184,0.625523,0.593558,0.56063,0.527152,0.493624,0.460659,0.429014,0.399612,0.373567,0.352153,0.336708,0.328434,0.328107
0.280322,0.280169,0.28945,0.307262,0.332059,0.362143,0.395971,0.432275,0.470058,0.508545,0.547133,0.585348,0.622804,0.659189,0.694237,0.72772,0.759437,0.789207,0.816862,0.842244,0.865205,0.885602,0.903298,0.91816,0.930065,0.938895,0.944542,0.94691,0.945917,0.941496,0.933603,0.922214,0.907334,0.888999,0.867277,0.842277,0.814145,0.783072,0.74929,0.713078,0.67476,0.634707,0.593345,0.551157,0.508706,0.466656,0.425809,0.387162,0.351958,0.321736,0.298278,0.283379,0.278367,0.283574,0.298155,0.320441,0.348503,0.380574,0.415212,0.451294,0.48796,0.524543,0.560512,0.595433,0.628943,0.660729,0.69052,0.718078,0.743196,0.765698,0.785435,0.802285,0.816153,0.826971,0.834691,0.839291,0.840768,0.839135,0.834425,0.826684,0.815974,0.80237,0.78596,0.766845,0.745142,0.720983,0.694516,0.665914,0.63537,0.603113,0.569408,0.534573,0.498992,0.463141,0.427615,0.393176,0.360798,0.331724,0.307481,0.289795,0.280322,0.280169
0.231381,0.23134,0.242669,0.263822,0.29246,0.32631,0.363537,0.402777,0.443036,0.483584,0.52387,0.563472,0.60205,0.639327,0.675069,0.709072,0.741155,0.771154,0.798914,0.824289,0.847141,0.867335,0.884743,0.899239,0.910707,0.919036,0.924124,0.925881,0.92423,0.919111,0.910483,0.898328,0.882655,0.863502,0.840941,0.815078,0.786059,0.754069,0.719331,0.682111,0.642713,0.601484,0.558817,0.51516,0.471035,0.427068,0.384039,0.342964,0.305208,0.272614,0.247539,0.232561,0.22961,0.238914,0.258813,0.286681,0.319958,0.356614,0.395165,0.43455,0.473992,0.512906,0.550827,0.587375,0.622227,0.6551,0.685748,0.713953,0.739525,0.762303,0.782153,0.798966,0.812661,0.823181,0.830493,0.834584,0.835461,0.833149,0.827686,0.819128,0.807539,0.793,0.775599,0.755438,0.732631,0.707303,0.679595,0.649666,0.617693,0.583882,0.54847,0.511742,0.47404,0.435794,0.397551,0.360037,0.324228,0.291459,0.263526,0.242694,0.231381,0.23134
0.181886,0.181885,0.196176,0.221874,0.255298,0.293465,0.334329,0.376541,0.419198,0.461669,0.503492,0.544311,0.583844,0.621854,0.658141,0.692525,0.724847,0.754957,0.782714,0.807984,0.830638,0.850549,0.867596,0.881663,0.892639,0.900419,0.904909,0.906025,0.903695,0.897866,0.888501,0.875589,0.859141,0.839199,0.815838,0.789163,0.759317,0.726479,0.690862,0.652715,0.612321,0.569996,0.526093,0.481013,0.435216,0.38926,0.343858,0.299989,0.259085,0.223325,0.195933,0.180925,0.181345,0.196845,0.223938,0.258544,0.297541,0.33887,0.381204,0.423659,0.465609,0.506579,0.54619,0.584118,0.620081,0.653831,0.685143,0.713819,0.739686,0.762597,0.782433,0.799098,0.812524,0.822666,0.829503,0.833033,0.833272,0.830254,0.824026,0.814649,0.802194,0.786744,0.768389,0.74723,0.723378,0.696952,0.668086,0.636922,0.603622,0.568366,0.531361,0.49285,0.453123,0.412542,0.371575,0.330854,0.291272,0.254147,0.221465,0.19614,0.181886,0.181885
0.132258,0.132218,0.151245,0.183298,0.22252,0.265347,0.309813,0.354788,0.399568,0.443674,0.486754,0.528533,0.568784,0.607315,0.643955,0.67855,0.710956,0.741039,0.76867,0.793724,0.81608,0.835621,0.852232,0.865803,0.876231,0.883418,0.887276,0.887726,0.884704,0.878163,0.868072,0.854424,0.837237,0.816555,0.792456,0.765044,0.734462,0.70088,0.664501,0.625557,0.584306,0.541032,0.496044,0.449681,0.402328,0.35444,0.306602,0.25965,0.214927,0.174831,0.143815,0.128877,0.135387,0.160474,0.196752,0.238685,0.283239,0.328783,0.374369,0.41938,0.463369,0.505981,0.546913,0.585896,0.622686,0.657058,0.688809,0.717757,0.743743,0.766634,0.786322,0.802725,0.815786,0.825471,0.831771,0.834693,0.834264,0.830526,0.823533,0.813352,0.800059,0.78374,0.764489,0.742405,0.717596,0.690178,0.660274,0.628017,0.593549,0.557029,0.518632,0.478559,0.437044,0.394369,0.350897,0.307114,0.263722,0.221831,0.183322,0.151565,0.132258,0.132218
0.0836275,0.0834008,0.11086,0.151484,0.196964,0.244136,0.291651,0.33881,0.38518,0.430451,0.47438,0.516766,0.557432,0.596219,0.632981,0.667583,0.699896,0.729796,0.757163,0.781879,0.803833,0.822911,0.839007,0.852017,0.861844,0.868396,0.871592,0.871361,0.867644,0.860401,0.849608,0.835263,0.817391,0.79604,0.771289,0.743247,0.712051,0.677868,0.640891,0.601336,0.559438,0.515449,0.469634,0.422272,0.373662,0.324138,0.274103,0.224119,0.175135,0.129202,0.0918729,0.0773502,0.0964926,0.13542,0.181402,0.229745,0.278677,0.327358,0.375287,0.422104,0.467513,0.51125,0.553069,0.592737,0.630034,0.664752,0.696702,0.725713,0.751638,0.774352,0.793759,0.809788,0.822392,0.831549,0.837257,0.839535,0.838418,0.833955,0.826209,0.815252,0.801166,0.784039,0.763968,0.741054,0.715403,0.687126,0.656342,0.623174,0.587751,0.550214,0.510712,0.469411,0.426494,0.382172,0.336699,0.290397,0.243716,0.197364,0.15264,0.112363,0.0836275,0.0834008
0.0444182,0.0409413,0.0827656,0.131983,0.182175,0.23215,0.281447,0.329784,0.376944,0.422736,0.466991,0.50955,0.550267,0.589002,0.625624,0.660008,0.692031,0.721578,0.748533,0.772785,0.794225,0.812748,0.82825,0.840635,0.849811,0.855693,0.858206,0.857286,0.852883,0.844961,0.833504,0.81852,0.800036,0.778109,0.752821,0.724283,0.692633,0.658035,0.620674,0.580756,0.538499,0.494129,0.447881,0.399986,0.350678,0.300189,0.248756,0.196637,0.14417,0.0920062,0.0431049,0.0321989,0.0774475,0.129085,0.18132,0.233258,0.284522,0.334849,0.384006,0.43177,0.47792,0.522232,0.564483,0.604455,0.641935,0.676723,0.708633,0.737502,0.763188,0.785577,0.804578,0.82013,0.832195,0.840761,0.845833,0.847441,0.845627,0.840447,0.831972,0.82028,0.805458,0.787599,0.766801,0.743168,0.716808,0.68783,0.656351,0.622487,0.586363,0.548108,0.507855,0.46575,0.421945,0.376607,0.329915,0.282076,0.233334,0.184024,0.134719,0.0868015,0.0446154,0.0167167
0.0444249,0.0334037,0.0803985,0.130665,0.181115,0.231112,0.280326,0.328518,0.375483,0.421041,0.465022,0.507271,0.547641,0.585992,0.622194,0.65612,0.68765,0.716668,0.743061,0.766719,0.787536,0.805411,0.820245,0.831946,0.840428,0.845612,0.84743,0.845825,0.840754,0.83219,0.820126,0.804574,0.785573,0.763185,0.737498,0.708629,0.676719,0.641931,0.604451,0.564479,0.522227,0.477915,0.431766,0.384002,0.334844,0.284518,0.233253,0.181315,0.129081,0.077444,0.0321989,0.0431113,0.0920122,0.144175,0.196643,0.248761,0.300194,0.350683,0.399991,0.447886,0.494134,0.538503,0.58076,0.620678,0.658039,0.692637,0.724286,0.752824,0.778112,0.80004,0.818524,0.833509,0.844966,0.852889,0.857295,0.858217,0.855708,0.84983,0.840661,0.828285,0.812794,0.794287,0.772866,0.748639,0.721715,0.692207,0.660232,0.625908,0.589358,0.550711,0.510101,0.467669,0.423566,0.377952,0.331002,0.282905,0.233871,0.184136,0.133956,0.0835068,0.0444216,0.0444282
