0.0702089,0.0157879,0.0608,0.112962,0.164486,0.216272,0.268585,0.321512,0.375107,0.429412,0.484448,0.540203,0.596614,0.653547,0.71078,0.767973,0.824635,0.880094,0.933458,0.983583,1.02905,1.06819,1.09911,1.11982,1.12836,1.12312,1.10302,1.06785,1.01862,0.95781,0.88994,0.822265,0.76577,0.735583,0.748606,0.817315,0.945207,1.12987,1.36949,1.66705,2.03226,2.48277,3.03527,3.63601,4.03562,3.92624,3.33969,2.57292,1.82959,1.15905,0.545668,0.0421529,0.627522,1.24568,1.92106,2.65834,3.38104,3.86196,3.85223,3.40771,2.82919,2.30977,1.88301,1.53411,1.249,1.0207,0.84868,0.736754,0.687266,0.693315,0.738209,0.803361,0.874319,0.941559,0.999238,1.04401,1.07429,1.08977,1.09112,1.07963,1.05704,1.02522,0.986036,0.941204,0.892222,0.840342,0.786571,0.731694,0.676302,0.620828,0.565573,0.510736,0.456439,0.402742,0.349672,0.297251,0.245557,0.194825,0.145614,0.0993676,0.0702005,0.0702173
0.0283793,0.0404765,0.0910727,0.14322,0.194986,0.246767,0.29887,0.351452,0.404588,0.458309,0.512606,0.567422,0.622642,0.678069,0.733404,0.788216,0.841917,0.893722,0.942626,0.987379,1.02648,1.05822,1.08073,1.09212,1.09069,1.07512,1.04475,0.999876,0.942095,0.874746,0.803672,0.738398,0.693379,0.687219,0.736634,0.848537,1.02057,1.24891,1.53406,1.88301,2.30982,2.82926,3.40769,3.85196,3.86139,3.38036,2.65773,1.92056,1.24526,0.62715,0.041825,0.546031,1.15945,1.83005,2.57348,3.34032,3.9268,4.03589,3.63601,3.03517,2.48268,2.03223,1.66707,1.36956,1.12998,0.945331,0.817424,0.748657,0.735536,0.765603,0.821973,0.88953,0.957288,1.01799,1.06713,1.1022,1.12222,1.12738,1.11875,1.09797,1.06698,1.02777,0.982223,0.93203,0.878599,0.823076,0.766356,0.709114,0.651841,0.594881,0.538463,0.482723,0.427727,0.373488,0.319968,0.267094,0.214782,0.163071,0.112718,0.0674646,0.0283793,0.0404765
0.0653482,0.0928768,0.135959,0.183857,0.233397,0.283779,0.334815,0.386459,0.438685,0.491452,0.544687,0.598266,0.652001,0.705615,0.758718,0.810777,0.861091,0.90876,0.952659,0.991437,1.02353,1.04719,1.06063,1.0621,1.05014,1.02377,0.982772,0.927983,0.861724,0.788491,0.71617,0.657837,0.632676,0.661491,0.755936,0.914613,1.13162,1.40479,1.7384,2.14317,2.63104,3.18014,3.64414,3.75119,3.38208,2.72103,2.00179,1.32745,0.707719,0.125493,0.464955,1.0707,1.73189,2.47131,3.26368,3.94052,4.18254,3.85771,3.24785,2.66207,2.18608,1.80358,1.4931,1.24215,1.04541,0.902704,0.815931,0.783833,0.797868,0.843699,0.906389,0.973853,1.03745,1.09141,1.13214,1.15779,1.16794,1.16326,1.14521,1.11572,1.07693,1.03092,0.979595,0.924566,0.867161,0.808421,0.749132,0.689873,0.631049,0.572936,0.515711,0.45948,0.404303,0.350225,0.2973,0.245643,0.195531,0.147661,0.104051,0.0713266,0.0653482,0.0928768
0.115365,0.144912,0.18463,0.229327,0.276542,0.325213,0.374884,0.425331,0.476414,0.528003,0.579948,0.632047,0.684029,0.735524,0.786039,0.834931,0.881377,0.924356,0.962632,0.99476,1.01912,1.034,1.03767,1.02858,1.00555,0.967948,0.916029,0.85125,0.776891,0.699185,0.629326,0.585847,0.592852,0.668042,0.812383,1.0179,1.27942,1.59845,1.98261,2.44086,2.95779,3.42321,3.60418,3.34462,2.75931,2.07056,1.40403,0.7862,0.208245,0.385964,0.980724,1.62887,2.35613,3.15637,3.90158,4.27934,4.06186,3.46449,2.84795,2.34459,1.94347,1.61931,1.35677,1.14826,0.991699,0.888093,0.837461,0.834566,0.868116,0.924232,0.990266,1.05637,1.11546,1.16273,1.1953,1.21189,1.21259,1.19852,1.17155,1.13389,1.08784,1.03556,0.978938,0.919524,0.858553,0.796964,0.735448,0.674499,0.614454,0.555542,0.497913,0.441673,0.386924,0.333799,0.282541,0.233625,0.188036,0.147857,0.117488,0.104561,0.115365,0.144912
0.16648,0.196758,0.234723,0.277271,0.322581,0.369654,0.417942,0.467117,0.516946,0.567215,0.617691,0.668089,0.718047,0.767093,0.814625,0.859878,0.901909,0.939574,0.971534,0.996272,1.01215,1.01748,1.01068,0.990421,0.955795,0.906585,0.843548,0.76892,0.687374,0.607981,0.547469,0.531751,0.585513,0.7142,0.907947,1.15808,1.46317,1.82797,2.25858,2.74298,3.19767,3.43003,3.27055,2.77021,2.12427,1.4733,0.861458,0.28946,0.311598,0.890777,1.523,2.23196,3.02495,3.81308,4.31613,4.23414,3.67959,3.03984,2.50782,2.08664,1.74792,1.47342,1.25328,1.08358,0.964173,0.895593,0.875156,0.894743,0.942328,1.00539,1.0732,1.13744,1.19205,1.23291,1.25767,1.26558,1.25723,1.23421,1.19876,1.15339,1.10055,1.04244,0.98093,0.917506,0.853311,0.789192,0.725757,0.663429,0.602497,0.543166,0.485589,0.429917,0.376345,0.325181,0.276968,0.232689,0.194129,0.164387,0.147936,0.148639,0.16648,0.196758
0.217917,0.248617,0.285569,0.326654,0.370483,0.416173,0.463165,0.511071,0.559585,0.608418,0.657254,0.705721,0.753356,0.799582,0.843676,0.884754,0.921747,0.9534,0.978286,0.994841,1.00143,0.996471,0.978527,0.946506,0.899836,0.838718,0.764516,0.680532,0.593695,0.518069,0.479324,0.509108,0.620322,0.801877,1.04084,1.33255,1.67908,2.08393,2.53679,2.97341,3.23803,3.16468,2.75293,2.16065,1.53354,0.932363,0.368496,0.246375,0.802033,1.41593,2.10224,2.87619,3.68211,4.28801,4.35859,3.88375,3.23605,2.6757,2.23301,1.87876,1.59175,1.35996,1.17763,1.0433,0.957425,0.919086,0.92314,0.960008,1.01807,1.08622,1.15516,1.21757,1.26802,1.30288,1.32026,1.31989,1.30287,1.27128,1.22775,1.17506,1.11579,1.0522,0.986135,0.919002,0.851866,0.785489,0.720407,0.656992,0.595504,0.536145,0.479104,0.424611,0.373004,0.324822,0.280955,0.242844,0.212702,0.193442,0.187769,0.196498,0.217917,0.248617
0.269535,0.300566,0.336901,0.376961,0.419635,0.464144,0.509936,0.556586,0.603728,0.650999,0.698002,0.74427,0.789235,0.832206,0.872341,0.90863,0.93989,0.964767,0.98177,0.989321,0.985839,0.969852,0.940128,0.895838,0.836753,0.763541,0.678351,0.586144,0.497889,0.436788,0.439819,0.530984,0.699701,0.927695,1.20657,1.53578,1.91662,2.33958,2.75424,3.03614,3.03312,2.70832,2.17807,1.58313,0.997791,0.444698,0.198851,0.715715,1.30904,1.96978,2.71632,3.5182,4.19682,4.42082,4.06319,3.4325,2.84776,2.38249,2.01171,1.71156,1.46795,1.27331,1.12478,1.02228,0.965909,0.953033,0.976834,1.02735,1.09378,1.16622,1.23629,1.29727,1.34412,1.37354,1.38403,1.37579,1.35046,1.31063,1.25933,1.1996,1.13419,1.06539,0.995008,0.924397,0.854541,0.786129,0.719639,0.655404,0.593674,0.53467,0.478639,0.425915,0.376999,0.332654,0.294032,0.262762,0.240885,0.230375,0.232252,0.245937,0.269535,0.300566
0.321281,0.352619,0.38857,0.427886,0.469634,0.513108,0.557764,0.603145,0.648827,0.694375,0.739304,0.783048,0.82493,0.864141,0.899716,0.93053,0.955294,0.972581,0.980867,0.978599,0.964284,0.936607,0.894554,0.837577,0.765805,0.680464,0.584839,0.486817,0.405332,0.379079,0.446488,0.601351,0.818575,1.08513,1.39793,1.75635,2.1513,2.5424,2.83063,2.88245,2.63871,2.17574,1.62064,1.05665,0.517396,0.181715,0.633216,1.20348,1.83675,2.55053,3.33148,4.05066,4.41182,4.20098,3.6214,3.02253,2.53483,2.1467,1.83277,1.57705,1.37028,1.20813,1.08969,1.01538,0.984442,0.992803,1.03278,1.09462,1.16838,1.24501,1.31669,1.37699,1.42102,1.4457,1.44985,1.43419,1.40088,1.35307,1.29422,1.22766,1.15629,1.08245,1.00791,0.933976,0.861556,0.791279,0.723574,0.658749,0.597057,0.538751,0.484148,0.433689,0.388017,0.348045,0.31501,0.290413,0.275751,0.272008,0.279172,0.296169,0.321281,0.352619
0.373113,0.404748,0.44046,0.479206,0.52017,0.562692,0.606225,0.650276,0.694361,0.737967,0.780519,0.821344,0.859654,0.89452,0.924861,0.949445,0.966903,0.975764,0.974509,0.961649,0.935819,0.895885,0.841066,0.771091,0.686481,0.589183,0.484377,0.385852,0.328999,0.367384,0.506695,0.713345,0.96814,1.26538,1.60285,1.97173,2.3391,2.62608,2.71887,2.54753,2.15375,1.64499,1.10791,0.585916,0.200569,0.556275,1.10029,1.70482,2.38283,3.13123,3.8618,4.33074,4.28034,3.79044,3.19646,2.68929,2.28353,1.95534,1.68722,1.4684,1.29314,1.15945,1.06754,1.01779,1.00852,1.03467,1.0883,1.16012,1.24093,1.3222,1.39637,1.45703,1.49926,1.52007,1.51856,1.49592,1.45495,1.39935,1.33308,1.25979,1.18255,1.10373,1.02512,0.947936,0.873044,0.801013,0.732233,0.666996,0.605564,0.548229,0.495372,0.447522,0.405406,0.369979,0.342382,0.323783,0.315065,0.316476,0.32747,0.34685,0.373113,0.404748
0.424983,0.456902,0.492453,0.530726,0.570976,0.612562,0.654923,0.697521,0.739807,0.781186,0.820981,0.858416,0.892585,0.922446,0.946813,0.964369,0.973694,0.973307,0.961739,0.937604,0.899693,0.847068,0.779173,0.696011,0.598538,0.489782,0.378596,0.292438,0.294831,0.415568,0.611832,0.855471,1.13799,1.45588,1.8006,2.14488,2.42567,2.54779,2.43886,2.11314,1.65555,1.15069,0.6496,0.244892,0.48719,1.00049,1.57527,2.21617,2.92503,3.64392,4.18512,4.28918,3.92348,3.36262,2.84403,2.42167,2.07915,1.79847,1.56771,1.37981,1.23162,1.1227,1.05387,1.02523,1.03433,1.0756,1.14119,1.22236,1.31044,1.39721,1.4751,1.53748,1.57922,1.59724,1.59087,1.56178,1.51342,1.45017,1.37652,1.2965,1.21335,1.12954,1.04683,0.966398,0.889053,0.815313,0.745535,0.679999,0.618977,0.562794,0.511878,0.466804,0.428316,0.397302,0.374686,0.361239,0.357321,0.362706,0.376591,0.397791,0.424983,0.456902
0.476823,0.509,0.544418,0.58225,0.621786,0.662385,0.703459,0.744415,0.784629,0.823416,0.859999,0.893492,0.922879,0.947014,0.964625,0.97434,0.974724,0.964331,0.94178,0.905822,0.855419,0.789827,0.708691,0.612271,0.502052,0.382936,0.272417,0.231409,0.327819,0.513841,0.747018,1.01565,1.31523,1.6376,1.95991,2.23148,2.37364,2.31691,2.05567,1.65217,1.18427,0.707824,0.301333,0.429031,0.905165,1.44915,2.05266,2.71855,3.40966,3.98859,4.22392,4.00375,3.50991,2.99521,2.55986,2.2038,1.91077,1.66829,1.46827,1.3064,1.18135,1.09377,1.04475,1.03404,1.05872,1.11304,1.18947,1.2798,1.37574,1.46919,1.55235,1.61817,1.66104,1.67764,1.6674,1.63247,1.57702,1.50619,1.42511,1.33823,1.24905,1.16012,1.07319,0.989428,0.90957,0.834093,0.763323,0.697526,0.63698,0.582025,0.533113,0.490819,0.455836,0.428906,0.410688,0.401575,0.401535,0.41005,0.426203,0.448856,0.476823,0.509
0.528543,0.560932,0.5962,0.633564,0.672323,0.711818,0.75142,0.790468,0.82826,0.864015,0.896854,0.925783,0.949688,0.967338,0.977405,0.978496,0.969202,0.94816,0.914108,0.865958,0.802844,0.724189,0.629798,0.520151,0.397456,0.270552,0.182784,0.243418,0.419195,0.642727,0.898297,1.18078,1.48248,1.78414,2.04479,2.19986,2.18572,1.98367,1.63524,1.20818,0.760028,0.361996,0.385608,0.815584,1.32738,1.89377,2.51573,3.16929,3.75728,4.09054,4.01847,3.62381,3.13594,2.69552,2.32826,2.02377,1.77011,1.55863,1.38404,1.24403,1.13861,1.06912,1.0368,1.04117,1.07904,1.14478,1.23128,1.3308,1.4354,1.53692,1.62719,1.69851,1.74456,1.76148,1.74865,1.70865,1.64645,1.56807,1.47941,1.38545,1.28998,1.19568,1.10433,1.01705,0.934536,0.857216,0.785383,0.719283,0.659188,0.605438,0.558473,0.518828,0.487094,0.463826,0.449409,0.443922,0.447047,0.458087,0.476075,0.499923,0.528543,0.560932
0.580024,0.612557,0.647613,0.684426,0.722281,0.760488,0.79836,0.835164,0.87011,0.902321,0.930816,0.954507,0.972199,0.982604,0.984373,0.976137,0.95656,0.924392,0.878525,0.818034,0.742211,0.650599,0.543094,0.420332,0.285604,0.159039,0.162805,0.327795,0.542668,0.78598,1.05245,1.33504,1.61744,1.86636,2.02901,2.04891,1.89978,1.60563,1.22221,0.805736,0.422883,0.360708,0.733301,1.2109,1.74059,2.31918,2.93033,3.50647,3.90238,3.96299,3.68931,3.25587,2.82402,2.45048,2.13655,1.87283,1.65085,1.46469,1.31113,1.18934,1.10028,1.04581,1.02729,1.0441,1.09308,1.16883,1.26475,1.37358,1.48766,1.59876,1.69822,1.77748,1.82919,1.84866,1.83491,1.79088,1.72237,1.63647,1.54,1.43861,1.33648,1.23645,1.14035,1.04927,0.963867,0.884514,0.811465,0.744937,0.685183,0.632521,0.58735,0.55013,0.521315,0.501259,0.490096,0.487646,0.493387,0.506508,0.526017,0.550863,0.580024,0.612557
0.631114,0.663695,0.698436,0.73456,0.771324,0.807992,0.84381,0.877961,0.909569,0.93766,0.961166,0.978921,0.989675,0.99212,0.98493,0.966803,0.936517,0.892971,0.835221,0.762502,0.674232,0.570017,0.449733,0.314002,0.16793,0.0889178,0.239788,0.447172,0.678919,0.93033,1.19518,1.45969,1.69665,1.86296,1.90959,1.80673,1.56462,1.22648,0.844594,0.481848,0.356344,0.660241,1.1007,1.59401,2.13056,2.6978,3.24865,3.67619,3.84214,3.69531,3.34227,2.93807,2.56686,2.24728,1.97551,1.74445,1.54814,1.38271,1.24644,1.13959,1.06386,1.02151,1.01404,1.04088,1.09901,1.18344,1.28809,1.40622,1.53047,1.6526,1.76344,1.85341,1.91381,1.93865,1.92623,1.87959,1.80543,1.71205,1.60748,1.4982,1.3889,1.28265,1.18136,1.0861,0.997473,0.915808,0.841305,0.774145,0.71454,0.662769,0.619165,0.584083,0.557827,0.540549,0.532158,0.532267,0.540199,0.555063,0.57585,0.601529,0.631114,0.663695
0.681632,0.714134,0.74841,0.783656,0.819084,0.853899,0.887271,0.918301,0.946024,0.969383,0.987237,0.99837,1.00151,0.995384,0.97872,0.950335,0.909153,0.854245,0.78484,0.700319,0.600195,0.484087,0.351723,0.203271,0.0484761,0.156207,0.357136,0.577646,0.81469,1.06296,1.3108,1.53591,1.70306,1.77032,1.70721,1.51378,1.22138,0.876392,0.537609,0.371184,0.598712,0.997968,1.45481,1.95096,2.47482,2.9929,3.42825,3.66821,3.63823,3.38299,3.02792,2.67181,2.35284,2.07635,1.83837,1.63372,1.45835,1.30986,1.18765,1.09277,1.02752,0.994527,0.995493,1.03004,1.09543,1.18713,1.29963,1.42675,1.56157,1.69594,1.82028,1.92395,1.99657,2.03035,2.02225,1.97503,1.8962,1.79555,1.68253,1.56479,1.44766,1.33457,1.22751,1.12756,1.03528,0.950925,0.874646,0.806566,0.746847,0.695701,0.65338,0.620118,0.596054,0.581151,0.575118,0.577395,0.587183,0.603524,0.625387,0.651747,0.681632,0.714134
0.731357,0.763624,0.797244,0.831372,0.865163,0.897754,0.928236,0.955628,0.97889,0.996894,1.00846,1.01234,1.00731,0.992144,0.965698,0.926935,0.874959,0.809026,0.728543,0.633044,0.522155,0.395558,0.252976,0.0944469,0.0830703,0.274795,0.483259,0.706119,0.938642,1.17086,1.38436,1.55032,1.63322,1.60374,1.45491,1.20759,0.90109,0.58934,0.400993,0.551233,0.904129,1.32385,1.78109,2.2632,2.74521,3.17206,3.45703,3.52297,3.37013,3.08299,2.75775,2.44853,2.17243,1.9307,1.72012,1.53705,1.37881,1.24408,1.13308,1.04747,0.990034,0.963761,0.970654,1.01064,1.08135,1.17877,1.29794,1.43336,1.57865,1.72598,1.86561,1.98593,2.07473,2.1218,2.12197,2.07707,1.99516,1.88766,1.76592,1.63903,1.51329,1.39256,1.279,1.17373,1.07724,0.989719,0.911248,0.841882,0.781712,0.730872,0.689509,0.657725,0.635496,0.622601,0.618571,0.622694,0.634065,0.651661,0.674424,0.701316,0.731357,0.763624
0.78004,0.811882,0.844616,0.877339,0.909145,0.939096,0.966206,0.989423,1.00764,1.0197,1.02439,1.02052,1.00691,0.982459,0.946179,0.897217,0.834881,0.758634,0.668091,0.563008,0.443318,0.309376,0.163891,0.0626921,0.205801,0.397928,0.605726,0.8228,1.04013,1.24228,1.40554,1.50004,1.4986,1.3899,1.18605,0.918833,0.636498,0.44067,0.520047,0.820902,1.20208,1.62157,2.06394,2.50919,2.91749,3.22421,3.36083,3.30261,3.09461,2.81602,2.5281,2.25951,2.01851,1.80517,1.61709,1.45181,1.30761,1.18398,1.08169,1.00291,0.950782,0.928712,0.939092,0.982257,1.05628,1.15765,1.28202,1.42454,1.57955,1.73986,1.8959,2.03546,2.14452,2.20997,2.22354,2.18503,2.10252,1.98911,1.85846,1.7217,1.58639,1.45706,1.33613,1.22474,1.12335,1.03208,0.950905,0.879802,0.818778,0.767868,0.727105,0.696448,0.675709,0.664489,0.662154,0.667851,0.680575,0.699236,0.722735,0.750005,0.78004,0.811882
0.827398,0.858597,0.890178,0.921175,0.950611,0.977478,1.00072,1.01923,1.03186,1.03745,1.03482,1.02284,1.00046,0.96674,0.920874,0.862231,0.790352,0.704954,0.60596,0.4936,0.368851,0.235673,0.120734,0.163563,0.325821,0.515465,0.716492,0.919174,1.11007,1.26946,1.37223,1.39388,1.3207,1.15792,0.929967,0.67875,0.485821,0.506337,0.750268,1.09069,1.47301,1.87759,2.28682,2.67108,2.98279,3.166,3.18628,3.05873,2.83875,2.58439,2.33214,2.09779,1.88581,1.69597,1.52663,1.37614,1.2435,1.12872,1.033,0.958823,0.909699,0.889434,0.900912,0.944987,1.02023,1.12362,1.25136,1.39929,1.56261,1.73499,1.90757,2.06809,2.20114,2.2905,2.32378,2.29732,2.21802,2.10045,1.96109,1.81372,1.66775,1.52867,1.39928,1.28082,1.1737,1.07795,0.993455,0.920076,0.85772,0.806314,0.765761,0.73587,0.716285,0.706435,0.705522,0.71256,0.726438,0.745991,0.770066,0.797553,0.827398,0.858597
0.873124,0.90344,0.933575,0.962497,0.989162,1.01249,1.03138,1.04469,1.05128,1.05,1.03975,1.01954,0.988458,0.94577,0.890903,0.823475,0.743313,0.650498,0.545511,0.429722,0.3073,0.195068,0.165976,0.27432,0.438641,0.621485,0.809024,0.988436,1.14287,1.25114,1.29148,1.24925,1.12455,0.935039,0.715949,0.533209,0.50954,0.694312,0.991108,1.33616,1.70452,2.0791,2.43678,2.74241,2.95229,3.03169,2.97719,2.82111,2.61065,2.3842,2.16356,1.95806,1.77038,1.60033,1.44682,1.30878,1.1857,1.07795,0.986976,0.915479,0.867245,0.846509,0.856744,0.899441,0.973731,1.07705,1.20609,1.35734,1.52686,1.70946,1.89744,2.07927,2.23897,2.35759,2.41788,2.4109,2.34056,2.22195,2.0747,1.91615,1.75833,1.60814,1.46899,1.3423,1.22845,1.12736,1.03879,0.962493,0.898251,0.845865,0.805096,0.775595,0.756835,0.748068,0.748334,0.756505,0.77136,0.791645,0.816138,0.843669,0.873124,0.90344
0.916896,0.946069,0.974452,1.00094,1.02444,1.04381,1.05791,1.06562,1.06581,1.05742,1.03948,1.01115,0.971727,0.920708,0.857787,0.782888,0.696225,0.598461,0.49116,0.378243,0.271398,0.209053,0.25313,0.380369,0.540551,0.711305,0.878436,1.02675,1.13804,1.19317,1.17747,1.08742,0.934796,0.748131,0.580613,0.527328,0.654844,0.905004,1.21197,1.54513,1.88649,2.21682,2.50953,2.73121,2.85113,2.85683,2.76278,2.60228,2.40996,2.21046,2.01728,1.8363,1.6693,1.51621,1.3763,1.24891,1.13386,1.0317,0.944007,0.873562,0.824347,0.801011,0.807708,0.846712,0.917804,1.01887,1.14698,1.29916,1.47227,1.66235,1.86325,2.06498,2.25216,2.40421,2.49904,2.52076,2.46756,2.35315,2.20006,2.0302,1.85929,1.69643,1.546,1.40969,1.28789,1.18041,1.08688,1.0069,0.940124,0.886204,0.84475,0.815244,0.796976,0.789018,0.790237,0.799355,0.815025,0.835891,0.860646,0.888042,0.916896,0.946069
0.95838,0.986152,1.01248,1.03619,1.05615,1.07118,1.08015,1.08196,1.07558,1.06005,1.03459,0.99853,0.951434,0.893057,0.823411,0.742811,0.652035,0.552705,0.448343,0.347498,0.272532,0.266874,0.347031,0.477644,0.628431,0.781654,0.92234,1.03433,1.10067,1.10724,1.04813,0.930173,0.775511,0.626567,0.556309,0.632855,0.834211,1.10163,1.39995,1.70927,2.01232,2.28819,2.51128,2.65618,2.70742,2.66799,2.5582,2.40544,2.23362,2.05866,1.88929,1.72943,1.58036,1.44206,1.31409,1.19604,1.08789,0.990285,0.904777,0.834116,0.782346,0.754475,0.7554,0.788355,0.853935,0.950494,1.07539,1.22598,1.39979,1.59399,1.80419,2.02253,2.23557,2.42284,2.55863,2.6193,2.5942,2.49224,2.33746,2.15706,1.97204,1.79479,1.63125,1.48365,1.35244,1.23733,1.13777,1.05321,0.983137,0.927047,0.884381,0.854441,0.836324,0.828903,0.830862,0.840756,0.857092,0.878398,0.903261,0.930345,0.95838,0.986152
0.997248,1.02337,1.04736,1.06799,1.08409,1.0945,1.0981,1.09389,1.08095,1.05849,1.02592,0.982824,0.92903,0.864609,0.789955,0.705907,0.614061,0.517522,0.422767,0.344054,0.308862,0.343147,0.437418,0.563615,0.700263,0.831291,0.941543,1.01573,1.04047,1.00835,0.922275,0.79849,0.670152,0.592948,0.62801,0.780449,1.00662,1.26976,1.54774,1.82386,2.08074,2.29838,2.45628,2.53931,2.54411,2.48106,2.36943,2.22968,2.07804,1.92502,1.77645,1.63507,1.50182,1.37671,1.25948,1.14985,1.04787,0.954167,0.870164,0.798435,0.742928,0.708864,0.701884,0.726381,0.784027,0.873767,0.993149,1.13965,1.31123,1.50596,1.72107,1.95119,2.18584,2.40671,2.58699,2.69622,2.71248,2.63509,2.48607,2.29774,2.09813,1.90471,1.72599,1.56512,1.42276,1.2985,1.19163,1.10142,1.02715,0.968143,0.923664,0.892814,0.874481,0.867324,0.869816,0.880326,0.897196,0.918811,0.943639,0.970238,0.997248,1.02337
1.03319,1.05744,1.07885,1.09616,1.10818,1.11379,1.11196,1.10179,1.08251,1.05356,1.01457,0.965401,0.906184,0.837356,0.759783,0.674991,0.585697,0.49695,0.418494,0.367925,0.367264,0.423421,0.520391,0.636933,0.755625,0.861436,0.940128,0.979021,0.969831,0.912351,0.817648,0.710858,0.63417,0.638525,0.744905,0.928539,1.15563,1.40239,1.65182,1.88852,2.09625,2.25851,2.36176,2.39983,2.37648,2.30385,2.19772,2.07275,1.93996,1.80646,1.67627,1.55132,1.43229,1.31922,1.21189,1.11012,1.01394,0.923862,0.84111,0.767943,0.708009,0.666513,0.649703,0.663288,0.710402,0.790872,0.902435,1.04249,1.20906,1.40082,1.6163,1.85247,2.10231,2.35144,2.57513,2.73931,2.81064,2.77388,2.64286,2.45246,2.23915,2.02802,1.8318,1.65534,1.49972,1.36451,1.2488,1.15163,1.07208,1.00929,0.962293,0.929993,0.91104,0.903856,0.906678,0.917657,0.934941,0.956754,0.981422,1.00739,1.03319,1.05744
1.0659,1.08813,1.10679,1.12062,1.12846,1.12925,1.12207,1.10619,1.08104,1.04628,1.00181,0.947782,0.88468,0.813359,0.735259,0.652751,0.569872,0.49364,0.435827,0.412523,0.435575,0.501351,0.594351,0.697582,0.795933,0.875713,0.924777,0.934314,0.901755,0.833732,0.748495,0.677581,0.661564,0.727743,0.868903,1.05887,1.27396,1.49663,1.71236,1.90728,2.06779,2.18222,2.24354,2.25161,2.21318,2.13937,2.04221,1.93208,1.81654,1.70049,1.58672,1.4766,1.3706,1.26874,1.17081,1.07662,0.986167,0.899805,0.818473,0.744013,0.679578,0.630026,0.601882,0.602146,0.635878,0.704354,0.805692,0.937029,1.09613,1.2818,1.49343,1.72984,1.98734,2.25634,2.51707,2.73662,2.87371,2.89597,2.80094,2.61957,2.39629,2.16675,1.95064,1.75589,1.58453,1.43619,1.30978,1.2041,1.11798,1.05034,0.999996,0.965611,0.945581,0.938053,0.940997,0.952307,0.969909,0.991832,1.01624,1.04146,1.0659,1.08813
1.09514,1.11525,1.13108,1.14139,1.14507,1.14117,1.12893,1.1078,1.07744,1.03778,0.988981,0.931535,0.866292,0.794587,0.718508,0.641345,0.568373,0.507849,0.471201,0.469613,0.506517,0.574253,0.659146,0.746899,0.824278,0.879527,0.903516,0.891894,0.847628,0.783143,0.721461,0.693899,0.727813,0.828722,0.980931,1.16353,1.35893,1.55293,1.73298,1.88745,2.00627,2.08246,2.11382,2.10341,2.05844,1.98809,1.90127,1.80528,1.7054,1.60503,1.5061,1.40956,1.31571,1.22448,1.13566,1.04903,0.964497,0.882231,0.802871,0.727778,0.659449,0.602049,0.561833,0.546698,0.563956,0.617224,0.705605,0.825949,0.975387,1.15239,1.35662,1.58813,1.84585,2.12484,2.41182,2.67971,2.88598,2.98375,2.94764,2.79375,2.56937,2.32285,2.08484,1.86884,1.67879,1.51472,1.37537,1.25928,1.16502,1.09125,1.03655,0.999323,0.977675,0.969447,0.972293,0.983809,1.00165,1.02364,1.04774,1.07213,1.09514,1.11525
1.12066,1.13865,1.15169,1.15856,1.15827,1.14999,1.13316,1.10743,1.07273,1.02924,0.977441,0.918154,0.852629,0.782706,0.711128,0.641994,0.581354,0.53744,0.51931,0.53281,0.576368,0.641322,0.715734,0.787344,0.844865,0.879023,0.884165,0.860325,0.815102,0.764659,0.732487,0.742767,0.808039,0.923066,1.07238,1.23966,1.41099,1.5745,1.71978,1.83791,1.9223,1.96971,1.98088,1.96007,1.91383,1.84931,1.77306,1.69024,1.60454,1.51833,1.43294,1.34899,1.2666,1.18563,1.10582,1.02689,0.94864,0.871081,0.794546,0.719916,0.648962,0.584889,0.533051,0.501358,0.499101,0.533267,0.605252,0.712012,0.849713,1.01595,1.21007,1.43263,1.68425,1.96366,2.264,2.56676,2.83545,3.01718,3.06343,2.96336,2.755,2.49746,2.23693,1.9967,1.7846,1.60168,1.4467,1.31791,1.21359,1.13212,1.07183,1.03082,1.0069,0.997551,1.00006,1.01166,1.0297,1.05173,1.07553,1.09909,1.12066,1.13865
1.14226,1.15825,1.16864,1.17231,1.16837,1.15619,1.1354,1.1059,1.06787,1.02178,0.968413,0.908931,0.844984,0.778892,0.713946,0.654747,0.607393,0.578916,0.575236,0.598105,0.643481,0.702865,0.765844,0.821998,0.862179,0.879872,0.872856,0.844849,0.806484,0.774782,0.769534,0.805643,0.885916,1.0018,1.14001,1.28751,1.43291,1.56649,1.68007,1.76741,1.8248,1.85154,1.84981,1.82397,1.77949,1.72185,1.65582,1.58508,1.51223,1.4389,1.36597,1.29377,1.22231,1.15134,1.08053,1.00953,0.938057,0.865951,0.793283,0.720503,0.648697,0.580025,0.518467,0.4708,0.44696,0.457597,0.508519,0.598242,0.721899,0.875566,1.05761,1.26836,1.50919,1.78122,2.08261,2.40358,2.71851,2.9794,3.12381,3.10815,2.94355,2.68924,2.40912,2.14238,1.90459,1.6992,1.52535,1.38108,1.26436,1.17325,1.10581,1.05987,1.03286,1.02187,1.02376,1.03533,1.05356,1.07569,1.09923,1.12205,1.14226,1.15825
1.15976,1.17396,1.182,1.18284,1.17574,1.16028,1.13631,1.10399,1.06376,1.01637,0.962898,0.904834,0.844191,0.783674,0.726909,0.678552,0.644057,0.628625,0.635314,0.663256,0.707393,0.759819,0.811542,0.85395,0.880121,0.886231,0.872984,0.846611,0.818826,0.804903,0.819145,0.869064,0.952698,1.06128,1.18372,1.30941,1.42907,1.53497,1.62109,1.68349,1.72053,1.73295,1.72344,1.69596,1.6549,1.6044,1.54797,1.48823,1.42702,1.36543,1.304,1.24286,1.18186,1.12068,1.05891,0.996131,0.931954,0.866088,0.798389,0.728962,0.658323,0.587699,0.519597,0.458828,0.413907,0.397326,0.420991,0.488427,0.594816,0.734009,0.902497,1.09961,1.32666,1.58584,1.87855,2.20191,2.54194,2.86365,3.10587,3.19981,3.11557,2.89117,2.60187,2.30886,2.04193,1.80998,1.61344,1.45035,1.31836,1.21522,1.13871,1.08635,1.05521,1.04193,1.04284,1.05426,1.0727,1.09502,1.11847,1.14071,1.15976,1.17396
1.17295,1.18572,1.19182,1.19033,1.1807,1.16271,1.13647,1.10237,1.06112,1.01374,0.961582,0.906418,0.850545,0.796899,0.749157,0.711605,0.688605,0.683474,0.697105,0.72714,0.768269,0.813361,0.854794,0.885726,0.901353,0.900172,0.884986,0.86321,0.845952,0.845405,0.870836,0.925146,1.00452,1.10099,1.20538,1.30904,1.40454,1.48601,1.54928,1.59211,1.6142,1.61699,1.60316,1.57607,1.5392,1.49568,1.44808,1.39831,1.34763,1.29676,1.24599,1.19526,1.1443,1.09272,1.04002,0.985708,0.929318,0.870438,0.808759,0.744132,0.676651,0.606835,0.535969,0.466823,0.405049,0.361293,0.351406,0.388349,0.471966,0.593917,0.747433,0.929811,1.14144,1.38459,1.66221,1.97576,2.32059,2.67691,2.99785,3.20867,3.2404,3.08605,2.81097,2.49808,2.20012,1.93738,1.71377,1.52788,1.37715,1.25903,1.17102,1.11035,1.07373,1.05729,1.05678,1.06789,1.08657,1.10925,1.13283,1.15476,1.17295,1.18572
1.18161,1.19343,1.19812,1.19493,1.1835,1.16384,1.13629,1.1015,1.06042,1.01432,0.964769,0.913771,0.863787,0.817796,0.779252,0.751772,0.738489,0.74111,0.75907,0.789265,0.826531,0.864585,0.89712,0.918935,0.92706,0.921742,0.906982,0.890251,0.881072,0.888463,0.917999,0.970089,1.04049,1.12231,1.20802,1.29066,1.36445,1.42507,1.46982,1.49761,1.50892,1.50538,1.48945,1.4639,1.43145,1.39449,1.35493,1.31413,1.27297,1.23188,1.19096,1.15002,1.10868,1.06647,1.02282,0.977175,0.928979,0.877729,0.82299,0.76443,0.701863,0.635336,0.565301,0.492994,0.421292,0.356598,0.312139,0.308368,0.358972,0.458351,0.59477,0.761546,0.957055,1.18277,1.44188,1.73797,2.07225,2.43738,2.80566,3.11603,3.28184,3.24293,3.0225,2.70839,2.3822,2.08527,1.82985,1.61653,1.44292,1.30622,1.20367,1.13226,1.08837,1.06761,1.06504,1.07561,1.0946,1.11785,1.14187,1.16387,1.18161,1.19343
1.18548,1.19691,1.20084,1.19668,1.18427,1.16385,1.136,1.10161,1.06185,1.01817,0.972357,0.926522,0.883167,0.845136,0.815453,0.796929,0.791556,0.799818,0.820245,0.849442,0.882598,0.914287,0.939414,0.954199,0.957111,0.949535,0.935897,0.923011,0.918538,0.928872,0.957203,1.00276,1.06152,1.12772,1.19526,1.25864,1.31349,1.35672,1.38668,1.40303,1.40659,1.39898,1.38231,1.35886,1.33074,1.29979,1.26744,1.23467,1.20208,1.1699,1.13806,1.10628,1.07411,1.04098,1.00629,0.969404,0.929692,0.886571,0.839509,0.788045,0.731813,0.670571,0.604281,0.533263,0.458581,0.382987,0.313348,0.265863,0.267576,0.332388,0.447015,0.596839,0.775948,0.983954,1.22339,1.49832,1.8128,2.16733,2.5506,2.92464,3.21257,3.32042,3.20732,2.92958,2.58862,2.25745,1.9658,1.71997,1.51866,1.35903,1.23816,1.15291,1.09939,1.07271,1.06718,1.07687,1.09619,1.12027,1.14513,1.16765,1.18548,1.19691
1.18421,1.19592,1.19982,1.19548,1.18295,1.16272,1.13558,1.10263,1.06524,1.02502,0.983855,0.943896,0.907561,0.877412,0.855936,0.845143,0.846072,0.858346,0.879985,0.907571,0.936738,0.962878,0.981951,0.991329,0.990499,0.981452,0.968515,0.957531,0.954462,0.963779,0.987258,1.0237,1.06958,1.12022,1.17078,1.21701,1.25563,1.28453,1.30275,1.31037,1.30832,1.2981,1.28148,1.26028,1.23621,1.21065,1.1847,1.15907,1.13415,1.11002,1.08652,1.06326,1.03975,1.01537,0.989445,0.961286,0.930208,0.895552,0.856706,0.813115,0.764288,0.709817,0.649396,0.582876,0.510396,0.432726,0.352209,0.275616,0.22213,0.228574,0.308343,0.43759,0.59979,0.790409,1.01037,1.2632,1.55375,1.88634,2.26008,2.6581,3.02961,3.28184,3.32126,3.13603,2.81273,2.45596,2.12599,1.84259,1.60819,1.42056,1.27679,1.17375,1.10746,1.07268,1.06291,1.07116,1.09075,1.11594,1.14209,1.1657,1.18421,1.19592
1.17742,1.19013,1.19477,1.19107,1.17932,1.16021,1.13475,1.10423,1.07015,1.03424,0.998421,0.964794,0.935588,0.912998,0.898944,0.894722,0.900635,0.915736,0.937794,0.963517,0.989013,1.0104,1.02453,1.02962,1.02583,1.01536,1.00214,0.991038,0.98663,0.992093,1.00843,1.03442,1.06718,1.10299,1.1381,1.16928,1.19413,1.21123,1.22006,1.22092,1.21472,1.20277,1.18655,1.16754,1.14708,1.12627,1.10594,1.0866,1.0685,1.0516,1.03568,1.0203,1.0049,0.988826,0.971371,0.951792,0.92935,0.903326,0.873037,0.837851,0.797189,0.750534,0.697435,0.637516,0.570514,0.496362,0.415456,0.329461,0.24422,0.180935,0.19111,0.286806,0.429881,0.603446,0.804829,1.03624,1.30214,1.60802,1.95812,2.34931,2.75717,3.11581,3.3189,3.2836,3.0334,2.6772,2.31361,1.98916,1.71618,1.49487,1.32281,1.19709,1.11396,1.06804,1.05215,1.05806,1.07776,1.10431,1.13224,1.15754,1.17742,1.19013
1.16466,1.17913,1.18528,1.18306,1.17294,1.15583,1.13296,1.10574,1.07579,1.04489,1.01493,0.987887,0.96573,0.950252,0.942842,0.944198,0.954084,0.971198,0.993221,1.01706,1.03929,1.05664,1.06665,1.06818,1.06173,1.04948,1.03489,1.02192,1.01415,1.01392,1.02187,1.03696,1.05696,1.07902,1.1003,1.11838,1.13155,1.13884,1.14002,1.13548,1.12605,1.11286,1.09711,1.08003,1.06269,1.04597,1.03048,1.01663,1.00453,0.994089,0.985004,0.976815,0.968932,0.960672,0.951294,0.940021,0.926073,0.908679,0.887098,0.86063,0.828623,0.790481,0.74566,0.693672,0.634078,0.566509,0.490701,0.406664,0.315234,0.220467,0.142825,0.155209,0.267969,0.423836,0.607757,0.819204,1.06159,1.34018,1.66092,2.02753,2.43347,2.84451,3.17829,3.32019,3.20911,2.90471,2.52743,2.16372,1.84779,1.58697,1.38056,1.22632,1.12114,1.05997,1.03522,1.03738,1.05676,1.08485,1.11507,1.14271,1.16466,1.17913
1.14552,1.16246,1.17088,1.17088,1.16319,1.1489,1.12941,1.10626,1.08113,1.05579,1.03205,1.0117,0.996407,0.987579,0.986125,0.992276,1.00541,1.02403,1.04581,1.0679,1.08727,1.10119,1.10772,1.10611,1.09705,1.08257,1.06564,1.04953,1.03708,1.03012,1.02919,1.03354,1.04152,1.05106,1.06004,1.06672,1.06988,1.06887,1.06364,1.05459,1.04245,1.02817,1.01278,0.99726,0.982491,0.969175,0.957808,0.948663,0.94179,0.937035,0.934061,0.932379,0.931382,0.930371,0.928587,0.925235,0.919502,0.91058,0.897681,0.880045,0.856958,0.827753,0.791816,0.748581,0.697529,0.638174,0.57006,0.492769,0.405977,0.309739,0.205899,0.109539,0.121397,0.25224,0.419525,0.612767,0.833598,1.08646,1.37728,1.7122,2.09378,2.51061,2.91635,3.21243,3.28416,3.10144,2.75529,2.36683,2.00771,1.70241,1.45542,1.26609,1.13246,1.05057,1.01303,1.00925,1.02747,1.05715,1.09013,1.12077,1.14552,1.16246
1.11964,1.13972,1.15105,1.15393,1.14933,1.13855,1.12312,1.10468,1.08493,1.06557,1.04829,1.03465,1.02603,1.02344,1.02741,1.03779,1.05371,1.07355,1.09507,1.11565,1.13261,1.14363,1.14715,1.14269,1.131,1.11391,1.09396,1.07388,1.05603,1.04195,1.03218,1.02631,1.02323,1.02147,1.01955,1.01623,1.01066,1.00245,0.991628,0.978578,0.96395,0.948544,0.933219,0.9188,0.906015,0.895441,0.88747,0.882294,0.879905,0.880104,0.882527,0.886667,0.891904,0.897535,0.902795,0.90688,0.908964,0.908214,0.903807,0.894939,0.880838,0.860775,0.834067,0.800085,0.758245,0.708007,0.648852,0.58027,0.50174,0.412716,0.31269,0.201651,0.085483,0.0913739,0.240212,0.417107,0.618591,0.848115,1.11092,1.41338,1.76146,2.15579,2.57831,2.96867,3.21455,3.21145,2.96547,2.58984,2.19779,1.84647,1.5535,1.3223,1.15288,1.04325,0.987395,0.974272,0.989902,1.02098,1.05714,1.09142,1.11964,1.13972
1.08691,1.11068,1.12539,1.13163,1.13059,1.1238,1.11295,1.09971,1.08577,1.07272,1.06207,1.05515,1.05302,1.05637,1.06537,1.07963,1.09809,1.1191,1.1405,1.15989,1.1749,1.18351,1.18445,1.17741,1.16312,1.14321,1.11987,1.09545,1.07196,1.05081,1.03262,1.01729,1.00416,0.992277,0.980661,0.968473,0.955157,0.940489,0.924565,0.907751,0.890617,0.873853,0.858192,0.844341,0.832918,0.824409,0.819129,0.81721,0.818594,0.823048,0.83018,0.839467,0.850283,0.861925,0.873629,0.884596,0.893999,0.900999,0.904752,0.904423,0.899197,0.888287,0.87095,0.846486,0.814252,0.773651,0.724128,0.66515,0.596186,0.516665,0.425945,0.32326,0.207694,0.0784946,0.0698147,0.232585,0.416805,0.625389,0.86288,1.13502,1.44833,1.80818,2.2122,2.63377,2.99747,3.18246,3.10473,2.80647,2.41215,2.02195,1.68062,1.40167,1.18884,1.0431,0.961421,0.933841,0.944434,0.976338,1.01604,1.05459,1.08691,1.11068
1.0476,1.07547,1.09382,1.10358,1.10629,1.10375,1.09775,1.09002,1.08217,1.07566,1.07178,1.07158,1.07584,1.08493,1.09878,1.11676,1.13772,1.15999,1.18155,1.20016,1.2137,1.22042,1.21924,1.20994,1.1932,1.17047,1.14369,1.1149,1.08592,1.05808,1.03212,1.00821,0.986056,0.965142,0.944867,0.924719,0.904373,0.883739,0.862964,0.842402,0.822569,0.804076,0.787573,0.773686,0.762963,0.755825,0.752536,0.75318,0.757658,0.765699,0.776884,0.79067,0.806423,0.823439,0.840963,0.858209,0.874361,0.888588,0.900045,0.907884,0.911261,0.909345,0.901335,0.886469,0.864031,0.833364,0.79386,0.744959,0.686131,0.616846,0.536542,0.444587,0.340238,0.222669,0.0918598,0.0656061,0.230027,0.418869,0.633344,0.878023,1.15875,1.48191,1.85164,2.26129,2.67387,2.99928,3.11576,2.96808,2.62937,2.22505,1.84041,1.51077,1.24793,1.05714,0.940057,0.890473,0.892001,0.923567,0.967077,1.01058,1.0476,1.07547
1.00257,1.03482,1.05676,1.06983,1.07608,1.07763,1.07646,1.0743,1.07267,1.07281,1.07577,1.08233,1.09294,1.10774,1.12639,1.14812,1.17171,1.19552,1.21762,1.23596,1.2486,1.254,1.25121,1.24006,1.22118,1.19586,1.16585,1.13297,1.09892,1.065,1.03207,1.00051,0.970359,0.941412,0.913385,0.886021,0.859181,0.832888,0.807338,0.782889,0.760026,0.739319,0.721373,0.706773,0.696032,0.689542,0.687532,0.690052,0.696964,0.707958,0.722577,0.74025,0.760326,0.782097,0.804817,0.827716,0.850002,0.870863,0.889472,0.904986,0.916549,0.923308,0.924416,0.919052,0.906431,0.885823,0.856552,0.818007,0.769631,0.710905,0.641328,0.560386,0.467541,0.362276,0.244498,0.118475,0.0816052,0.233007,0.423554,0.642647,0.893652,1.18209,1.51378,1.89088,2.30104,2.6954,2.97158,3.01592,2.80638,2.43838,2.03056,1.65398,1.33768,1.094,0.930613,0.848447,0.834329,0.863331,0.910838,0.960154,1.00257,1.03482
0.953372,0.990311,1.01552,1.03122,1.04021,1.04516,1.04831,1.05143,1.05587,1.06265,1.07248,1.08583,1.10287,1.12343,1.147,1.17268,1.19919,1.22494,1.24809,1.26675,1.27914,1.28386,1.28007,1.26761,1.24707,1.21961,1.18679,1.15033,1.11182,1.07258,1.03356,0.995338,0.958177,0.922137,0.887175,0.853237,0.820334,0.788585,0.758236,0.729661,0.703344,0.679846,0.659768,0.643696,0.63215,0.625525,0.624047,0.627745,0.636443,0.649783,0.667257,0.688249,0.712076,0.738018,0.765331,0.793263,0.82105,0.847912,0.873052,0.895651,0.914867,0.929839,0.939696,0.943574,0.940625,0.930043,0.911075,0.883034,0.845304,0.797339,0.738645,0.668766,0.58727,0.493768,0.388084,0.271127,0.1512,0.109438,0.241659,0.431086,0.653477,0.909844,1.20492,1.54343,1.92469,2.32912,2.69533,2.91319,2.88592,2.62451,2.23685,1.83012,1.46338,1.16258,0.942819,0.81468,0.774426,0.796629,0.84811,0.904529,0.953372,0.990311
0.902272,0.944623,0.972647,0.989734,0.999935,1.00683,1.01313,1.02069,1.03069,1.04383,1.06045,1.08063,1.10418,1.13068,1.15941,1.18937,1.21923,1.24745,1.27227,1.29194,1.30481,1.3096,1.30552,1.29244,1.27086,1.24185,1.20686,1.16749,1.12529,1.08159,1.03742,0.993507,0.950308,0.908077,0.866956,0.827045,0.788475,0.751443,0.716242,0.683273,0.653035,0.626111,0.603135,0.584741,0.571505,0.563877,0.562117,0.566254,0.57608,0.591177,0.610964,0.634757,0.661819,0.691398,0.722744,0.755117,0.787782,0.819999,0.851013,0.880046,0.906286,0.928891,0.946988,0.95969,0.966102,0.965353,0.956606,0.939088,0.912101,0.87503,0.827345,0.768588,0.698364,0.616343,0.522325,0.416532,0.300898,0.186593,0.142486,0.255763,0.441642,0.665984,0.926623,1.22701,1.5702,1.95158,2.34303,2.67117,2.82441,2.72975,2.42695,2.0273,1.62477,1.26947,0.987543,0.799557,0.717609,0.724894,0.779592,0.845129,0.902272,0.944623
0.851812,0.901425,0.932175,0.949063,0.958095,0.964423,0.97168,0.982018,0.996472,1.01532,1.03842,1.06536,1.09553,1.12821,1.16244,1.19711,1.23087,1.26218,1.2894,1.31086,1.32504,1.33072,1.32719,1.31427,1.29243,1.26264,1.22625,1.18478,1.13974,1.09249,1.04414,0.995528,0.947251,0.899715,0.853201,0.807928,0.764114,0.722013,0.681956,0.644364,0.609761,0.578769,0.552082,0.53043,0.514506,0.504878,0.501905,0.50566,0.515916,0.532182,0.553773,0.579902,0.609743,0.64249,0.677367,0.713638,0.750593,0.787535,0.823759,0.85854,0.891117,0.920685,0.946395,0.96736,0.982665,0.991387,0.99262,0.9855,0.969231,0.943107,0.90652,0.858962,0.800024,0.729384,0.646835,0.552384,0.44667,0.332583,0.223157,0.178014,0.274836,0.455331,0.680272,0.943943,1.24801,1.59319,1.96983,2.34029,2.62128,2.70697,2.55187,2.21751,1.81161,1.41536,1.0735,0.816411,0.673317,0.650626,0.705457,0.782962,0.851812,0.901425
0.803769,0.864712,0.899488,0.914863,0.919673,0.921694,0.926335,0.936545,0.953366,0.976612,1.00548,1.03889,1.07572,1.1148,1.15494,1.19484,1.23311,1.26824,1.29865,1.32277,1.33914,1.34665,1.34457,1.33273,1.31153,1.28184,1.24493,1.20226,1.15533,1.1055,1.05395,1.00162,0.949209,0.897252,0.846129,0.796147,0.747581,0.700724,0.655922,0.613603,0.574303,0.538672,0.507479,0.481578,0.46184,0.449048,0.443753,0.446157,0.456054,0.47287,0.495778,0.52383,0.556067,0.591587,0.629566,0.669256,0.709967,0.751043,0.791834,0.831678,0.869874,0.905679,0.938287,0.96684,0.990425,1.0081,1.0189,1.02189,1.01617,1.00093,0.975454,0.939151,0.891547,0.832289,0.761145,0.678042,0.583213,0.477717,0.365298,0.260186,0.214933,0.298271,0.472185,0.696388,0.961671,1.26745,1.61132,1.97754,2.31864,2.5451,2.56371,2.35665,1.9992,1.59111,1.20275,0.877641,0.656754,0.579422,0.625147,0.717607,0.803769,0.864712
0.757464,0.837123,0.880178,0.894439,0.892169,0.885101,0.881852,0.887232,0.902821,0.928044,0.961248,1.00046,1.04376,1.0894,1.13581,1.1815,1.22495,1.26468,1.29913,1.32681,1.34635,1.35666,1.35704,1.34727,1.32769,1.29909,1.26265,1.21978,1.17194,1.12053,1.06677,1.0117,0.956111,0.90062,0.845698,0.791713,0.738982,0.687812,0.638545,0.59159,0.54746,0.506807,0.47044,0.439331,0.414571,0.397251,0.388269,0.388108,0.396682,0.41335,0.437085,0.466699,0.501024,0.539008,0.579744,0.622453,0.666455,0.711131,0.755889,0.800133,0.843238,0.884528,0.923267,0.958645,0.989783,1.01574,1.03554,1.04817,1.05266,1.0481,1.03363,1.00857,0.972326,0.92448,0.864749,0.793002,0.709318,0.614168,0.509025,0.398405,0.297313,0.252771,0.325459,0.492158,0.714303,0.979566,1.28467,1.6233,1.97271,2.27633,2.44324,2.39819,2.14806,1.77436,1.36684,0.987992,0.686274,0.524349,0.538364,0.646206,0.757464,0.837123
0.708127,0.817433,0.877501,0.894935,0.884925,0.864164,0.846303,0.839904,0.848409,0.871388,0.906276,0.949839,0.998998,1.05115,1.10413,1.1561,1.20542,1.25052,1.28989,1.32208,1.34577,1.35991,1.3638,1.35717,1.34027,1.31382,1.27892,1.23689,1.18919,1.13723,1.08229,1.02546,0.967628,0.909497,0.851606,0.794377,0.738155,0.683252,0.629985,0.57872,0.529912,0.484154,0.44223,0.405158,0.374211,0.350844,0.336483,0.332156,0.338127,0.353773,0.377806,0.408669,0.444861,0.485098,0.52834,0.573753,0.620658,0.66847,0.716653,0.764681,0.812009,0.858043,0.902126,0.943519,0.981401,1.01487,1.04294,1.06459,1.07878,1.0845,1.08079,1.06682,1.04189,1.00545,0.957151,0.896784,0.824341,0.740064,0.644674,0.540063,0.431443,0.334344,0.291314,0.355857,0.515129,0.7339,0.997267,1.29884,1.62765,1.95343,2.21231,2.31737,2.21428,1.92949,1.54474,1.13962,0.772863,0.509825,0.44918,0.563417,0.708127,0.817433
0.646676,0.798503,0.889058,0.919794,0.906449,0.870301,0.831385,0.804374,0.79705,0.810784,0.842604,0.887723,0.941352,0.999517,1.05913,1.11781,1.17361,1.22484,1.26999,1.30761,1.33646,1.35547,1.36393,1.36154,1.34845,1.32527,1.29302,1.25295,1.20648,1.15503,1.09993,1.04233,0.983201,0.923325,0.863311,0.803632,0.744662,0.686714,0.630078,0.575061,0.522033,0.471475,0.424052,0.380701,0.342723,0.311842,0.290103,0.279447,0.280973,0.294372,0.318061,0.349898,0.387839,0.430231,0.475832,0.523729,0.57323,0.623785,0.674915,0.726169,0.777081,0.827147,0.875799,0.922383,0.966154,1.00627,1.04178,1.07168,1.09489,1.11033,1.11694,1.11377,1.09996,1.07484,1.03794,0.988951,0.927786,0.854567,0.769717,0.674221,0.570392,0.464088,0.37119,0.330481,0.389009,0.540899,0.754961,1.01427,1.30899,1.62279,1.91803,2.12641,2.17,2.01576,1.70371,1.31164,0.910212,0.561302,0.376537,0.463578,0.646676,0.798503
0.561979,0.767601,0.904779,0.964913,0.959896,0.913067,0.850558,0.79466,0.760406,0.754234,0.774869,0.816369,0.871629,0.934514,1.0004,1.06595,1.12872,1.18678,1.2385,1.28247,1.31741,1.34231,1.35642,1.35936,1.35121,1.33246,1.30401,1.26705,1.22295,1.17311,1.1189,1.06153,1.00206,0.941344,0.880061,0.818746,0.757808,0.697572,0.638309,0.580274,0.523744,0.469065,0.416719,0.367423,0.322272,0.28294,0.251857,0.232076,0.22635,0.235546,0.257975,0.290544,0.330251,0.374838,0.422768,0.473019,0.524887,0.57786,0.631523,0.6855,0.739412,0.792845,0.845323,0.896288,0.945084,0.990948,1.033,1.07026,1.10166,1.12609,1.14241,1.14954,1.14651,1.13248,1.10684,1.06917,1.01926,0.957146,0.883106,0.797757,0.702366,0.599668,0.496128,0.40784,0.370264,0.424542,0.569202,0.777151,1.02993,1.31394,1.60714,1.86531,2.01935,2.00419,1.80613,1.47291,1.076,0.67962,0.365536,0.346877,0.561979,0.767601
0.445169,0.709847,0.908163,1.01714,1.03921,0.994878,0.914002,0.826162,0.754969,0.715354,0.712111,0.740814,0.792226,0.857027,0.92801,1.00019,1.07019,1.13561,1.19462,1.24573,1.28768,1.31942,1.34018,1.34953,1.34744,1.33427,1.31081,1.27814,1.23755,1.19046,1.13822,1.08212,1.02327,0.96262,0.900929,0.838797,0.776684,0.714942,0.653845,0.593616,0.53446,0.476602,0.420335,0.366098,0.314603,0.26707,0.225628,0.193841,0.176664,0.178135,0.197706,0.23077,0.272467,0.319475,0.369827,0.422381,0.476445,0.531561,0.58739,0.643638,0.700015,0.756197,0.811804,0.866374,0.919351,0.970061,1.01771,1.06138,1.10005,1.13258,1.15782,1.17459,1.18179,1.17846,1.16381,1.13726,1.09849,1.04744,0.984259,0.909406,0.82371,0.728732,0.627639,0.527458,0.444358,0.410705,0.462142,0.599693,0.800009,1.04344,1.31244,1.57923,1.79466,1.89271,1.82326,1.58846,1.23885,0.838547,0.449912,0.237852,0.445169,0.709847
0.294516,0.613596,0.88087,1.05642,1.1285,1.10777,1.02297,0.909156,0.797919,0.71328,0.669988,0.671052,0.708466,0.769517,0.842891,0.920659,0.997725,1.07081,1.13766,1.19662,1.24636,1.2858,1.31415,1.33091,1.33593,1.32947,1.31216,1.28496,1.24909,1.20589,1.15674,1.10296,1.04573,0.986076,0.924847,0.86272,0.800223,0.737755,0.675615,0.614025,0.553155,0.493155,0.434177,0.376428,0.320237,0.266209,0.215541,0.170784,0.137361,0.12437,0.13751,0.170786,0.215067,0.264963,0.317938,0.372786,0.428886,0.485878,0.543522,0.601615,0.659957,0.718312,0.776395,0.833839,0.890184,0.944859,0.997163,1.04626,1.09119,1.13085,1.16408,1.18966,1.20638,1.21316,1.20903,1.19327,1.16541,1.12524,1.07284,1.00853,0.932954,0.847165,0.753034,0.654162,0.558083,0.480873,0.451872,0.501526,0.631949,0.822937,1.05384,1.30317,1.53788,1.70624,1.74875,1.63058,1.36544,1.00295,0.599827,0.22999,0.294516,0.613596
0.124353,0.475396,0.809091,1.06105,1.20466,1.23377,1.16783,1.04333,0.899001,0.766776,0.670489,0.624866,0.63118,0.677473,0.747499,0.828284,0.911505,0.992163,1.06718,1.13452,1.1927,1.24059,1.27735,1.30241,1.31552,1.31681,1.30676,1.28619,1.25621,1.21808,1.17317,1.1228,1.06821,1.01051,0.950636,0.889346,0.827252,0.764821,0.702399,0.64024,0.57852,0.517363,0.456856,0.397076,0.338114,0.28013,0.223467,0.168971,0.119077,0.0819781,0.0781643,0.11099,0.159235,0.21275,0.268537,0.32558,0.383468,0.442004,0.50107,0.560563,0.620372,0.680347,0.740285,0.79991,0.858856,0.916649,0.972687,1.02623,1.07639,1.12215,1.16235,1.19576,1.22112,1.23723,1.243,1.23752,1.22016,1.19058,1.14873,1.09483,1.02941,0.953299,0.867799,0.775098,0.679218,0.588123,0.517576,0.493841,0.542409,0.665451,0.845197,1.06009,1.28489,1.48237,1.60095,1.59025,1.42942,1.1395,0.766575,0.360271,0.124353,0.475396
0.120241,0.302709,0.689288,1.01466,1.24262,1.34742,1.32937,1.21773,1.05594,0.884333,0.733728,0.627361,0.580353,0.592431,0.647378,0.725469,0.812437,0.899865,0.982996,1.05902,1.12614,1.18307,1.22892,1.26304,1.28509,1.29507,1.2933,1.28047,1.25753,1.22564,1.18611,1.14027,1.08939,1.03464,0.977029,0.917428,0.85653,0.794885,0.732912,0.670918,0.609122,0.547667,0.486642,0.42609,0.366026,0.306445,0.247335,0.188714,0.130711,0.0740668,0.0272514,0.0531136,0.108278,0.165807,0.224053,0.282761,0.341884,0.401425,0.461386,0.521755,0.582492,0.643519,0.704701,0.765841,0.826656,0.886761,0.94565,1.00268,1.05706,1.10784,1.15393,1.19412,1.22711,1.25163,1.26647,1.27058,1.26316,1.2437,1.21202,1.16824,1.1128,1.04639,0.97008,0.885411,0.794889,0.702931,0.617811,0.554703,0.536674,0.584468,0.699578,0.865919,1.06106,1.25654,1.41259,1.4805,1.42038,1.22302,0.913109,0.531568,0.120241,0.302709
0.303047,0.119928,0.531253,0.912864,1.22289,1.4204,1.48066,1.41284,1.25683,1.06133,0.866133,0.699719,0.584522,0.536644,0.554619,0.617705,0.702825,0.794793,0.885329,0.970012,1.04634,1.11275,1.16821,1.212,1.24369,1.26315,1.27058,1.26648,1.25164,1.22712,1.19413,1.15394,1.10786,1.05707,1.00269,0.94566,0.88677,0.826664,0.765849,0.704708,0.643524,0.582497,0.521759,0.46139,0.401428,0.341888,0.282763,0.224056,0.16581,0.108281,0.0531178,0.0272567,0.0740676,0.130711,0.188713,0.247334,0.306443,0.366024,0.426088,0.486639,0.547664,0.609118,0.670914,0.732906,0.794879,0.856523,0.91742,0.977021,1.03463,1.08938,1.14026,1.18611,1.22563,1.25752,1.28047,1.29331,1.29507,1.2851,1.26306,1.22895,1.18312,1.12619,1.05909,0.983079,0.899962,0.812546,0.725586,0.647492,0.592519,0.580384,0.627311,0.733595,0.884132,1.0557,1.21749,1.32918,1.34733,1.24266,1.01484,0.689564,0.303047,0.119928
0.4757,0.124612,0.359962,0.766283,1.1393,1.42934,1.59034,1.60118,1.48268,1.2852,1.06037,0.845422,0.665599,0.542466,0.493812,0.517493,0.588023,0.679122,0.775014,0.867728,0.953242,1.02937,1.0948,1.14871,1.19057,1.22016,1.23752,1.243,1.23724,1.22114,1.19577,1.16236,1.12216,1.07641,1.02624,0.972699,0.91666,0.858867,0.799919,0.740293,0.680355,0.620379,0.560569,0.501075,0.442009,0.383472,0.325584,0.268541,0.212754,0.159239,0.110995,0.0781709,0.0819835,0.11908,0.168973,0.223468,0.280131,0.338114,0.397076,0.456855,0.517361,0.578518,0.640238,0.702396,0.764817,0.827248,0.889341,0.95063,1.01051,1.06821,1.12279,1.17316,1.21808,1.25621,1.28619,1.30676,1.31682,1.31554,1.30243,1.27738,1.24064,1.19275,1.13459,1.06727,0.992262,0.911618,0.828409,0.74763,0.677595,0.631272,0.6249,0.670444,0.766651,0.898814,1.04311,1.16762,1.23363,1.20463,1.06115,0.809307,0.4757,0.124612
0.613848,0.294818,0.229816,0.599524,1.00268,1.36528,1.63057,1.74892,1.70654,1.53824,1.30352,1.05415,0.823173,0.632103,0.501588,0.451844,0.480793,0.557989,0.654074,0.752959,0.847104,0.932907,1.0085,1.07282,1.12523,1.1654,1.19327,1.20903,1.21317,1.2064,1.18967,1.16409,1.13087,1.0912,1.04628,0.997177,0.944872,0.890197,0.83385,0.776405,0.718322,0.659965,0.601623,0.543529,0.485885,0.428891,0.372791,0.317943,0.264968,0.215073,0.170792,0.137517,0.124377,0.137367,0.170789,0.215545,0.266211,0.320239,0.376429,0.434178,0.493155,0.553155,0.614024,0.675614,0.737754,0.800221,0.862718,0.924844,0.986073,1.04573,1.10296,1.15674,1.20589,1.24909,1.28496,1.31216,1.32948,1.33595,1.33094,1.31419,1.28585,1.24642,1.19669,1.13775,1.07091,0.997843,0.92079,0.843033,0.769661,0.708598,0.671149,0.670025,0.71324,0.797805,0.908988,1.02278,1.10761,1.12841,1.05645,0.881016,0.613848,0.294818
0.710037,0.44544,0.237969,0.449663,0.838255,1.23861,1.58835,1.82334,1.89297,1.79504,1.57964,1.31282,1.04376,0.800256,0.599856,0.46221,0.410678,0.444278,0.527368,0.627557,0.728664,0.823657,0.909367,0.984232,1.04742,1.09848,1.13726,1.16381,1.17847,1.18181,1.1746,1.15783,1.1326,1.10006,1.0614,1.01773,0.970077,0.919365,0.866388,0.811816,0.756208,0.700025,0.643647,0.587398,0.531568,0.476452,0.422388,0.369833,0.31948,0.272473,0.230777,0.197713,0.178141,0.176671,0.193847,0.225633,0.267074,0.314607,0.366101,0.420338,0.476604,0.534462,0.593618,0.653847,0.714944,0.776685,0.838797,0.90093,0.96262,1.02327,1.08212,1.13822,1.19046,1.23756,1.27814,1.31082,1.33428,1.34746,1.34956,1.34022,1.31947,1.28774,1.24581,1.19471,1.13571,1.07031,1.00033,0.928162,0.857187,0.792385,0.740956,0.712214,0.715397,0.754938,0.826063,0.913858,0.994727,1.0391,1.01711,0.908242,0.710037,0.44544
0.767734,0.562206,0.347104,0.365438,0.679353,1.07572,1.47271,1.80609,2.00436,2.01971,1.86577,1.60761,1.31436,1.03027,0.777409,0.569374,0.424617,0.370239,0.40776,0.49604,0.599591,0.702304,0.797711,0.883073,0.957125,1.01925,1.06916,1.10685,1.13249,1.14652,1.14956,1.14243,1.12611,1.10168,1.07028,1.03302,0.990965,0.945101,0.896303,0.845337,0.792858,0.739424,0.685511,0.631533,0.577869,0.524895,0.473026,0.422775,0.374845,0.330257,0.29055,0.257982,0.235553,0.226357,0.232083,0.251863,0.282947,0.322278,0.367429,0.416725,0.46907,0.523749,0.580279,0.638313,0.697576,0.757812,0.81875,0.880065,0.941348,1.00207,1.06154,1.1189,1.17312,1.22295,1.26706,1.30403,1.33248,1.35123,1.35939,1.35646,1.34236,1.31748,1.28254,1.2386,1.18689,1.12885,1.0661,1.00056,0.934688,0.871809,0.816543,0.775021,0.754345,0.760457,0.794642,0.850481,0.912956,0.959789,0.964855,0.904807,0.767734,0.562206
0.798592,0.646859,0.463813,0.37662,0.561124,0.909943,1.31138,1.70356,2.01581,2.17028,2.12687,1.91857,1.62331,1.30943,1.01463,0.755232,0.541083,0.389092,0.330457,0.371109,0.464002,0.570319,0.674164,0.769675,0.854539,0.927769,0.988944,1.03794,1.07485,1.09997,1.11378,1.11696,1.11035,1.09491,1.0717,1.0418,1.00629,0.966172,0.9224,0.875814,0.827162,0.777094,0.726181,0.674926,0.623795,0.57324,0.523737,0.47584,0.430238,0.387846,0.349905,0.318068,0.294379,0.28098,0.279454,0.290111,0.31185,0.342731,0.380709,0.424059,0.471482,0.52204,0.575069,0.630085,0.686721,0.744669,0.80364,0.863319,0.923332,0.983208,1.04234,1.09994,1.15504,1.20649,1.25296,1.29303,1.32529,1.34847,1.36157,1.36397,1.35552,1.33652,1.3077,1.27009,1.22496,1.17374,1.11796,1.0593,0.999703,0.941549,0.887923,0.842794,0.810948,0.79717,0.804436,0.831386,0.870252,0.906378,0.919741,0.889061,0.798592,0.646859
0.817503,0.708279,0.563638,0.449366,0.509789,0.772655,1.13935,1.54452,1.92941,2.21443,2.31777,2.21288,1.95405,1.62821,1.29932,0.997641,0.734185,0.515325,0.355951,0.291292,0.334261,0.431357,0.539991,0.644619,0.740025,0.824316,0.896771,0.957148,1.00546,1.0419,1.06684,1.08081,1.08452,1.0788,1.06461,1.04296,1.01489,0.981421,0.943538,0.902143,0.858059,0.812024,0.764695,0.716665,0.668481,0.620669,0.573763,0.528348,0.485106,0.444869,0.408677,0.377814,0.353781,0.338135,0.332164,0.336491,0.350853,0.37422,0.405167,0.442239,0.484163,0.529922,0.57873,0.629995,0.683262,0.738166,0.794388,0.851618,0.909509,0.96764,1.02547,1.0823,1.13725,1.18921,1.23691,1.27893,1.31385,1.3403,1.3572,1.36384,1.35997,1.34584,1.32216,1.28999,1.25065,1.20556,1.15626,1.10431,1.05135,0.999211,0.950061,0.906496,0.871595,0.848587,0.840037,0.846383,0.864191,0.884915,0.894917,0.87751,0.817503,0.708279
0.837205,0.757608,0.646417,0.538592,0.524452,0.686176,0.987772,1.36659,1.77418,2.14806,2.39846,2.44378,2.27702,1.9734,1.6239,1.28516,0.979959,0.714602,0.492369,0.325568,0.252753,0.297227,0.398317,0.508954,0.614115,0.709282,0.79298,0.864737,0.924478,0.972332,1.00858,1.03365,1.04812,1.05269,1.04819,1.03556,1.01576,0.989805,0.958666,0.923286,0.884546,0.843254,0.800148,0.755903,0.711144,0.666466,0.622463,0.579754,0.539017,0.501033,0.466707,0.437093,0.413358,0.396691,0.388117,0.388278,0.39726,0.414581,0.439342,0.470451,0.506818,0.547472,0.591603,0.638559,0.687827,0.738997,0.791729,0.845714,0.900637,0.956128,1.01172,1.06679,1.12054,1.17195,1.21979,1.26267,1.29911,1.32772,1.34731,1.35708,1.35672,1.34642,1.32689,1.29923,1.2648,1.2251,1.18166,1.136,1.08961,1.04398,1.0007,0.961494,0.928285,0.903046,0.887425,0.882003,0.885205,0.892232,0.894479,0.880222,0.837205,0.757608
0.864829,0.803929,0.717823,0.6254,0.579623,0.656789,0.877511,1.20253,1.59088,1.99907,2.35675,2.56412,2.54579,2.31944,1.9783,1.61197,1.26797,0.962081,0.696702,0.47241,0.298397,0.214922,0.260094,0.365208,0.477645,0.583161,0.678006,0.761124,0.832279,0.891547,0.939158,0.975467,1.00094,1.01619,1.02191,1.01892,1.00812,0.990448,0.966861,0.938308,0.905698,0.869892,0.831694,0.79185,0.751057,0.70998,0.669267,0.629576,0.591597,0.556076,0.523839,0.495787,0.472879,0.456063,0.446166,0.443763,0.449058,0.461851,0.48159,0.507492,0.538686,0.574317,0.613619,0.655939,0.700742,0.747601,0.796168,0.846151,0.897274,0.949231,1.00164,1.05397,1.10552,1.15535,1.20229,1.24495,1.28187,1.31156,1.33277,1.34462,1.34671,1.33922,1.32285,1.29876,1.26837,1.23326,1.19501,1.15513,1.11502,1.07596,1.03915,1.00574,0.976883,0.953629,0.936789,0.926549,0.92187,0.919811,0.914973,0.899588,0.864829,0.803929
0.901596,0.852011,0.783203,0.705736,0.650894,0.673477,0.816402,1.07335,1.41515,1.81141,2.21745,2.5521,2.70755,2.62212,2.3412,1.97066,1.59388,1.24856,0.944372,0.680601,0.455572,0.274982,0.178013,0.223059,0.332489,0.446597,0.552331,0.646799,0.729363,0.800014,0.858962,0.906527,0.943121,0.969249,0.98552,0.992642,0.99141,0.982688,0.967383,0.946417,0.920705,0.891136,0.858558,0.823776,0.78755,0.750607,0.713651,0.677379,0.642501,0.609754,0.579911,0.553783,0.532191,0.515925,0.505669,0.501915,0.504889,0.514517,0.530443,0.552097,0.578785,0.609779,0.644383,0.681976,0.722035,0.764138,0.807954,0.853228,0.899743,0.94728,0.995557,1.04417,1.09252,1.13977,1.18481,1.22628,1.26267,1.29247,1.31431,1.32723,1.33078,1.32511,1.31095,1.28951,1.26231,1.23102,1.19729,1.16264,1.12843,1.09578,1.06563,1.03871,1.01562,0.99677,0.982306,0.971947,0.964663,0.958304,0.949245,0.932342,0.901596,0.852011
0.944859,0.902524,0.845412,0.779908,0.725218,0.71787,0.799679,0.987508,1.26932,1.62456,2.02715,2.42698,2.73013,2.82518,2.67217,2.34404,1.95246,1.57092,1.22758,0.927069,0.666327,0.441899,0.255932,0.142501,0.186486,0.3008,0.416457,0.522272,0.616307,0.698343,0.768578,0.827345,0.875038,0.912114,0.939105,0.956626,0.965374,0.966125,0.959712,0.947011,0.928912,0.906306,0.880065,0.851031,0.820015,0.787797,0.755131,0.722757,0.691409,0.66183,0.634767,0.610974,0.591187,0.57609,0.566264,0.562127,0.563889,0.571518,0.584755,0.60315,0.626129,0.653054,0.683295,0.716267,0.75147,0.788505,0.827077,0.866989,0.908113,0.950344,0.993543,1.03745,1.08162,1.12533,1.16753,1.2069,1.24189,1.2709,1.29248,1.30557,1.30965,1.30488,1.29202,1.27238,1.24757,1.21938,1.18954,1.15962,1.13091,1.10444,1.08091,1.06076,1.04415,1.03102,1.02101,1.01344,1.00713,1.00021,0.989987,0.972885,0.944859,0.902524
0.990616,0.953686,0.904866,0.848474,0.797007,0.774771,0.814923,0.942913,1.16253,1.46323,1.82994,2.23675,2.62466,2.88648,2.91415,2.69647,2.33022,1.92562,1.54418,1.20551,0.910305,0.653835,0.431359,0.241851,0.109481,0.151082,0.271024,0.388007,0.493713,0.587233,0.668745,0.738636,0.797339,0.845312,0.883046,0.911092,0.930063,0.940647,0.943596,0.939719,0.929861,0.914888,0.895671,0.873071,0.847929,0.821066,0.793278,0.765345,0.73803,0.712088,0.68826,0.667267,0.649794,0.636454,0.627756,0.624059,0.625537,0.632164,0.643712,0.659785,0.679866,0.703366,0.729687,0.758264,0.788617,0.820369,0.853275,0.887215,0.92218,0.95822,0.995382,1.03361,1.07263,1.11186,1.15037,1.18683,1.21964,1.24711,1.26765,1.28011,1.28391,1.2792,1.26683,1.24819,1.22506,1.19934,1.17286,1.14721,1.12367,1.10314,1.08613,1.0728,1.06299,1.05623,1.05179,1.04867,1.04551,1.04054,1.03153,1.01583,0.990616,0.953686
1.03519,1.00295,0.960553,0.91126,0.863769,0.834751,0.848798,0.930837,1.09407,1.33762,1.65383,2.03041,2.43835,2.80667,3.01669,2.97274,2.69668,2.30222,1.89185,1.51455,1.1827,0.894127,0.643018,0.423841,0.233221,0.081697,0.118344,0.244391,0.362197,0.467485,0.560349,0.641306,0.710895,0.76963,0.818014,0.856564,0.885839,0.90645,0.919072,0.924437,0.923329,0.91657,0.905006,0.889492,0.870882,0.850019,0.827732,0.804832,0.78211,0.760339,0.740262,0.722588,0.707969,0.696976,0.690064,0.687544,0.689555,0.696047,0.70679,0.721392,0.739341,0.760051,0.782918,0.807371,0.832925,0.859222,0.886066,0.913433,0.941463,0.970411,1.00056,1.03212,1.06505,1.09896,1.13301,1.16589,1.1959,1.22121,1.24009,1.25124,1.25404,1.24866,1.23603,1.21771,1.19564,1.17186,1.1483,1.12659,1.10798,1.09322,1.08263,1.07611,1.07317,1.07305,1.07469,1.07685,1.07803,1.07647,1.07021,1.05713,1.03519,1.00295
1.07591,1.04805,1.01104,0.967563,0.924068,0.892497,0.890921,0.940403,1.05735,1.24799,1.51071,1.84028,2.22494,2.62945,2.96857,3.11676,3.00063,2.67526,2.26252,1.85265,1.48271,1.15938,0.878511,0.633726,0.419168,0.230258,0.0657642,0.0917163,0.222561,0.340158,0.44453,0.536504,0.616823,0.68612,0.744958,0.793865,0.833375,0.864047,0.886487,0.901355,0.909366,0.911281,0.907905,0.900065,0.888607,0.874379,0.858225,0.840979,0.823453,0.806437,0.790683,0.776896,0.765711,0.75767,0.753193,0.75255,0.75584,0.762979,0.773705,0.787595,0.804101,0.822598,0.842435,0.863001,0.883782,0.904421,0.924771,0.944923,0.965201,0.986117,1.00827,1.03218,1.05814,1.08597,1.11495,1.14373,1.17051,1.19323,1.20997,1.21927,1.22046,1.21375,1.20022,1.18163,1.1601,1.13785,1.11693,1.09898,1.08517,1.07611,1.07189,1.07213,1.07604,1.08258,1.09044,1.09818,1.10419,1.10673,1.10401,1.09426,1.07591,1.04805
1.11119,1.08742,1.05512,1.01659,0.976906,0.945002,0.934377,0.961879,1.04344,1.18903,1.40172,1.68056,2.02184,2.4121,2.80668,3.10542,3.18369,2.99899,2.63525,2.21347,1.80921,1.44914,1.13565,0.863378,0.62578,0.417113,0.232827,0.0700049,0.0783579,0.207587,0.32318,0.425888,0.516626,0.596162,0.665138,0.724125,0.773656,0.814262,0.846501,0.870967,0.888306,0.899217,0.904443,0.904771,0.901018,0.894017,0.884613,0.873645,0.86194,0.850298,0.839481,0.830193,0.823061,0.818607,0.817223,0.819143,0.824425,0.832936,0.844362,0.858216,0.873881,0.89065,0.907789,0.924608,0.940538,0.955212,0.968533,0.980726,0.992346,1.00423,1.01736,1.03269,1.05087,1.07202,1.0955,1.11991,1.14324,1.16315,1.17744,1.18447,1.18353,1.17493,1.15994,1.14057,1.11919,1.09822,1.07979,1.06557,1.05661,1.05331,1.05548,1.06244,1.07312,1.0862,1.10016,1.11342,1.12429,1.13108,1.13212,1.12589,1.11119,1.08742
1.14029,1.12022,1.09202,1.05776,1.02161,0.990543,0.974893,0.987956,1.0437,1.1532,1.32247,1.55354,1.84642,2.19772,2.58988,2.96586,3.2124,3.21601,2.97034,2.57986,2.15709,1.7625,1.4142,1.11157,0.84862,0.61899,0.417422,0.240459,0.0915503,0.0853865,0.20155,0.312613,0.412659,0.501701,0.580246,0.648839,0.708003,0.75825,0.800094,0.834081,0.860791,0.880856,0.894958,0.903826,0.908233,0.908982,0.906898,0.902812,0.897551,0.891919,0.886681,0.882541,0.880118,0.879919,0.882308,0.887485,0.895458,0.906035,0.918823,0.933246,0.948576,0.963986,0.978621,0.991677,1.00251,1.01073,1.0163,1.01963,1.02155,1.02331,1.02639,1.03226,1.04202,1.05609,1.07393,1.094,1.11394,1.13102,1.1427,1.14715,1.14364,1.13263,1.11569,1.09513,1.07363,1.05382,1.03794,1.0276,1.02368,1.02632,1.03499,1.04867,1.06599,1.08538,1.10516,1.12362,1.13907,1.14987,1.15448,1.1516,1.14029,1.12022
1.1631,1.14617,1.12144,1.09082,1.05786,1.02819,1.00995,1.01369,1.05114,1.13291,1.2664,1.45559,1.70246,2.00768,2.3668,2.75544,3.10203,3.28536,3.2141,2.91813,2.5122,2.09509,1.71324,1.37811,1.08711,0.834107,0.613169,0.419842,0.252485,0.121552,0.109486,0.20581,0.309666,0.405923,0.492731,0.570036,0.638161,0.697525,0.748585,0.791825,0.827766,0.856973,0.880062,0.897699,0.910599,0.91952,0.925253,0.928605,0.930388,0.931398,0.932395,0.934076,0.93705,0.941805,0.948679,0.957825,0.969194,0.982513,0.997286,1.01281,1.02821,1.04249,1.05463,1.06369,1.06893,1.06995,1.0668,1.06013,1.05115,1.04161,1.03362,1.02927,1.03019,1.03714,1.04957,1.06567,1.08258,1.09705,1.1061,1.10771,1.10118,1.08727,1.06791,1.04584,1.02409,1.00551,0.992415,0.986313,0.987819,0.996701,1.01204,1.03245,1.05624,1.08162,1.10678,1.12995,1.14947,1.16377,1.17148,1.1715,1.1631,1.14617
1.17983,1.16538,1.14344,1.11583,1.08563,1.05754,1.03816,1.03596,1.06065,1.12171,1.22676,1.38085,1.58713,1.84784,2.16371,2.52748,2.90502,3.20995,3.32166,3.18014,2.84636,2.43509,2.02885,1.66196,1.341,1.06224,0.819714,0.608159,0.424151,0.268207,0.155345,0.142801,0.220394,0.315167,0.406613,0.490665,0.566485,0.634066,0.693668,0.745663,0.790489,0.828635,0.860644,0.887114,0.908696,0.926091,0.940039,0.951311,0.960689,0.968948,0.976831,0.98502,0.994105,1.00455,1.01665,1.0305,1.04599,1.06272,1.08006,1.09715,1.1129,1.1261,1.13554,1.14009,1.13891,1.13163,1.11847,1.10039,1.07912,1.05706,1.03706,1.02195,1.01399,1.01421,1.02196,1.0349,1.04948,1.06171,1.06815,1.06662,1.0566,1.03926,1.01705,0.993229,0.971237,0.954162,0.944324,0.943023,0.950493,0.96603,0.988247,1.01535,1.04536,1.0763,1.10629,1.13354,1.15645,1.17357,1.18371,1.18596,1.17983,1.16538
1.19089,1.1782,1.15834,1.13307,1.10516,1.07862,1.05892,1.05298,1.06881,1.11464,1.19765,1.32323,1.49516,1.71634,1.98922,2.31364,2.67734,3.0339,3.28471,3.3206,3.11779,2.75906,2.35093,1.95942,1.60905,1.30295,1.03688,0.805335,0.603845,0.43019,0.287033,0.191231,0.180928,0.244163,0.329403,0.41541,0.496329,0.570492,0.637505,0.697431,0.750537,0.797196,0.837862,0.873051,0.903342,0.929367,0.95181,0.971388,0.988843,1.00491,1.02031,1.0357,1.05162,1.06851,1.08662,1.10596,1.12629,1.14711,1.16757,1.18659,1.20281,1.21477,1.22098,1.22013,1.21131,1.19422,1.16937,1.1382,1.10309,1.06728,1.03452,1.00852,0.992161,0.986677,0.991061,1.00214,1.01534,1.02579,1.02957,1.02447,1.01034,0.988957,0.963475,0.937775,0.915751,0.900695,0.894837,0.899121,0.913241,0.935899,0.96517,0.998858,1.03473,1.07069,1.10481,1.13538,1.16087,1.18001,1.19179,1.1955,1.19089,1.1782
1.19674,1.18506,1.16657,1.14299,1.11686,1.09168,1.07209,1.06382,1.07354,1.10824,1.17442,1.27733,1.42096,1.60846,1.84275,2.12607,2.45606,2.81301,3.13677,3.32265,3.28375,3.03168,2.66,2.26168,1.88762,1.55477,1.264,1.011,0.790907,0.600181,0.43789,0.308555,0.228682,0.222133,0.275572,0.35216,0.432685,0.510366,0.582856,0.649386,0.709814,0.764291,0.813122,0.856717,0.895565,0.930223,0.961302,0.989462,1.01539,1.03977,1.06328,1.08653,1.11004,1.13417,1.1591,1.18473,1.21068,1.23624,1.26032,1.28152,1.29815,1.30838,1.31044,1.30283,1.28462,1.25573,1.21712,1.1709,1.12034,1.06969,1.02379,0.98734,0.963838,0.954495,0.957536,0.968494,0.981407,0.990435,0.99125,0.981863,0.962786,0.93665,0.907497,0.879936,0.858336,0.846113,0.845248,0.856112,0.877663,0.907887,0.944294,0.984321,1.02555,1.06583,1.10327,1.13625,1.16343,1.18369,1.19625,1.20061,1.19674,1.18506
1.19779,1.18638,1.16859,1.14609,1.12125,1.09718,1.07787,1.06817,1.07365,1.10026,1.15368,1.23881,1.35955,1.51904,1.72024,1.96597,2.25757,2.58881,2.93004,3.20832,3.32206,3.21464,2.92675,2.55248,2.16889,1.81405,1.49931,1.22417,0.984572,0.776434,0.597218,0.447301,0.332582,0.267671,0.265871,0.313316,0.382946,0.458546,0.533237,0.604263,0.670562,0.731811,0.788049,0.839516,0.886582,0.929705,0.969419,1.00631,1.041,1.07412,1.1063,1.13808,1.16992,1.2021,1.2347,1.26747,1.29983,1.33078,1.3589,1.38237,1.39904,1.40666,1.40311,1.38677,1.35682,1.3136,1.25876,1.19537,1.12783,1.06163,1.00285,0.957275,0.928916,0.918551,0.922991,0.93585,0.949462,0.957019,0.95409,0.939293,0.914161,0.882475,0.849333,0.820164,0.799782,0.791581,0.797028,0.815633,0.845401,0.883516,0.926949,0.972858,1.01874,1.06247,1.10229,1.13672,1.16461,1.18506,1.19751,1.2017,1.19779,1.18638
1.19437,1.18258,1.16487,1.1429,1.11889,1.09566,1.07668,1.06609,1.06863,1.08933,1.13313,1.20442,1.30685,1.44342,1.6169,1.83011,2.08545,2.38237,2.7087,3.02318,3.24421,3.28372,3.1182,2.80776,2.43921,2.07375,1.73917,1.44283,1.18352,0.957653,0.762015,0.595132,0.458618,0.359147,0.308451,0.31215,0.356574,0.42126,0.492965,0.565279,0.635322,0.701856,0.764429,0.822994,0.877737,0.928991,0.977189,1.02284,1.06648,1.1087,1.15004,1.19098,1.23191,1.27299,1.31415,1.35496,1.39453,1.4315,1.46395,1.48951,1.50545,1.509,1.49771,1.46992,1.42518,1.36457,1.29079,1.20814,1.12243,1.04059,0.970171,0.918053,0.888484,0.881058,0.890204,0.906906,0.921642,0.926939,0.918796,0.896967,0.864423,0.82637,0.789119,0.758956,0.74105,0.738501,0.751871,0.779445,0.818083,0.864165,0.914234,0.96531,1.01493,1.0611,1.10223,1.13706,1.16466,1.18436,1.19582,1.19904,1.19437,1.18258
1.18673,1.17398,1.15582,1.13391,1.11035,1.08769,1.06901,1.0579,1.05838,1.07477,1.11131,1.17187,1.25976,1.37775,1.52836,1.71413,1.93765,2.20034,2.49833,2.81145,3.08699,3.24195,3.21072,3.00006,2.67897,2.32235,1.97719,1.66336,1.38551,1.14217,0.930383,0.74788,0.594258,0.472212,0.388504,0.351477,0.361305,0.405031,0.466797,0.535946,0.606817,0.676641,0.744128,0.808761,0.870444,0.929328,0.985721,1.04003,1.09273,1.14432,1.19528,1.24601,1.29679,1.34766,1.39834,1.44811,1.49572,1.53925,1.57613,1.60323,1.61707,1.61429,1.59221,1.54939,1.48613,1.40467,1.30916,1.2055,1.1011,1.00461,0.92521,0.870867,0.845397,0.845908,0.863134,0.884883,0.900046,0.901206,0.885559,0.854609,0.813163,0.768069,0.726956,0.69696,0.683395,0.688613,0.711714,0.749372,0.797219,0.850962,0.906925,0.96217,1.0144,1.06185,1.10315,1.1373,1.16359,1.18161,1.19128,1.1928,1.18673,1.17398
1.17502,1.16084,1.14183,1.11961,1.09618,1.07388,1.05545,1.04402,1.04308,1.05632,1.08738,1.13965,1.21604,1.31906,1.45093,1.6139,1.81033,2.04221,2.30913,2.60225,2.89186,3.11678,3.2016,3.10802,2.86584,2.54392,2.20358,1.87992,1.58693,1.32753,1.1003,0.903038,0.734429,0.595131,0.488647,0.421124,0.397386,0.413918,0.458816,0.519578,0.587681,0.658311,0.728955,0.798387,0.866091,0.931963,0.996143,1.05893,1.1207,1.18188,1.24289,1.30402,1.36545,1.42705,1.48827,1.54801,1.60445,1.65495,1.69603,1.72352,1.73304,1.72063,1.6836,1.62121,1.53509,1.4292,1.30954,1.18384,1.06138,0.95277,0.869102,0.819144,0.804863,0.818753,0.846511,0.872862,0.886087,0.879953,0.853758,0.811326,0.759584,0.707153,0.663034,0.635142,0.628534,0.644073,0.678686,0.72716,0.784037,0.844656,0.905392,0.963539,1.01708,1.06454,1.10483,1.1372,1.16121,1.17671,1.18384,1.18303,1.17502,1.16084
1.15936,1.1434,1.12322,1.10042,1.0769,1.05479,1.03657,1.02499,1.02308,1.03403,1.06097,1.10682,1.17416,1.26515,1.38175,1.5259,1.69964,1.90495,2.1427,2.40947,2.68978,2.94448,3.10962,3.12577,2.9816,2.72064,2.40546,2.08418,1.7825,1.51022,1.26917,1.05826,0.876071,0.722287,0.598527,0.508711,0.457709,0.447009,0.470809,0.518458,0.58001,0.648684,0.720495,0.793279,0.865953,0.938064,1.00954,1.08054,1.15135,1.22233,1.2938,1.36599,1.43893,1.51227,1.58512,1.65587,1.72191,1.77956,1.82405,1.8499,1.85165,1.82492,1.76753,1.68019,1.56662,1.43304,1.28762,1.14011,1.00187,0.885959,0.805648,0.769498,0.774712,0.80639,0.844736,0.872726,0.879719,0.861998,0.821784,0.765598,0.702593,0.643201,0.597848,0.575045,0.578828,0.607433,0.65492,0.714246,0.779307,0.845503,0.909544,0.969109,1.02255,1.0687,1.10679,1.13634,1.15717,1.16939,1.17337,1.16973,1.15936,1.1434
1.13981,1.12184,1.1003,1.07676,1.05299,1.03098,1.01294,1.00134,0.998813,1.00812,1.03198,1.07291,1.1331,1.21446,1.31867,1.44734,1.60221,1.78504,1.99708,2.23731,2.49794,2.75574,2.96455,3.06513,3.01925,2.83762,2.56879,2.26576,1.96513,1.68544,1.43358,1.21083,1.01655,0.850177,0.712363,0.605504,0.533431,0.499192,0.501397,0.533059,0.584883,0.648952,0.719908,0.794542,0.871082,0.948646,1.0269,1.10584,1.18565,1.26662,1.34901,1.43297,1.51836,1.60458,1.69028,1.77311,1.84938,1.9139,1.96016,1.98098,1.96983,1.92242,1.83804,1.71991,1.57462,1.4111,1.23976,1.07245,0.923111,0.808047,0.742734,0.732421,0.764573,0.815005,0.860217,0.88404,0.878871,0.844676,0.787112,0.715459,0.641012,0.576048,0.532524,0.519115,0.537377,0.581439,0.642223,0.711486,0.783181,0.853208,0.918825,0.978194,1.03006,1.07362,1.10837,1.13415,1.15102,1.15933,1.15966,1.15282,1.13981,1.12184
1.11644,1.09636,1.07338,1.04901,1.02493,1.00297,0.985135,0.973618,0.970754,0.978946,1.00054,1.03769,1.0923,1.16596,1.26011,1.37609,1.51533,1.67931,1.86929,2.08526,2.32331,2.57,2.79472,2.94907,2.98562,2.88809,2.68181,2.41372,2.12647,1.8472,1.58923,1.3575,1.15308,0.975932,0.826367,0.705915,0.617439,0.564091,0.54677,0.561862,0.602055,0.659445,0.727772,0.802868,0.882232,0.964502,1.04904,1.13568,1.2245,1.31573,1.40959,1.50613,1.60507,1.70545,1.80534,1.90133,1.98817,2.05853,2.10351,2.11394,2.08259,2.0064,1.88758,1.7331,1.55304,1.35903,1.1636,0.980975,0.828729,0.727781,0.693836,0.721384,0.783065,0.84755,0.891808,0.903409,0.879384,0.824086,0.74665,0.65884,0.573903,0.50616,0.469311,0.471025,0.507835,0.568522,0.641642,0.718933,0.795126,0.866932,0.932264,0.989789,1.03865,1.07838,1.10879,1.12997,1.14224,1.14618,1.14253,1.13225,1.11644,1.09636
1.08936,1.06716,1.04274,1.01755,0.993164,0.971259,0.953669,0.942358,0.939399,0.946893,0.966871,1.00118,1.05144,1.11898,1.20499,1.31057,1.43688,1.58512,1.75642,1.95112,2.16724,2.39688,2.6204,2.80215,2.8976,2.87567,2.73869,2.51905,2.2581,1.98883,1.73107,1.49442,1.2826,1.09676,0.937516,0.80606,0.704619,0.636056,0.602252,0.601936,0.630048,0.679583,0.744012,0.818472,0.899807,0.986173,1.07663,1.17082,1.26876,1.37063,1.47663,1.58676,1.70053,1.81659,1.93214,2.04229,2.13946,2.21329,2.25173,2.24367,2.18236,2.06792,1.9074,1.71247,1.49672,1.27403,1.05891,0.868906,0.727707,0.661499,0.677511,0.748437,0.833689,0.901716,0.934264,0.924695,0.875581,0.795737,0.697314,0.594013,0.500961,0.435189,0.412231,0.435704,0.493703,0.570102,0.653124,0.735754,0.813962,0.885378,0.948564,1.00266,1.0472,1.08202,1.10722,1.12314,1.13035,1.1296,1.12179,1.10799,1.08936,1.06716
1.05869,1.03446,1.00869,0.982754,0.95811,0.936317,0.919045,0.908068,0.905232,0.912386,0.931289,0.963523,1.01043,1.07314,1.15258,1.24965,1.36526,1.50038,1.65593,1.83234,2.02855,2.23974,2.45321,2.6439,2.7753,2.81242,2.74129,2.57712,2.35328,2.10391,1.85381,1.6174,1.40171,1.20977,1.04304,0.902861,0.791186,0.71062,0.663428,0.649783,0.666552,0.708025,0.767947,0.841112,0.923865,1.01394,1.11013,1.21191,1.31924,1.43232,1.55136,1.67632,1.80651,1.94002,2.07282,2.19781,2.30395,2.3766,2.39996,2.3619,2.25865,2.09638,1.88863,1.65191,1.40245,1.15566,0.928535,0.744863,0.638456,0.634103,0.710821,0.817643,0.912367,0.969845,0.97901,0.94007,0.861312,0.755422,0.636643,0.520017,0.422992,0.366866,0.367683,0.418462,0.49711,0.586014,0.675439,0.760343,0.838015,0.906931,0.966227,1.01546,1.05451,1.08352,1.10284,1.11305,1.11492,1.10934,1.09735,1.08007,1.05869,1.03446
1.02463,0.998536,0.971557,0.944986,0.920184,0.89859,0.881734,0.871226,0.868722,0.875851,0.894139,0.924926,0.969327,1.02824,1.10242,1.19254,1.29931,1.42348,1.56578,1.72659,1.90529,2.09873,2.29846,2.48701,2.63634,2.71406,2.69806,2.58892,2.40857,2.18751,1.95263,1.72227,1.50694,1.31201,1.14028,0.99363,0.874128,0.784285,0.726553,0.701989,0.708921,0.742955,0.798447,0.87017,0.954172,1.04788,1.14986,1.2595,1.37674,1.50185,1.63512,1.7765,1.92508,2.07811,2.22977,2.36953,2.48118,2.54425,2.53945,2.45642,2.2985,2.08084,1.82394,1.5478,1.26978,1.00661,0.780398,0.627932,0.592881,0.670134,0.798524,0.922347,1.00844,1.04053,1.01575,0.941502,0.831168,0.700046,0.563297,0.437004,0.342686,0.308495,0.343917,0.422853,0.517782,0.614461,0.706422,0.790572,0.865315,0.929814,0.983679,1.02684,1.05946,1.08197,1.09496,1.0992,1.09563,1.08526,1.06919,1.04858,1.02463,0.998536
0.987408,0.95967,0.931667,0.904614,0.879779,0.858496,0.842174,0.832285,0.830316,0.837711,0.855786,0.885668,0.928261,0.984268,1.05425,1.13872,1.23819,1.35322,1.48436,1.6319,1.79542,1.97268,2.15778,2.33834,2.49337,2.59562,2.62099,2.56046,2.42467,2.23728,2.02403,1.80546,1.59505,1.40065,1.22666,1.07593,0.950899,0.85423,0.788558,0.755528,0.75455,0.782385,0.834134,0.904787,0.990294,1.0879,1.19605,1.31411,1.44209,1.58039,1.72948,1.88935,2.05873,2.2337,2.40554,2.55832,2.66814,2.70757,2.65632,2.51141,2.28829,2.0124,1.70932,1.39996,1.10161,0.834148,0.632764,0.556235,0.626564,0.775583,0.9303,1.04828,1.10739,1.10079,1.03438,0.922304,0.781523,0.628195,0.477294,0.346575,0.266405,0.272274,0.347508,0.44855,0.553057,0.652504,0.74338,0.824067,0.893792,0.952237,0.999395,1.03551,1.06102,1.07659,1.08301,1.08124,1.0723,1.0573,1.03738,1.0137,0.987408,0.95967
0.947313,0.918176,0.889358,0.861995,0.837271,0.816428,0.800776,0.791663,0.790436,0.798372,0.8166,0.846052,0.887438,0.941281,1.00798,1.08787,1.18132,1.28872,1.41045,1.5467,1.69711,1.85997,2.03093,2.20091,2.35419,2.46885,2.52231,2.50076,2.40598,2.25386,2.06651,1.86458,1.66346,1.47319,1.2999,1.14756,1.01931,0.918131,0.84694,0.807857,0.8011,0.824396,0.873588,0.944021,1.03171,1.13388,1.24893,1.37632,1.51624,1.66935,1.83635,2.01735,2.21055,2.41007,2.60241,2.76293,2.85699,2.85129,2.73134,2.50963,2.21689,1.88652,1.54512,1.21193,0.904927,0.654737,0.527239,0.58062,0.748239,0.934977,1.08764,1.1777,1.19337,1.13818,1.0268,0.878393,0.711158,0.540292,0.379984,0.252632,0.208658,0.271326,0.3784,0.491468,0.598884,0.696744,0.783489,0.858462,0.92145,0.972527,1.012,1.04038,1.05836,1.06679,1.06664,1.05897,1.0449,1.02557,1.00211,0.975659,0.947313,0.918176
0.904659,0.874385,0.844968,0.817474,0.793013,0.772753,0.757917,0.749753,0.749482,0.758229,0.776953,0.806404,0.847111,0.899426,0.963592,1.03981,1.1283,1.22932,1.34311,1.46975,1.60886,1.75905,1.91691,2.07554,2.22295,2.34176,2.41233,2.41948,2.35927,2.24061,2.08079,1.89879,1.71061,1.52782,1.35812,1.2067,1.07752,0.974084,0.899691,0.85691,0.846611,0.867303,0.91551,0.986994,1.07796,1.18572,1.3088,1.44685,1.60037,1.77043,1.95812,2.16364,2.3843,2.61077,2.82125,2.97735,3.03185,2.95243,2.74251,2.43685,2.07912,1.7045,1.33611,0.991016,0.694187,0.50943,0.533219,0.716088,0.935269,1.12484,1.24956,1.29176,1.25136,1.14301,0.988478,0.808965,0.62132,0.438359,0.273898,0.165469,0.1949,0.307415,0.429993,0.54589,0.650965,0.743856,0.824084,0.891572,0.946492,0.989229,1.02035,1.04061,1.05089,1.05221,1.04566,1.03239,1.01354,0.990254,0.963632,0.934752,0.904659,0.874385
0.859781,0.828627,0.798824,0.771377,0.747337,0.727811,0.713953,0.706924,0.707834,0.717667,0.73722,0.767066,0.807563,0.858904,0.92119,0.994498,1.07893,1.17461,1.28167,1.40008,1.52944,1.66851,1.81451,1.96194,2.10142,2.21916,2.29864,2.32527,2.29208,2.20272,2.06959,1.90892,1.73616,1.56359,1.4001,1.252,1.12411,1.0206,0.945252,0.90109,0.889544,0.909763,0.958858,1.03302,1.12873,1.24352,1.37616,1.52666,1.69601,1.88586,2.09786,2.33223,2.58451,2.8389,3.05891,3.18645,3.16615,2.9829,2.67113,2.28683,1.87755,1.47294,1.09058,0.750126,0.5062,0.485826,0.678915,0.93024,1.15827,1.32108,1.39424,1.37254,1.26968,1.11019,0.919195,0.716414,0.515286,0.325523,0.163095,0.120435,0.235759,0.369093,0.493939,0.606375,0.705434,0.790889,0.862819,0.921507,0.967414,1.00117,1.02359,1.0356,1.03827,1.03272,1.02013,1.00166,0.978466,0.951648,0.922261,0.891314,0.859781,0.828627
0.813018,0.781226,0.751239,0.724009,0.700547,0.681915,0.669213,0.663527,0.665862,0.677069,0.697781,0.728398,0.769112,0.819964,0.880927,0.951966,1.03308,1.12429,1.22563,1.33697,1.45787,1.58719,1.72252,1.85933,1.99007,2.10362,2.18629,2.22493,2.21146,2.14603,2.03691,1.89723,1.74102,1.58054,1.42535,1.28267,1.15816,1.05667,0.982531,0.939276,0.928827,0.950848,1.00294,1.08172,1.18399,1.30763,1.45183,1.61713,1.80522,2.01858,2.2596,2.52822,2.81617,3.09478,3.3028,3.36099,3.22432,2.91754,2.50918,2.06389,1.62148,1.20196,0.820742,0.519883,0.440658,0.636684,0.919143,1.18644,1.39035,1.49904,1.50042,1.40584,1.24247,1.04022,0.822796,0.605636,0.39775,0.205503,0.0621891,0.163975,0.309604,0.443623,0.563374,0.668507,0.759095,0.835381,0.897752,0.946745,0.983054,1.00753,1.02117,1.02507,1.02041,1.0084,0.990225,0.967059,0.940004,0.910111,0.878363,0.845697,0.813018,0.781226
0.764702,0.73249,0.702499,0.67565,0.652924,0.635359,0.624011,0.619902,0.623935,0.636821,0.659029,0.690781,0.732102,0.782893,0.84301,0.912321,0.990736,1.0782,1.17465,1.27988,1.39341,1.51413,1.63988,1.76681,1.88863,1.99623,2.07827,2.1233,2.1232,2.07616,1.98731,1.86689,1.72712,1.57962,1.43418,1.2986,1.17928,1.08174,1.01092,0.970838,0.963874,0.990099,1.04751,1.1331,1.2441,1.37883,1.53708,1.72016,1.93076,2.17251,2.44863,2.75789,3.08316,3.37032,3.52315,3.45715,3.17211,2.74519,2.26313,1.78098,1.3237,0.903953,0.551042,0.400951,0.58954,0.901429,1.20802,1.45541,1.60425,1.63368,1.55069,1.38462,1.17101,0.9387,0.706102,0.483177,0.274651,0.0828318,0.0945999,0.253209,0.395838,0.522475,0.633398,0.728927,0.809435,0.87539,0.927385,0.966164,0.992627,1.00781,1.01287,1.00901,0.997483,0.979523,0.956315,0.928982,0.898566,0.866044,0.832321,0.79826,0.764702,0.73249
0.715142,0.6827,0.652866,0.62655,0.604724,0.588415,0.578651,0.576391,0.582431,0.597332,0.621382,0.654622,0.696911,0.748017,0.807693,0.875727,0.951959,1.03627,1.12851,1.22842,1.33546,1.44854,1.56567,1.68345,1.79652,1.89726,1.97619,2.02351,2.03168,1.99793,1.92526,1.82151,1.69704,1.56252,1.42755,1.30027,1.18764,1.09581,1.03031,0.99567,0.994635,1.02758,1.0928,1.18767,1.30988,1.45837,1.63376,1.83842,2.07643,2.35294,2.67194,3.02809,3.38319,3.63843,3.66834,3.4283,2.99287,2.47473,1.95083,1.45465,0.997775,0.598498,0.371098,0.537816,0.876754,1.22185,1.51433,1.70778,1.77084,1.70349,1.53622,1.311,1.06307,0.814728,0.577635,0.357097,0.156188,0.0489158,0.203539,0.351988,0.484365,0.600488,0.700625,0.785157,0.85457,0.909482,0.950666,0.979055,0.995724,1.00186,0.998739,0.987635,0.96982,0.946512,0.918851,0.887893,0.8546,0.819867,0.784519,0.74935,0.715142,0.6827
0.664624,0.632105,0.602571,0.576934,0.556183,0.54135,0.533444,0.533356,0.541761,0.559045,0.585298,0.620368,0.663951,0.715696,0.775268,0.842392,0.916856,0.998484,1.08707,1.1823,1.28358,1.38981,1.49912,1.60842,1.71304,1.80648,1.88073,1.92745,1.93992,1.9151,1.85466,1.76461,1.65365,1.53138,1.40698,1.28871,1.18393,1.09937,1.04113,1.0142,1.02161,1.06391,1.13962,1.24646,1.38272,1.54816,1.74449,1.97558,2.24737,2.56698,2.93823,3.34248,3.69552,3.8423,3.67624,3.2486,2.69768,2.13041,1.59383,1.10049,0.660008,0.356204,0.482056,0.84497,1.22698,1.5652,1.80735,1.91017,1.86344,1.697,1.45992,1.19532,0.93041,0.678961,0.447203,0.239862,0.0892897,0.16826,0.314262,0.449975,0.570252,0.674464,0.762729,0.835439,0.893178,0.936713,0.966987,0.985103,0.992289,0.989848,0.97911,0.961385,0.937923,0.909892,0.878358,0.844292,0.808568,0.771997,0.735326,0.699288,0.664624,0.632105
0.613396,0.580925,0.551811,0.527003,0.507526,0.494435,0.488722,0.491199,0.502386,0.52246,0.551286,0.588508,0.633673,0.686321,0.746055,0.812556,0.885577,0.964899,1.05027,1.14132,1.23741,1.33742,1.43956,1.54097,1.63747,1.72343,1.792,1.83609,1.84987,1.83041,1.77866,1.69933,1.59976,1.48853,1.37431,1.26534,1.16929,1.09341,1.04433,1.02743,1.04589,1.10032,1.18936,1.31115,1.46471,1.65088,1.87289,2.13663,2.45059,2.82417,3.25607,3.68953,3.96317,3.90244,3.50641,2.93019,2.319,1.74039,1.21067,0.733052,0.360513,0.423085,0.80612,1.22272,1.60624,1.90044,2.04955,2.02954,1.86675,1.6177,1.3352,1.05256,0.786058,0.542745,0.327917,0.163101,0.159422,0.285868,0.420543,0.543278,0.650761,0.742351,0.818151,0.878615,0.924454,0.956594,0.976146,0.98436,0.982578,0.972172,0.954495,0.930835,0.90239,0.870249,0.83539,0.798687,0.760926,0.722832,0.685086,0.648371,0.613396,0.580925
0.561674,0.529341,0.500757,0.476937,0.458974,0.447963,0.444871,0.450395,0.464849,0.488153,0.519917,0.559583,0.606558,0.660309,0.720397,0.786482,0.858296,0.935592,1.01808,1.10534,1.19668,1.29097,1.38644,1.48041,1.5691,1.64751,1.70975,1.74979,1.76264,1.74572,1.69963,1.62824,1.53786,1.43621,1.33149,1.23183,1.1452,1.07934,1.04137,1.03692,1.06918,1.13864,1.24405,1.38406,1.55866,1.77015,2.02383,2.32836,2.69566,3.13613,3.62404,4.01867,4.09061,3.7572,3.16913,2.51552,1.89354,1.32714,0.815321,0.385368,0.362179,0.760415,1.20869,1.63587,1.98437,2.18641,2.20044,2.04521,1.78442,1.48266,1.1809,0.898397,0.642833,0.419345,0.243686,0.183165,0.270824,0.397645,0.520288,0.629895,0.724249,0.802866,0.865939,0.914046,0.948053,0.969053,0.978307,0.977185,0.967099,0.949443,0.925552,0.896657,0.863874,0.828199,0.790508,0.751578,0.712106,0.672744,0.634111,0.596855,0.561674,0.529341
0.509639,0.477501,0.449549,0.426909,0.410773,0.402286,0.402366,0.411531,0.42981,0.4568,0.491838,0.534175,0.583118,0.63809,0.698642,0.764435,0.835193,0.910653,0.990492,1.07424,1.16115,1.25007,1.33925,1.42614,1.50724,1.57809,1.63357,1.66852,1.67876,1.66215,1.61922,1.55333,1.47007,1.3765,1.28043,1.18997,1.11342,1.05898,1.03421,1.04484,1.09381,1.18137,1.3064,1.46828,1.66832,1.91082,2.20388,2.55998,2.99538,3.51014,4.00397,4.22402,3.98851,3.40946,2.7183,2.0524,1.44888,0.904889,0.428759,0.301484,0.70821,1.18477,1.6528,2.05639,2.31763,2.37426,2.23192,1.9602,1.63778,1.31536,1.01576,0.747141,0.514006,0.328071,0.231757,0.272694,0.383107,0.50215,0.612311,0.70868,0.789763,0.855301,0.905646,0.941546,0.964038,0.974375,0.973942,0.964186,0.946548,0.922403,0.893028,0.859572,0.823051,0.784354,0.744255,0.703437,0.662515,0.62207,0.582679,0.544965,0.509639,0.477501
0.45744,0.42552,0.398307,0.377097,0.363218,0.357863,0.361837,0.375365,0.398075,0.429184,0.467757,0.512901,0.563869,0.620086,0.681126,0.746667,0.81644,0.890169,0.967498,1.04791,1.13061,1.21441,1.29755,1.37758,1.45123,1.51449,1.56286,1.59196,1.59832,1.58027,1.53848,1.47601,1.39802,1.31114,1.22293,1.14163,1.07592,1.03455,1.02536,1.05393,1.12272,1.23162,1.37981,1.56772,1.7985,2.07921,2.42177,2.84418,3.36283,3.92371,4.2893,4.18504,3.64369,2.92475,2.21589,1.57498,1.0002,0.486896,0.244985,0.64998,1.15119,1.65617,2.11387,2.43961,2.54844,2.42614,2.14518,1.80078,1.456,1.1381,0.8556,0.612002,0.415808,0.295145,0.292712,0.378755,0.489848,0.59853,0.695938,0.779034,0.846863,0.899419,0.937259,0.961321,0.972818,0.973137,0.963754,0.946149,0.921748,0.891873,0.857713,0.820315,0.780586,0.739307,0.697151,0.65471,0.612524,0.571119,0.531036,0.49289,0.45744,0.42552
0.4052,0.373477,0.347136,0.327715,0.316716,0.315345,0.324152,0.342878,0.370619,0.406186,0.448424,0.496372,0.549302,0.606686,0.668146,0.733396,0.802176,0.874199,0.949076,1.02624,1.10484,1.18364,1.26088,1.33416,1.40043,1.45602,1.497,1.51962,1.52111,1.50026,1.45796,1.39722,1.32295,1.24156,1.16063,1.08868,1.03494,1.00868,1.01787,1.06756,1.15945,1.29313,1.46839,1.68723,1.95539,2.28362,2.68943,3.19666,3.79067,4.28048,4.33067,3.86155,3.13091,2.38251,1.70451,1.09999,0.555967,0.200564,0.586289,1.1084,1.6456,2.15448,2.5483,2.71955,2.62657,2.33939,1.9719,1.60297,1.26549,0.968267,0.713513,0.506923,0.36767,0.329262,0.386004,0.48442,0.589138,0.686356,0.770891,0.840789,0.895529,0.935381,0.961128,0.973904,0.975078,0.966141,0.948614,0.923973,0.893592,0.858706,0.820401,0.77961,0.737128,0.693627,0.649685,0.605813,0.562482,0.520172,0.479401,0.440795,0.4052,0.373477
0.353027,0.321413,0.296142,0.279071,0.271897,0.27571,0.290523,0.315321,0.348568,0.388734,0.434568,0.485151,0.539845,0.598211,0.65994,0.724781,0.792488,0.862757,0.935161,1.00908,1.0836,1.15742,1.22877,1.29532,1.35416,1.40196,1.43525,1.45089,1.4467,1.42197,1.37786,1.31747,1.24569,1.16894,1.09506,1.03309,0.993008,0.98455,1.01541,1.08968,1.20811,1.37026,1.57705,1.8328,2.14677,2.53495,3.02271,3.62163,4.20114,4.41176,4.05038,3.33112,2.55018,1.83642,1.20316,0.632898,0.181572,0.517761,1.05712,1.62123,2.17645,2.63948,2.88315,2.83113,2.54269,2.15145,1.75645,1.39803,1.08525,0.818735,0.601565,0.446749,0.379326,0.40548,0.486846,0.584765,0.6803,0.765555,0.837242,0.894132,0.936095,0.963681,0.977903,0.98008,0.971704,0.954333,0.929494,0.898617,0.862994,0.823756,0.781871,0.738157,0.693295,0.647856,0.602328,0.557146,0.512722,0.469499,0.427975,0.388824,0.353027,0.321413
0.301021,0.269311,0.245473,0.231687,0.229813,0.240469,0.262608,0.294187,0.333105,0.3777,0.426813,0.479682,0.535814,0.594884,0.656652,0.720903,0.787393,0.855794,0.925632,0.996221,1.06658,1.13535,1.20074,1.26045,1.31173,1.35153,1.37683,1.38503,1.37449,1.34501,1.29808,1.237,1.16682,1.09427,1.02772,0.977081,0.953171,0.96596,1.02227,1.12474,1.27327,1.46793,1.71157,2.01176,2.38259,2.84792,3.43271,4.06337,4.42078,4.19653,3.51779,2.71593,1.96942,1.3087,0.715387,0.198591,0.445054,0.998243,1.58369,2.17876,2.70909,3.03385,3.03666,2.75452,2.33971,1.9167,1.53586,1.20667,0.927844,0.699899,0.531222,0.44005,0.436932,0.497911,0.586052,0.678158,0.763254,0.836374,0.895366,0.939562,0.969189,0.985078,0.988462,0.980813,0.963716,0.93875,0.907409,0.87105,0.830859,0.787852,0.742875,0.696628,0.649685,0.602521,0.555541,0.509109,0.463584,0.419375,0.376958,0.337125,0.301021,0.269311
0.249252,0.217069,0.195418,0.186576,0.192321,0.211895,0.242481,0.281035,0.32528,0.373757,0.425583,0.480229,0.537372,0.596794,0.658314,0.72174,0.786816,0.853176,0.920288,0.987392,1.05343,1.11698,1.17622,1.22888,1.27238,1.30393,1.32091,1.32123,1.30379,1.26885,1.21831,1.1558,1.08675,1.01847,0.960295,0.923312,0.919157,0.957423,1.04326,1.17758,1.35992,1.59173,1.87879,2.23309,2.67583,3.23624,3.88393,4.35856,4.28771,3.68166,2.87575,2.10185,1.41558,0.801695,0.246059,0.368844,0.932796,1.53408,2.16131,2.75369,3.16541,3.23856,2.97368,2.5369,2.08398,1.67913,1.33264,1.04097,0.802056,0.620539,0.509323,0.479465,0.518091,0.593594,0.680321,0.764203,0.838307,0.899329,0.945901,0.977823,0.995667,1.00053,0.993834,0.97718,0.952197,0.920452,0.883374,0.842221,0.798063,0.751792,0.704134,0.655675,0.606886,0.558153,0.509803,0.462132,0.415446,0.370114,0.326586,0.285878,0.249252,0.217069
0.197607,0.164495,0.146718,0.1459,0.162664,0.193049,0.232281,0.277122,0.325762,0.377235,0.431023,0.486838,0.544505,0.603887,0.664839,0.727167,0.790587,0.854679,0.918841,0.982229,1.0437,1.10177,1.15457,1.19989,1.23529,1.25827,1.26657,1.25859,1.23375,1.19281,1.13811,1.07376,1.00583,0.942653,0.894948,0.875249,0.895598,0.964123,1.08351,1.25322,1.47338,1.74793,2.08669,2.50793,3.04001,3.67976,4.23413,4.31582,3.8126,3.02446,2.23153,1.52262,0.890428,0.31126,0.2898,0.861873,1.47381,2.12489,2.77095,3.27129,3.43057,3.19793,2.74306,2.2586,1.828,1.46323,1.15819,0.908108,0.714396,0.585711,0.531889,0.547495,0.607881,0.687156,0.768593,0.843119,0.906055,0.955166,0.989692,1.00986,1.01655,1.01112,0.99514,0.970304,0.938248,0.90049,0.858373,0.81304,0.76544,0.71634,0.666347,0.615941,0.565496,0.515313,0.465641,0.416714,0.368776,0.322135,0.277204,0.235317,0.197607,0.164495
0.145202,0.111575,0.10155,0.11442,0.145692,0.18697,0.233434,0.282964,0.334638,0.38804,0.44297,0.499322,0.557015,0.615956,0.676003,0.736937,0.798424,0.859976,0.920903,0.98027,1.03685,1.08907,1.13507,1.17267,1.19959,1.2136,1.21283,1.19617,1.16351,1.11614,1.05696,0.990742,0.92459,0.868352,0.834684,0.837478,0.88804,0.991615,1.14817,1.35671,1.61929,1.9435,2.34468,2.84809,3.46465,4.06187,4.27904,3.90106,3.15583,2.35565,1.62846,0.980361,0.385616,0.208579,0.786598,1.40451,2.07115,2.76001,3.34535,3.60473,3.42348,2.95784,2.44085,1.98261,1.59849,1.27951,1.01804,0.812557,0.668222,0.592985,0.58588,0.629234,0.698969,0.776561,0.850812,0.915488,0.967307,1.00481,1.02775,1.03673,1.03296,1.01799,0.993531,0.961307,0.922939,0.87987,0.833338,0.784368,0.733782,0.682227,0.630201,0.578081,0.526148,0.474621,0.423678,0.373483,0.324215,0.276092,0.229445,0.185685,0.145202,0.111575
0.0891919,0.0598834,0.0670502,0.101077,0.146075,0.195037,0.245932,0.298116,0.351385,0.40568,0.460987,0.51729,0.574546,0.632661,0.691467,0.750693,0.809939,0.868629,0.925978,0.980949,1.03222,1.07816,1.11689,1.14631,1.16429,1.1689,1.15868,1.13293,1.09212,1.03806,0.974356,0.906776,0.843965,0.798011,0.783864,0.815878,0.902606,1.0453,1.24207,1.49305,1.80358,2.18613,2.66218,3.24798,3.85772,4.18225,3.93998,3.26309,2.47079,1.73145,1.07032,0.464601,0.125823,0.708103,1.3279,2.00233,2.72169,3.38278,3.75175,3.6444,3.18018,2.631,2.14314,1.73842,1.40486,1.13174,0.914765,0.756098,0.661618,0.632716,0.657757,0.715964,0.788166,0.861287,0.927441,0.982129,1.02303,1.0493,1.06117,1.0596,1.04607,1.02232,0.990137,0.951271,0.907285,0.859533,0.809139,0.757005,0.703834,0.650162,0.59638,0.542773,0.489535,0.436806,0.384687,0.333276,0.282691,0.233075,0.184549,0.137346,0.0891919,0.0598834
0.0702068,0.0157879,0.0608,0.112962,0.164486,0.216272,0.268585,0.321512,0.375107,0.429412,0.484448,0.540203,0.596614,0.653547,0.71078,0.767973,0.824635,0.880094,0.933458,0.983583,1.02905,1.06819,1.09911,1.11982,1.12836,1.12312,1.10302,1.06785,1.01862,0.95781,0.88994,0.822265,0.76577,0.735583,0.748606,0.817315,0.945207,1.12987,1.36949,1.66705,2.03226,2.48277,3.03527,3.63601,4.03562,3.92624,3.33969,2.57292,1.82959,1.15905,0.545668,0.0421529,0.627522,1.24568,1.92106,2.65834,3.38104,3.86196,3.85223,3.40771,2.82919,2.30977,1.88301,1.53411,1.249,1.0207,0.84868,0.736754,0.687266,0.693315,0.738209,0.803361,0.874319,0.941559,0.999238,1.04401,1.07429,1.08977,1.09112,1.07963,1.05704,1.02522,0.986036,0.941204,0.892222,0.840342,0.786571,0.731694,0.676302,0.620828,0.565573,0.510736,0.456439,0.402742,0.349672,0.297251,0.245557,0.194825,0.145614,0.0993676,0.0444761,0.080723
0.070211,0.0404765,0.0910727,0.14322,0.194986,0.246767,0.29887,0.351452,0.404588,0.458309,0.512606,0.567422,0.622642,0.678069,0.733404,0.788216,0.841917,0.893722,0.942626,0.987379,1.02648,1.05822,1.08073,1.09212,1.09069,1.07512,1.04475,0.999876,0.942095,0.874746,0.803672,0.738398,0.693379,0.687219,0.736634,0.848537,1.02057,1.24891,1.53406,1.88301,2.30982,2.82926,3.40769,3.85196,3.86139,3.38036,2.65773,1.92056,1.24526,0.62715,0.041825,0.546031,1.15945,1.83005,2.57348,3.34032,3.9268,4.03589,3.63601,3.03517,2.48268,2.03223,1.66707,1.36956,1.12998,0.945331,0.817424,0.748657,0.735536,0.765603,0.821973,0.88953,0.957288,1.01799,1.06713,1.1022,1.12222,1.12738,1.11875,1.09797,1.06698,1.02777,0.982223,0.93203,0.878599,0.823076,0.766356,0.709114,0.651841,0.594881,0.538463,0.482723,0.427727,0.373488,0.319968,0.267094,0.214782,0.163071,0.112718,0.0674646,0.0702026,0.0702194
