0.0314108,0.0372807,0.0490168,0.0622056,0.0756401,0.0888764,0.101685,0.113917,0.125466,0.136254,0.146235,0.155386,0.163708,0.171222,0.177969,0.184002,0.189383,0.194174,0.198437,0.202224,0.205574,0.208508,0.21103,0.213121,0.214745,0.215846,0.216356,0.216193,0.21527,0.213502,0.210808,0.207121,0.202394,0.196604,0.189761,0.181906,0.17312,0.163514,0.153234,0.142444,0.131324,0.120053,0.108802,0.0977171,0.086915,0.0764745,0.0664339,0.0567908,0.0475056,0.0385067,0.0296981,0.0209682,0.0121988,0.00327516,-0.00590457,-0.0154204,-0.0253228,-0.0356263,-0.0463055,-0.0572945,-0.0684883,-0.0797489,-0.090913,-0.101803,-0.112239,-0.122051,-0.131086,-0.139223,-0.146371,-0.152477,-0.157519,-0.16151,-0.16449,-0.166519,-0.167673,-0.168034,-0.167689,-0.166719,-0.165195,-0.163177,-0.160705,-0.157803,-0.154474,-0.1507,-0.146447,-0.141668,-0.136303,-0.130289,-0.123565,-0.116072,-0.107765,-0.0986136,-0.0886065,-0.0777524,-0.0660824,-0.0536507,-0.0405379,-0.0268668,-0.0128713,0.000788071,0.0314108,0.0314108
-0.0239334,-0.0108052,0.00228449,0.0156741,0.0290745,0.0422225,0.0549258,0.0670441,0.0784748,0.0891462,0.0990137,0.108059,0.116285,0.123717,0.130396,0.136376,0.141716,0.146478,0.150718,0.154483,0.157807,0.160704,0.163173,0.16519,0.166713,0.167683,0.168028,0.167667,0.166514,0.164485,0.161505,0.157513,0.152471,0.146366,0.139218,0.131081,0.122046,0.112234,0.101798,0.0909081,0.0797441,0.0684835,0.0572897,0.0463008,0.0356216,0.0253182,0.0154159,0.00590006,-0.00327964,-0.0122032,-0.0209726,-0.0297026,-0.0385111,-0.0475101,-0.0567953,-0.0664385,-0.0764791,-0.0869196,-0.0977217,-0.108807,-0.120058,-0.131329,-0.142449,-0.153239,-0.163519,-0.173124,-0.181911,-0.189766,-0.196609,-0.202399,-0.207127,-0.210813,-0.213507,-0.215276,-0.216198,-0.216362,-0.215852,-0.21475,-0.213125,-0.211033,-0.208508,-0.20557,-0.202214,-0.198418,-0.194142,-0.189332,-0.183926,-0.177859,-0.171065,-0.163488,-0.155084,-0.145823,-0.135697,-0.124717,-0.112914,-0.100338,-0.0870516,-0.0731095,-0.0584937,-0.0428177,-0.0239334,-0.0108052
-0.0732521,-0.0588006,-0.0449047,-0.0312199,-0.0177703,-0.00468226,0.00791049,0.0198935,0.0311774,0.0416987,0.0514193,0.0603251,0.0684243,0.075744,0.082327,0.0882266,0.0935014,0.0982097,0.102404,0.106127,0.109406,0.11225,0.114651,0.116579,0.117989,0.118819,0.118993,0.11843,0.117047,0.114762,0.111505,0.107224,0.101888,0.0954942,0.0880743,0.0796937,0.070453,0.0604842,0.0499449,0.0390091,0.0278566,0.0166606,0.00557702,-0.00526642,-0.015777,-0.0259018,-0.0356285,-0.0449834,-0.0540269,-0.0628468,-0.0715499,-0.080253,-0.089073,-0.0981177,-0.107476,-0.117211,-0.12735,-0.137884,-0.148761,-0.159891,-0.171146,-0.182371,-0.193392,-0.204028,-0.214103,-0.223456,-0.231952,-0.239489,-0.245999,-0.251451,-0.255847,-0.259218,-0.261619,-0.263125,-0.263819,-0.26379,-0.263125,-0.261903,-0.260191,-0.258039,-0.25548,-0.252524,-0.249163,-0.245367,-0.241091,-0.236277,-0.230858,-0.224767,-0.217936,-0.21031,-0.201845,-0.192515,-0.182313,-0.171252,-0.159368,-0.146708,-0.133333,-0.119295,-0.104615,-0.0892462,-0.0732521,-0.0588006
-0.120674,-0.106079,-0.0919172,-0.078101,-0.0646505,-0.0516473,-0.0391901,-0.0273712,-0.0162654,-0.00592653,0.00361483,0.0123504,0.0202925,0.0274715,0.0339317,0.0397263,0.0449127,0.0495463,0.0536756,0.0573377,0.0605544,0.0633295,0.0656482,0.0674767,0.0687644,0.0694459,0.0694453,0.0686807,0.0670701,0.064537,0.0610169,0.0564641,0.0508575,0.0442054,0.0365498,0.0279672,0.0185682,0.00849286,-0.00209599,-0.0130224,-0.0241085,-0.0351863,-0.0461088,-0.0567595,-0.0670583,-0.0769654,-0.0864813,-0.0956435,-0.104522,-0.113211,-0.121821,-0.13047,-0.139273,-0.148332,-0.15773,-0.167518,-0.177714,-0.188295,-0.199198,-0.210319,-0.221524,-0.232649,-0.243517,-0.253948,-0.263768,-0.272825,-0.280994,-0.288182,-0.294333,-0.299428,-0.303479,-0.306525,-0.308631,-0.309876,-0.310346,-0.310133,-0.309323,-0.307994,-0.306209,-0.304016,-0.301441,-0.298489,-0.295145,-0.291373,-0.287124,-0.282333,-0.276931,-0.270847,-0.264014,-0.256375,-0.247889,-0.238532,-0.228299,-0.217209,-0.205299,-0.192624,-0.179252,-0.165259,-0.15073,-0.135779,-0.120674,-0.106079
-0.167122,-0.152648,-0.138496,-0.12471,-0.111345,-0.0984805,-0.0861998,-0.0745812,-0.0636881,-0.0535646,-0.044234,-0.0356988,-0.0279418,-0.0209298,-0.014617,-0.00894988,-0.00387294,0.000666401,0.00471254,0.00829736,0.011437,0.0141295,0.0163545,0.0180733,0.0192313,0.0197603,0.0195833,0.0186191,0.0167879,0.0140175,0.0102499,0.00544731,-0.000402051,-0.00727918,-0.0151314,-0.0238715,-0.03338,-0.0435098,-0.0540939,-0.0649561,-0.0759217,-0.0868295,-0.0975423,-0.107955,-0.118002,-0.127655,-0.136927,-0.145866,-0.154552,-0.163083,-0.171573,-0.18014,-0.188897,-0.197939,-0.20734,-0.217142,-0.22735,-0.237931,-0.248808,-0.259868,-0.270968,-0.281938,-0.292601,-0.302776,-0.312297,-0.321019,-0.328826,-0.335638,-0.341409,-0.346132,-0.349827,-0.352545,-0.354355,-0.355342,-0.355595,-0.355208,-0.354265,-0.352844,-0.351005,-0.348789,-0.346218,-0.343292,-0.339989,-0.336267,-0.332072,-0.327334,-0.32198,-0.315938,-0.309138,-0.301526,-0.29306,-0.283719,-0.273503,-0.262434,-0.250555,-0.237928,-0.224633,-0.210766,-0.196443,-0.181819,-0.167122,-0.152648
-0.212765,-0.198498,-0.184498,-0.170859,-0.157665,-0.145001,-0.132945,-0.121568,-0.110923,-0.101049,-0.0919599,-0.0836536,-0.0761083,-0.0692877,-0.0631446,-0.0576258,-0.0526772,-0.0482495,-0.0443025,-0.0408095,-0.03776,-0.0351614,-0.0330396,-0.0314379,-0.0304147,-0.0300402,-0.0303923,-0.0315511,-0.0335936,-0.0365869,-0.0405826,-0.04561,-0.0516713,-0.0587371,-0.0667441,-0.0755953,-0.0851629,-0.095294,-0.105819,-0.116563,-0.127356,-0.138044,-0.148501,-0.158634,-0.16839,-0.177755,-0.186752,-0.195441,-0.203907,-0.212253,-0.220597,-0.229055,-0.237733,-0.246724,-0.25609,-0.265864,-0.27604,-0.286571,-0.297371,-0.308317,-0.319257,-0.33002,-0.340427,-0.3503,-0.359481,-0.367831,-0.375247,-0.381658,-0.387032,-0.39137,-0.394704,-0.397092,-0.398608,-0.399343,-0.399388,-0.398838,-0.397778,-0.396281,-0.394405,-0.392186,-0.389641,-0.386764,-0.383527,-0.379883,-0.37577,-0.371116,-0.365844,-0.359878,-0.35315,-0.345604,-0.3372,-0.327921,-0.31777,-0.306774,-0.294979,-0.282457,-0.269296,-0.255603,-0.241508,-0.227167,-0.212765,-0.198498
-0.25757,-0.243562,-0.229798,-0.216392,-0.203443,-0.191038,-0.179256,-0.168162,-0.157804,-0.148212,-0.139395,-0.131344,-0.124035,-0.117429,-0.111476,-0.106124,-0.101321,-0.0970199,-0.093186,-0.0897973,-0.0868487,-0.0843534,-0.0823422,-0.0808628,-0.0799768,-0.0797564,-0.0802795,-0.0816249,-0.0838661,-0.087065,-0.0912661,-0.0964903,-0.10273,-0.109945,-0.118063,-0.126977,-0.136553,-0.146632,-0.157045,-0.167618,-0.178187,-0.188608,-0.198766,-0.208581,-0.218011,-0.227056,-0.23575,-0.244161,-0.25238,-0.260517,-0.268687,-0.277005,-0.285574,-0.294477,-0.30377,-0.313473,-0.323569,-0.334001,-0.344671,-0.355448,-0.366177,-0.376682,-0.386785,-0.396314,-0.405115,-0.413063,-0.420061,-0.426053,-0.431016,-0.434961,-0.43793,-0.439988,-0.441215,-0.441706,-0.441554,-0.440855,-0.439692,-0.438136,-0.436242,-0.434041,-0.431545,-0.428742,-0.425597,-0.422058,-0.418058,-0.413521,-0.408365,-0.402512,-0.395895,-0.388456,-0.380159,-0.370987,-0.360949,-0.350074,-0.338416,-0.32605,-0.313071,-0.299593,-0.285747,-0.271685,-0.25757,-0.243562
-0.30144,-0.287736,-0.274272,-0.261165,-0.248521,-0.23643,-0.22497,-0.2142,-0.204164,-0.194886,-0.186369,-0.178601,-0.171551,-0.165179,-0.159435,-0.154266,-0.149623,-0.145463,-0.141754,-0.13848,-0.135641,-0.133256,-0.131361,-0.130006,-0.129258,-0.129188,-0.129875,-0.131397,-0.133821,-0.137205,-0.141586,-0.146976,-0.153357,-0.160681,-0.168864,-0.177792,-0.187324,-0.197299,-0.207547,-0.217899,-0.228197,-0.238307,-0.248125,-0.257584,-0.266656,-0.275351,-0.283715,-0.291822,-0.299771,-0.307671,-0.31564,-0.323788,-0.332214,-0.340993,-0.35017,-0.359758,-0.369726,-0.380008,-0.390497,-0.401055,-0.41152,-0.421719,-0.431474,-0.440619,-0.449008,-0.456524,-0.463084,-0.46864,-0.473181,-0.476729,-0.479333,-0.481064,-0.482009,-0.482265,-0.481928,-0.481093,-0.479843,-0.478247,-0.476355,-0.474194,-0.47177,-0.469066,-0.46604,-0.462636,-0.45878,-0.454392,-0.449387,-0.443687,-0.437219,-0.42993,-0.421784,-0.412767,-0.402889,-0.392185,-0.380712,-0.36855,-0.355798,-0.342574,-0.329008,-0.315246,-0.30144,-0.287736
-0.344255,-0.3309,-0.317787,-0.305034,-0.292748,-0.281021,-0.269925,-0.259519,-0.249839,-0.240905,-0.232716,-0.225253,-0.218484,-0.212365,-0.206845,-0.201875,-0.197405,-0.193396,-0.189822,-0.186671,-0.183949,-0.18168,-0.179903,-0.178674,-0.17806,-0.178135,-0.178977,-0.18066,-0.18325,-0.186796,-0.191328,-0.19685,-0.203335,-0.210725,-0.218926,-0.227818,-0.237255,-0.247075,-0.257108,-0.26719,-0.277172,-0.286929,-0.29637,-0.30544,-0.314124,-0.322442,-0.33045,-0.338229,-0.345881,-0.353519,-0.361257,-0.369204,-0.377452,-0.386068,-0.395089,-0.404516,-0.414309,-0.42439,-0.434646,-0.444934,-0.455089,-0.464936,-0.474302,-0.483027,-0.490974,-0.498035,-0.504138,-0.509247,-0.513361,-0.516509,-0.518749,-0.520159,-0.52083,-0.520862,-0.520353,-0.519398,-0.518078,-0.51646,-0.514589,-0.51249,-0.510162,-0.507582,-0.504703,-0.501463,-0.497783,-0.493579,-0.488762,-0.483251,-0.476975,-0.469879,-0.461928,-0.453111,-0.443442,-0.432957,-0.421717,-0.409807,-0.397327,-0.384396,-0.371146,-0.357717,-0.344255,-0.3309
-0.385885,-0.372922,-0.360206,-0.347856,-0.335976,-0.324654,-0.313964,-0.303956,-0.294665,-0.286104,-0.278266,-0.271131,-0.264661,-0.258812,-0.253532,-0.248772,-0.244486,-0.240639,-0.237208,-0.234186,-0.231586,-0.229434,-0.227776,-0.226671,-0.226187,-0.226399,-0.227384,-0.229212,-0.231946,-0.235628,-0.240281,-0.2459,-0.252448,-0.259859,-0.268031,-0.276838,-0.286131,-0.295745,-0.305514,-0.315281,-0.324905,-0.334271,-0.343301,-0.351952,-0.36022,-0.368136,-0.375763,-0.383189,-0.39052,-0.397868,-0.405347,-0.413061,-0.421096,-0.42951,-0.438331,-0.44755,-0.457119,-0.466951,-0.476926,-0.486895,-0.496693,-0.506147,-0.515087,-0.523361,-0.53084,-0.537428,-0.543061,-0.547714,-0.551395,-0.554144,-0.556025,-0.557121,-0.557528,-0.557347,-0.55668,-0.55562,-0.554247,-0.552625,-0.550796,-0.548781,-0.546572,-0.544142,-0.541438,-0.538392,-0.534921,-0.530934,-0.526343,-0.521061,-0.515018,-0.508158,-0.500447,-0.491877,-0.482463,-0.472245,-0.461287,-0.449675,-0.437511,-0.424917,-0.412021,-0.398964,-0.385885,-0.372922
-0.426195,-0.413667,-0.401392,-0.389487,-0.378054,-0.367179,-0.35693,-0.347354,-0.338481,-0.330317,-0.322855,-0.316066,-0.309913,-0.304348,-0.299321,-0.294782,-0.29069,-0.287011,-0.283729,-0.280841,-0.278365,-0.276332,-0.274792,-0.273805,-0.273444,-0.273782,-0.274895,-0.27685,-0.279704,-0.283494,-0.288235,-0.293913,-0.300484,-0.307871,-0.315968,-0.324641,-0.33374,-0.343101,-0.352562,-0.361971,-0.371198,-0.380138,-0.388726,-0.396929,-0.404755,-0.412245,-0.419468,-0.426518,-0.433503,-0.440534,-0.447725,-0.455172,-0.462956,-0.471128,-0.479706,-0.488672,-0.49797,-0.507504,-0.51715,-0.526756,-0.536155,-0.545177,-0.553659,-0.561455,-0.568446,-0.574543,-0.579696,-0.583888,-0.587137,-0.58949,-0.591017,-0.591807,-0.59196,-0.59158,-0.590768,-0.589618,-0.588209,-0.586602,-0.584835,-0.582925,-0.580859,-0.578604,-0.576103,-0.573281,-0.570051,-0.566317,-0.561988,-0.556975,-0.551206,-0.544626,-0.537201,-0.528925,-0.519813,-0.509909,-0.499279,-0.488011,-0.476209,-0.463994,-0.451495,-0.43885,-0.426195,-0.413667
-0.465049,-0.452996,-0.441202,-0.429783,-0.418835,-0.408443,-0.398668,-0.389554,-0.381125,-0.373384,-0.366316,-0.359892,-0.35407,-0.348803,-0.344038,-0.33973,-0.335838,-0.332334,-0.329205,-0.326455,-0.324103,-0.322188,-0.320761,-0.319888,-0.319639,-0.32009,-0.321313,-0.323374,-0.326323,-0.330191,-0.334986,-0.340685,-0.347236,-0.354555,-0.362529,-0.371022,-0.379881,-0.388944,-0.398054,-0.407066,-0.41586,-0.424343,-0.43246,-0.44019,-0.447551,-0.454592,-0.461389,-0.46804,-0.474653,-0.481341,-0.488211,-0.495359,-0.502855,-0.510744,-0.519036,-0.527704,-0.536684,-0.545874,-0.555146,-0.564346,-0.573308,-0.581865,-0.589861,-0.597156,-0.60364,-0.609237,-0.613903,-0.617632,-0.62045,-0.62241,-0.623591,-0.624085,-0.623995,-0.623428,-0.622486,-0.621261,-0.619832,-0.618257,-0.616572,-0.614787,-0.612888,-0.610834,-0.608562,-0.605994,-0.603037,-0.599592,-0.595562,-0.590858,-0.585405,-0.579148,-0.572054,-0.564116,-0.555354,-0.545811,-0.535556,-0.524678,-0.513283,-0.50149,-0.48943,-0.477238,-0.465049,-0.452996
-0.50231,-0.490771,-0.479498,-0.4686,-0.458174,-0.448296,-0.439026,-0.430401,-0.422441,-0.415142,-0.408488,-0.402444,-0.396967,-0.392007,-0.387515,-0.383445,-0.379759,-0.376434,-0.373461,-0.370848,-0.36862,-0.366819,-0.365501,-0.364731,-0.364584,-0.365132,-0.366448,-0.368591,-0.371607,-0.375522,-0.380335,-0.386016,-0.392505,-0.399712,-0.407519,-0.415786,-0.42436,-0.433083,-0.441802,-0.450382,-0.458711,-0.466709,-0.474329,-0.481563,-0.488437,-0.495008,-0.501357,-0.507585,-0.513802,-0.520118,-0.526638,-0.533451,-0.540622,-0.548188,-0.556151,-0.564477,-0.573094,-0.581897,-0.590753,-0.599508,-0.607999,-0.616062,-0.623546,-0.630321,-0.636287,-0.641374,-0.64555,-0.648816,-0.651207,-0.652782,-0.653625,-0.653833,-0.653512,-0.65277,-0.651711,-0.650426,-0.648993,-0.647467,-0.645882,-0.644243,-0.642531,-0.640702,-0.638687,-0.636402,-0.63375,-0.630627,-0.626933,-0.622577,-0.617481,-0.61159,-0.604872,-0.597319,-0.588952,-0.579817,-0.569984,-0.559541,-0.548597,-0.53727,-0.525691,-0.513993,-0.50231,-0.490771
-0.537842,-0.526855,-0.516138,-0.505798,-0.495924,-0.486592,-0.477853,-0.469742,-0.462272,-0.455435,-0.44921,-0.44356,-0.438438,-0.433796,-0.429583,-0.425756,-0.422281,-0.419138,-0.416321,-0.413845,-0.411738,-0.410047,-0.40883,-0.408154,-0.408094,-0.408723,-0.41011,-0.41231,-0.415365,-0.419294,-0.424089,-0.429713,-0.436098,-0.44315,-0.450745,-0.458743,-0.466992,-0.475336,-0.483629,-0.491745,-0.49958,-0.507066,-0.514167,-0.520884,-0.527251,-0.533332,-0.539213,-0.544996,-0.550791,-0.556707,-0.562846,-0.56929,-0.576099,-0.583301,-0.590894,-0.598834,-0.607047,-0.615421,-0.623823,-0.632099,-0.640087,-0.64763,-0.654583,-0.660825,-0.666262,-0.670835,-0.67452,-0.677326,-0.679295,-0.680493,-0.681007,-0.680939,-0.680399,-0.679494,-0.67833,-0.676999,-0.675576,-0.674115,-0.672646,-0.671173,-0.66967,-0.668088,-0.666356,-0.664382,-0.662065,-0.659299,-0.655978,-0.652008,-0.64731,-0.641828,-0.635529,-0.628405,-0.62048,-0.611798,-0.602431,-0.592469,-0.582019,-0.571201,-0.560145,-0.548981,-0.537842,-0.526855
-0.571512,-0.561112,-0.550985,-0.541234,-0.531944,-0.523183,-0.515001,-0.507426,-0.500465,-0.494107,-0.488325,-0.48308,-0.478324,-0.474007,-0.47008,-0.466501,-0.463239,-0.460278,-0.457618,-0.455277,-0.453287,-0.451699,-0.450573,-0.44998,-0.449992,-0.450683,-0.452117,-0.454349,-0.457414,-0.461323,-0.466063,-0.47159,-0.477832,-0.484687,-0.49203,-0.499719,-0.507603,-0.515533,-0.523368,-0.53099,-0.538307,-0.545258,-0.551819,-0.558,-0.563841,-0.569413,-0.574805,-0.580121,-0.58547,-0.590959,-0.596685,-0.602726,-0.609135,-0.615936,-0.623118,-0.630633,-0.6384,-0.646309,-0.654221,-0.661986,-0.669446,-0.676448,-0.682854,-0.688551,-0.693454,-0.697511,-0.700707,-0.703058,-0.704612,-0.705441,-0.705636,-0.705304,-0.704554,-0.703499,-0.702242,-0.700877,-0.699477,-0.698095,-0.696759,-0.695467,-0.694192,-0.69288,-0.691454,-0.689818,-0.687867,-0.685489,-0.682576,-0.67903,-0.67477,-0.669739,-0.663901,-0.657252,-0.649812,-0.641628,-0.632772,-0.623333,-0.613421,-0.603154,-0.592659,-0.582069,-0.571512,-0.561112
-0.603187,-0.593409,-0.583904,-0.574771,-0.566091,-0.557928,-0.550325,-0.543305,-0.536871,-0.531006,-0.52568,-0.520851,-0.516469,-0.512483,-0.508846,-0.505518,-0.502471,-0.499693,-0.497188,-0.494977,-0.493099,-0.491606,-0.490561,-0.490036,-0.490104,-0.490836,-0.492296,-0.494532,-0.497575,-0.501432,-0.506081,-0.511474,-0.517533,-0.524151,-0.531203,-0.538545,-0.54603,-0.553513,-0.560862,-0.567965,-0.574741,-0.581138,-0.587141,-0.592769,-0.598068,-0.603113,-0.607996,-0.612822,-0.6177,-0.622734,-0.628017,-0.633622,-0.639596,-0.645958,-0.65269,-0.659742,-0.667028,-0.674435,-0.681827,-0.689055,-0.695964,-0.702408,-0.708255,-0.7134,-0.717765,-0.721308,-0.724019,-0.725922,-0.727069,-0.727538,-0.727425,-0.726838,-0.72589,-0.724694,-0.723355,-0.721967,-0.720602,-0.719311,-0.71812,-0.717025,-0.715996,-0.714973,-0.713875,-0.712603,-0.711046,-0.709087,-0.706616,-0.70353,-0.699747,-0.695207,-0.689873,-0.68374,-0.676829,-0.669186,-0.660883,-0.652011,-0.642677,-0.633,-0.623107,-0.613127,-0.603187,-0.593409
-0.63274,-0.623615,-0.614761,-0.606274,-0.598229,-0.590687,-0.583683,-0.577236,-0.571344,-0.565985,-0.561126,-0.556721,-0.552719,-0.54907,-0.545727,-0.542652,-0.53982,-0.537224,-0.534871,-0.532787,-0.531014,-0.529607,-0.528631,-0.52816,-0.528266,-0.529019,-0.530479,-0.532692,-0.535683,-0.539453,-0.543977,-0.549199,-0.555036,-0.561381,-0.568105,-0.575067,-0.582122,-0.58913,-0.595967,-0.60253,-0.608744,-0.61457,-0.62,-0.625059,-0.6298,-0.634301,-0.638657,-0.642973,-0.647356,-0.651908,-0.656717,-0.661853,-0.667358,-0.673245,-0.679492,-0.686045,-0.692816,-0.699691,-0.706536,-0.713203,-0.719544,-0.725416,-0.730697,-0.735286,-0.739114,-0.742145,-0.744377,-0.745839,-0.746589,-0.746708,-0.746296,-0.745464,-0.744327,-0.743,-0.741588,-0.740186,-0.738865,-0.737676,-0.736642,-0.735757,-0.734988,-0.734271,-0.733523,-0.732638,-0.7315,-0.72999,-0.727993,-0.725402,-0.722133,-0.718122,-0.713333,-0.707757,-0.701416,-0.694357,-0.686648,-0.678383,-0.669667,-0.660619,-0.651364,-0.642029,-0.63274,-0.623615
-0.660046,-0.651603,-0.643428,-0.635612,-0.628226,-0.621324,-0.614938,-0.60908,-0.603743,-0.598902,-0.594518,-0.590545,-0.58693,-0.583622,-0.580575,-0.577754,-0.575138,-0.572721,-0.570517,-0.568554,-0.566878,-0.565547,-0.564628,-0.564195,-0.56432,-0.565072,-0.566508,-0.56867,-0.571578,-0.57523,-0.579593,-0.584609,-0.590191,-0.596227,-0.602591,-0.609142,-0.615739,-0.622247,-0.62855,-0.634554,-0.640192,-0.645432,-0.650275,-0.654751,-0.658919,-0.662861,-0.666671,-0.670456,-0.674321,-0.678365,-0.682673,-0.687309,-0.692312,-0.69769,-0.703419,-0.70944,-0.715667,-0.721983,-0.728257,-0.734345,-0.740103,-0.745395,-0.750103,-0.754135,-0.757429,-0.759954,-0.761715,-0.762745,-0.763106,-0.762886,-0.762185,-0.761117,-0.7598,-0.758349,-0.756873,-0.755463,-0.754194,-0.753114,-0.752246,-0.751582,-0.751085,-0.750691,-0.750308,-0.749831,-0.749137,-0.748103,-0.746609,-0.744547,-0.741826,-0.738382,-0.734175,-0.729197,-0.723466,-0.717028,-0.709955,-0.702335,-0.694275,-0.685892,-0.67731,-0.668654,-0.660046,-0.651603
-0.684986,-0.677253,-0.669782,-0.662659,-0.655952,-0.649709,-0.643957,-0.638702,-0.633932,-0.629619,-0.62572,-0.622185,-0.618961,-0.615997,-0.613248,-0.610682,-0.60828,-0.606041,-0.603981,-0.602134,-0.600546,-0.59928,-0.598404,-0.597993,-0.598118,-0.598847,-0.600234,-0.602318,-0.605114,-0.608615,-0.612786,-0.617562,-0.622855,-0.628553,-0.634526,-0.640638,-0.646753,-0.652741,-0.658492,-0.66392,-0.668968,-0.673611,-0.677855,-0.681737,-0.68532,-0.688687,-0.691935,-0.69517,-0.698495,-0.702005,-0.705784,-0.709892,-0.714362,-0.719201,-0.724381,-0.729842,-0.735497,-0.741232,-0.746916,-0.752409,-0.757574,-0.762279,-0.766413,-0.76989,-0.772654,-0.774681,-0.775979,-0.776587,-0.776571,-0.77602,-0.775039,-0.773744,-0.772254,-0.770687,-0.769151,-0.767739,-0.766527,-0.765562,-0.764866,-0.764431,-0.764216,-0.764155,-0.764154,-0.764101,-0.763873,-0.763339,-0.762377,-0.760872,-0.758733,-0.75589,-0.752302,-0.747958,-0.742875,-0.737098,-0.730696,-0.723758,-0.716389,-0.708705,-0.700829,-0.692883,-0.684986,-0.677253
-0.707446,-0.700446,-0.693702,-0.687294,-0.681285,-0.675717,-0.670613,-0.665974,-0.661783,-0.658006,-0.654598,-0.651507,-0.648678,-0.646061,-0.643612,-0.641301,-0.639112,-0.637048,-0.635128,-0.633389,-0.631881,-0.630669,-0.629822,-0.629416,-0.629523,-0.630206,-0.63152,-0.633498,-0.636154,-0.639475,-0.643422,-0.647928,-0.652902,-0.658231,-0.663789,-0.669439,-0.67505,-0.6805,-0.685685,-0.690526,-0.694973,-0.699008,-0.702643,-0.705921,-0.708907,-0.711687,-0.714358,-0.717024,-0.719787,-0.722742,-0.725966,-0.729518,-0.733428,-0.7377,-0.742304,-0.74718,-0.75224,-0.757373,-0.762451,-0.767339,-0.771903,-0.776018,-0.779579,-0.782506,-0.784748,-0.786284,-0.787129,-0.787325,-0.786942,-0.786071,-0.784819,-0.783304,-0.781648,-0.779969,-0.778377,-0.776967,-0.775814,-0.774967,-0.774446,-0.774244,-0.774318,-0.774599,-0.774991,-0.775379,-0.775633,-0.775621,-0.775215,-0.774296,-0.772768,-0.770558,-0.767623,-0.763947,-0.759547,-0.754466,-0.748771,-0.742549,-0.735905,-0.728953,-0.721812,-0.714604,-0.707446,-0.700446
-0.727316,-0.721074,-0.715077,-0.709402,-0.704107,-0.69923,-0.694788,-0.690775,-0.687171,-0.683938,-0.681028,-0.678386,-0.675957,-0.673689,-0.671541,-0.669485,-0.667508,-0.665615,-0.66383,-0.662191,-0.660755,-0.659585,-0.658754,-0.658337,-0.658405,-0.659022,-0.660238,-0.662085,-0.664572,-0.667685,-0.67138,-0.675588,-0.680216,-0.685152,-0.69027,-0.695439,-0.70053,-0.705428,-0.710034,-0.714278,-0.718116,-0.721536,-0.724556,-0.727221,-0.729601,-0.731781,-0.733861,-0.735942,-0.738125,-0.740502,-0.743148,-0.746119,-0.749445,-0.753124,-0.757128,-0.761396,-0.765842,-0.770358,-0.774818,-0.779093,-0.783052,-0.786578,-0.78957,-0.791952,-0.793679,-0.794736,-0.795139,-0.794935,-0.794195,-0.793012,-0.791498,-0.78977,-0.787952,-0.786164,-0.784519,-0.783111,-0.782017,-0.781288,-0.780943,-0.780975,-0.781341,-0.78197,-0.782763,-0.783602,-0.784354,-0.784882,-0.785052,-0.784744,-0.783854,-0.782307,-0.780055,-0.77708,-0.773396,-0.769043,-0.764087,-0.758614,-0.752725,-0.746533,-0.740156,-0.733712,-0.727316,-0.721074
-0.744497,-0.739031,-0.7338,-0.728875,-0.724309,-0.720136,-0.716366,-0.71299,-0.709982,-0.7073,-0.704894,-0.702705,-0.700678,-0.698762,-0.696916,-0.695115,-0.693348,-0.691623,-0.689968,-0.688425,-0.68705,-0.685911,-0.685082,-0.684637,-0.684649,-0.685178,-0.686273,-0.687964,-0.690258,-0.693136,-0.696552,-0.700437,-0.704695,-0.709217,-0.713876,-0.718547,-0.723104,-0.727439,-0.731459,-0.735099,-0.738322,-0.741122,-0.743521,-0.745567,-0.747332,-0.748904,-0.750379,-0.75186,-0.753446,-0.755226,-0.757274,-0.759643,-0.76236,-0.765425,-0.768809,-0.772451,-0.776268,-0.780154,-0.783988,-0.787644,-0.790998,-0.793937,-0.796365,-0.798211,-0.799434,-0.800022,-0.799995,-0.799401,-0.798314,-0.79683,-0.79506,-0.793125,-0.791149,-0.789255,-0.787555,-0.786149,-0.785112,-0.784497,-0.784326,-0.78459,-0.785248,-0.786226,-0.787425,-0.788722,-0.789983,-0.791065,-0.79183,-0.792152,-0.791924,-0.791066,-0.789525,-0.78728,-0.784341,-0.780746,-0.776559,-0.771862,-0.766756,-0.761352,-0.755764,-0.750108,-0.744497,-0.739031
-0.758893,-0.754222,-0.749773,-0.745612,-0.741789,-0.738331,-0.735243,-0.732513,-0.730108,-0.727984,-0.726086,-0.724355,-0.722734,-0.721172,-0.71963,-0.718083,-0.716524,-0.714966,-0.713436,-0.71198,-0.710659,-0.70954,-0.708699,-0.708211,-0.708148,-0.708569,-0.709523,-0.711035,-0.713111,-0.71573,-0.718844,-0.722383,-0.726251,-0.730339,-0.734525,-0.738684,-0.742698,-0.746461,-0.74989,-0.752922,-0.755528,-0.757705,-0.75948,-0.760903,-0.762047,-0.763001,-0.763861,-0.76473,-0.765703,-0.76687,-0.768301,-0.770049,-0.772139,-0.774572,-0.777318,-0.78032,-0.783495,-0.786742,-0.789944,-0.79298,-0.795731,-0.798087,-0.799959,-0.801279,-0.802009,-0.80214,-0.801695,-0.800723,-0.7993,-0.797523,-0.795504,-0.793366,-0.791235,-0.789235,-0.78748,-0.78607,-0.785085,-0.784579,-0.784576,-0.785067,-0.786012,-0.787337,-0.788942,-0.790702,-0.792478,-0.794124,-0.795498,-0.796467,-0.796921,-0.796774,-0.795968,-0.794478,-0.792311,-0.789501,-0.786109,-0.782215,-0.777917,-0.773324,-0.768547,-0.763701,-0.758893,-0.754222
-0.770421,-0.76656,-0.762906,-0.759522,-0.756452,-0.753719,-0.751322,-0.749245,-0.74745,-0.74589,-0.744505,-0.743236,-0.742024,-0.740819,-0.739582,-0.73829,-0.73694,-0.735544,-0.734135,-0.732761,-0.731485,-0.730376,-0.72951,-0.728965,-0.728809,-0.729105,-0.729896,-0.731208,-0.733045,-0.735383,-0.738175,-0.741348,-0.744809,-0.748449,-0.752148,-0.755786,-0.75925,-0.762438,-0.765272,-0.767696,-0.769684,-0.771237,-0.772386,-0.773184,-0.773703,-0.774033,-0.774271,-0.774516,-0.774865,-0.775404,-0.776203,-0.777314,-0.778762,-0.780547,-0.782642,-0.784991,-0.787516,-0.790118,-0.792686,-0.795103,-0.797254,-0.799035,-0.800359,-0.801164,-0.801413,-0.801101,-0.800249,-0.798911,-0.797163,-0.795101,-0.792841,-0.790504,-0.788218,-0.78611,-0.784296,-0.782878,-0.781938,-0.781532,-0.781687,-0.782397,-0.783621,-0.785288,-0.787294,-0.789516,-0.791809,-0.794026,-0.796017,-0.797647,-0.798799,-0.79938,-0.79933,-0.798618,-0.797245,-0.795244,-0.792669,-0.789601,-0.786134,-0.782372,-0.778427,-0.774408,-0.770421,-0.76656
-0.779003,-0.775965,-0.773118,-0.770521,-0.768214,-0.766214,-0.764516,-0.763098,-0.76192,-0.760928,-0.760062,-0.75926,-0.758461,-0.757615,-0.756685,-0.755649,-0.754506,-0.753271,-0.75198,-0.750683,-0.749444,-0.748335,-0.747433,-0.746816,-0.746553,-0.746705,-0.747315,-0.748409,-0.749987,-0.752026,-0.754477,-0.757268,-0.760308,-0.763487,-0.766691,-0.769802,-0.772711,-0.775323,-0.777563,-0.77938,-0.780752,-0.781684,-0.782208,-0.78238,-0.782272,-0.781975,-0.781584,-0.781199,-0.780913,-0.780813,-0.780968,-0.781428,-0.782221,-0.783347,-0.784781,-0.786469,-0.788338,-0.790292,-0.792226,-0.794027,-0.795584,-0.796799,-0.797587,-0.797889,-0.79767,-0.796926,-0.795682,-0.79399,-0.791926,-0.789588,-0.787091,-0.784558,-0.78212,-0.779901,-0.778023,-0.776588,-0.775683,-0.775367,-0.775668,-0.776584,-0.778076,-0.780074,-0.782474,-0.785151,-0.78796,-0.790748,-0.793362,-0.795661,-0.797522,-0.798847,-0.799568,-0.799651,-0.799092,-0.797918,-0.796182,-0.793959,-0.79134,-0.788429,-0.785331,-0.782155,-0.779003,-0.775965
-0.784573,-0.782368,-0.780338,-0.778537,-0.777,-0.77574,-0.774747,-0.773995,-0.773438,-0.77302,-0.772677,-0.772345,-0.771963,-0.77148,-0.77086,-0.770082,-0.769147,-0.768072,-0.766896,-0.765671,-0.764462,-0.763345,-0.762397,-0.761696,-0.761312,-0.761304,-0.761718,-0.762575,-0.763877,-0.765601,-0.767696,-0.770093,-0.772699,-0.77541,-0.778113,-0.780694,-0.783048,-0.785085,-0.786733,-0.787948,-0.788708,-0.789023,-0.788926,-0.788474,-0.78774,-0.786814,-0.785791,-0.784769,-0.783842,-0.783095,-0.782596,-0.782398,-0.782526,-0.782984,-0.783749,-0.784772,-0.785982,-0.787289,-0.788591,-0.789781,-0.790753,-0.79141,-0.791674,-0.791486,-0.790813,-0.789653,-0.788029,-0.785993,-0.783624,-0.781018,-0.77829,-0.775565,-0.772971,-0.77064,-0.76869,-0.76723,-0.766349,-0.766108,-0.766541,-0.767647,-0.769392,-0.771706,-0.774488,-0.777611,-0.780928,-0.784284,-0.78752,-0.790491,-0.793068,-0.795145,-0.796651,-0.797543,-0.797813,-0.797483,-0.796601,-0.795238,-0.793484,-0.791436,-0.7892,-0.786879,-0.784573,-0.782368
-0.787076,-0.785712,-0.784506,-0.783507,-0.782746,-0.78223,-0.781948,-0.781866,-0.781936,-0.782097,-0.782282,-0.782426,-0.782465,-0.782349,-0.782041,-0.781524,-0.780797,-0.779883,-0.77882,-0.777663,-0.77648,-0.775348,-0.774344,-0.773548,-0.77303,-0.77285,-0.773052,-0.773658,-0.774671,-0.776065,-0.777793,-0.779785,-0.78195,-0.784187,-0.786386,-0.788437,-0.790239,-0.791705,-0.792768,-0.793385,-0.793541,-0.793246,-0.792533,-0.791461,-0.790104,-0.78855,-0.786895,-0.785234,-0.783662,-0.782262,-0.781104,-0.78024,-0.779698,-0.779484,-0.779576,-0.779931,-0.780482,-0.781143,-0.781819,-0.782405,-0.782801,-0.782913,-0.782665,-0.782001,-0.780889,-0.779325,-0.777335,-0.774969,-0.772304,-0.769438,-0.766484,-0.763568,-0.760819,-0.758369,-0.756341,-0.754846,-0.753974,-0.753793,-0.754339,-0.755618,-0.757596,-0.760208,-0.763355,-0.766909,-0.770723,-0.774637,-0.778491,-0.782133,-0.785427,-0.788262,-0.790559,-0.792269,-0.793379,-0.793904,-0.793888,-0.793398,-0.79252,-0.791348,-0.789983,-0.788528,-0.787076,-0.785712
-0.786468,-0.78595,-0.785571,-0.785379,-0.785397,-0.785631,-0.786063,-0.786656,-0.787356,-0.788101,-0.788819,-0.789443,-0.789908,-0.790164,-0.790173,-0.78992,-0.789405,-0.788652,-0.787701,-0.786611,-0.78545,-0.784296,-0.783229,-0.782329,-0.781666,-0.781302,-0.781281,-0.781625,-0.782335,-0.78339,-0.784741,-0.78632,-0.78804,-0.789801,-0.791496,-0.793019,-0.794274,-0.795176,-0.795662,-0.795692,-0.795253,-0.794355,-0.793035,-0.791351,-0.789376,-0.787198,-0.784911,-0.782612,-0.780394,-0.77834,-0.77652,-0.774988,-0.773773,-0.772883,-0.772303,-0.771991,-0.771885,-0.771906,-0.771961,-0.771953,-0.771783,-0.771363,-0.770617,-0.769491,-0.767953,-0.766001,-0.763658,-0.760974,-0.758025,-0.754906,-0.751731,-0.748625,-0.74572,-0.743147,-0.741032,-0.739488,-0.738611,-0.738472,-0.739113,-0.740541,-0.742731,-0.745619,-0.749109,-0.753075,-0.757368,-0.761828,-0.766289,-0.770595,-0.774602,-0.778195,-0.781286,-0.783819,-0.785775,-0.787162,-0.788021,-0.788413,-0.788418,-0.788129,-0.787643,-0.787059,-0.786468,-0.78595
-0.782716,-0.783047,-0.783498,-0.784114,-0.784914,-0.7859,-0.787049,-0.788319,-0.789654,-0.790986,-0.792243,-0.793352,-0.794249,-0.794882,-0.795214,-0.795228,-0.794928,-0.794339,-0.793502,-0.792477,-0.791336,-0.790156,-0.78902,-0.788008,-0.787193,-0.786636,-0.786381,-0.786452,-0.786852,-0.787559,-0.788527,-0.789689,-0.790961,-0.792246,-0.793441,-0.794442,-0.795157,-0.795504,-0.795424,-0.794878,-0.793855,-0.792367,-0.79045,-0.788163,-0.785578,-0.782782,-0.77987,-0.776936,-0.774074,-0.771367,-0.768886,-0.766685,-0.764798,-0.763235,-0.761983,-0.761007,-0.76025,-0.759637,-0.759081,-0.758488,-0.757765,-0.756825,-0.755596,-0.754023,-0.752076,-0.74975,-0.747067,-0.744077,-0.740853,-0.73749,-0.734099,-0.730806,-0.727742,-0.725041,-0.72283,-0.721225,-0.720327,-0.72021,-0.720922,-0.722477,-0.724853,-0.727991,-0.731799,-0.736152,-0.740904,-0.74589,-0.750943,-0.7559,-0.760613,-0.764957,-0.768839,-0.772196,-0.774999,-0.777252,-0.778989,-0.780266,-0.781159,-0.781757,-0.782154,-0.782444,-0.782716,-0.783047
-0.775802,-0.776981,-0.778262,-0.779685,-0.781268,-0.783005,-0.784872,-0.786823,-0.788796,-0.79072,-0.79252,-0.79412,-0.795455,-0.796471,-0.797131,-0.797419,-0.797339,-0.796917,-0.796196,-0.795238,-0.794115,-0.792907,-0.791698,-0.79057,-0.789596,-0.788838,-0.788342,-0.788134,-0.788217,-0.78857,-0.789151,-0.789895,-0.79072,-0.791532,-0.792232,-0.79272,-0.792905,-0.792709,-0.792075,-0.790968,-0.789374,-0.787309,-0.784809,-0.78193,-0.778745,-0.775342,-0.771811,-0.76825,-0.764749,-0.761393,-0.758255,-0.75539,-0.752833,-0.7506,-0.748683,-0.747049,-0.745647,-0.744409,-0.743251,-0.742086,-0.740822,-0.739377,-0.737679,-0.735674,-0.733333,-0.730648,-0.72764,-0.724357,-0.720868,-0.717268,-0.713667,-0.710189,-0.706965,-0.70413,-0.701813,-0.700135,-0.699198,-0.699083,-0.699843,-0.701498,-0.704031,-0.707391,-0.711488,-0.716201,-0.721383,-0.726872,-0.732495,-0.738086,-0.74349,-0.748576,-0.753241,-0.757415,-0.761062,-0.76418,-0.766794,-0.768956,-0.770738,-0.772224,-0.773503,-0.774668,-0.775802,-0.776981
-0.76572,-0.767743,-0.76985,-0.772078,-0.774441,-0.77693,-0.779515,-0.782147,-0.78476,-0.787281,-0.789628,-0.791726,-0.793506,-0.794912,-0.795907,-0.796476,-0.796622,-0.796372,-0.795771,-0.794882,-0.793778,-0.792542,-0.791258,-0.79001,-0.788872,-0.787909,-0.787168,-0.786675,-0.786436,-0.786434,-0.786626,-0.786953,-0.787334,-0.787679,-0.787892,-0.787877,-0.787544,-0.78682,-0.785648,-0.783994,-0.781847,-0.779221,-0.776152,-0.772696,-0.768926,-0.764926,-0.760789,-0.756609,-0.752478,-0.748481,-0.744692,-0.741169,-0.73795,-0.735055,-0.732478,-0.730194,-0.728158,-0.726304,-0.724557,-0.722831,-0.721041,-0.719105,-0.716954,-0.714533,-0.711813,-0.708784,-0.705465,-0.701901,-0.69816,-0.694331,-0.690525,-0.686864,-0.683479,-0.680504,-0.678073,-0.676307,-0.675314,-0.675179,-0.675962,-0.677689,-0.68035,-0.683899,-0.688252,-0.693292,-0.698875,-0.704837,-0.711004,-0.717206,-0.723281,-0.729092,-0.734527,-0.739508,-0.743991,-0.747967,-0.751453,-0.754497,-0.757164,-0.759533,-0.761691,-0.763726,-0.76572,-0.767743
-0.752477,-0.755338,-0.758266,-0.761294,-0.764432,-0.767669,-0.770971,-0.774285,-0.77754,-0.78066,-0.78356,-0.786162,-0.788393,-0.790197,-0.791536,-0.792393,-0.792772,-0.792701,-0.792226,-0.791409,-0.790328,-0.789064,-0.787706,-0.786337,-0.785034,-0.783863,-0.782873,-0.782094,-0.781532,-0.781173,-0.780979,-0.780891,-0.780834,-0.780721,-0.780457,-0.779951,-0.779116,-0.777879,-0.776186,-0.774004,-0.771321,-0.768153,-0.764533,-0.760517,-0.756177,-0.751595,-0.746865,-0.742079,-0.73733,-0.732703,-0.728274,-0.724102,-0.72023,-0.716682,-0.713456,-0.710533,-0.707873,-0.705416,-0.703092,-0.70082,-0.698517,-0.696106,-0.693517,-0.690697,-0.687613,-0.684255,-0.68064,-0.676808,-0.672824,-0.668776,-0.664771,-0.66093,-0.657382,-0.654264,-0.651709,-0.649843,-0.648776,-0.648601,-0.649381,-0.65115,-0.653907,-0.65761,-0.662184,-0.667515,-0.673463,-0.679864,-0.686544,-0.693327,-0.700049,-0.706562,-0.712749,-0.718521,-0.723828,-0.728649,-0.732998,-0.736915,-0.740458,-0.743703,-0.746733,-0.749631,-0.752477,-0.755338
-0.736097,-0.739786,-0.743525,-0.747345,-0.751253,-0.755233,-0.759249,-0.763242,-0.767141,-0.770862,-0.77432,-0.777431,-0.780122,-0.782332,-0.784024,-0.785177,-0.785799,-0.785914,-0.785572,-0.784834,-0.78378,-0.782493,-0.781062,-0.779573,-0.778105,-0.776726,-0.775488,-0.774421,-0.773538,-0.772824,-0.772247,-0.771751,-0.771264,-0.770701,-0.769974,-0.768991,-0.767669,-0.765938,-0.763743,-0.761053,-0.757855,-0.754164,-0.750014,-0.745457,-0.740566,-0.735421,-0.730114,-0.724737,-0.719384,-0.714141,-0.709085,-0.704277,-0.699766,-0.695576,-0.691713,-0.688164,-0.684893,-0.681846,-0.678959,-0.676155,-0.673355,-0.670484,-0.667473,-0.664269,-0.660838,-0.657168,-0.65327,-0.649183,-0.644969,-0.640711,-0.636513,-0.632495,-0.628786,-0.62552,-0.622833,-0.620854,-0.619696,-0.619458,-0.62021,-0.621992,-0.62481,-0.628631,-0.633387,-0.63897,-0.645244,-0.652046,-0.659202,-0.666534,-0.673871,-0.68106,-0.687973,-0.694516,-0.700627,-0.706279,-0.711476,-0.716251,-0.720659,-0.724768,-0.728658,-0.732409,-0.736097,-0.739786
-0.716617,-0.72112,-0.725659,-0.73026,-0.734928,-0.739644,-0.744368,-0.749039,-0.753581,-0.757906,-0.761926,-0.765552,-0.76871,-0.771336,-0.773389,-0.77485,-0.775723,-0.776035,-0.775834,-0.775183,-0.774162,-0.772857,-0.771357,-0.769752,-0.768122,-0.766537,-0.765052,-0.763701,-0.762498,-0.761435,-0.760481,-0.759584,-0.758676,-0.757677,-0.756499,-0.755056,-0.753266,-0.75106,-0.748385,-0.745208,-0.741518,-0.737327,-0.732668,-0.727593,-0.722171,-0.716483,-0.710619,-0.704671,-0.698731,-0.692889,-0.687221,-0.681793,-0.676656,-0.67184,-0.667356,-0.663194,-0.659326,-0.655705,-0.65227,-0.648949,-0.645668,-0.642353,-0.638936,-0.635365,-0.631603,-0.627634,-0.62347,-0.619142,-0.614708,-0.61025,-0.605868,-0.601677,-0.597806,-0.59439,-0.591565,-0.58946,-0.588196,-0.587874,-0.588571,-0.590335,-0.593181,-0.597084,-0.601981,-0.607774,-0.61433,-0.621491,-0.629083,-0.636925,-0.644841,-0.652672,-0.660284,-0.66757,-0.674462,-0.680922,-0.686948,-0.692564,-0.697819,-0.702777,-0.707512,-0.712101,-0.716617,-0.72112
-0.694089,-0.699391,-0.704714,-0.710082,-0.715498,-0.720941,-0.726366,-0.73171,-0.736892,-0.741823,-0.746407,-0.750555,-0.754187,-0.757238,-0.759663,-0.761443,-0.762579,-0.763098,-0.763048,-0.762494,-0.761515,-0.760198,-0.758637,-0.75692,-0.755132,-0.753346,-0.751618,-0.749987,-0.748471,-0.747065,-0.745741,-0.744453,-0.743136,-0.741713,-0.740102,-0.738216,-0.735978,-0.733319,-0.730186,-0.726546,-0.722388,-0.717722,-0.712578,-0.707009,-0.701081,-0.694872,-0.688472,-0.681973,-0.675468,-0.669046,-0.662785,-0.656756,-0.651011,-0.645585,-0.640496,-0.635738,-0.63129,-0.62711,-0.623143,-0.619322,-0.615576,-0.611833,-0.608028,-0.604105,-0.600028,-0.595778,-0.59136,-0.586805,-0.582166,-0.577518,-0.572958,-0.5686,-0.564571,-0.561003,-0.558033,-0.555793,-0.554407,-0.553981,-0.554598,-0.556315,-0.559154,-0.563098,-0.568096,-0.574055,-0.580848,-0.588323,-0.596305,-0.604613,-0.613068,-0.621503,-0.629777,-0.637776,-0.645419,-0.652661,-0.659491,-0.665926,-0.672007,-0.677793,-0.683354,-0.688763,-0.694089,-0.699391
-0.668581,-0.674662,-0.68075,-0.686869,-0.693018,-0.699175,-0.705292,-0.711302,-0.717122,-0.722656,-0.727809,-0.732484,-0.736597,-0.740082,-0.742891,-0.745001,-0.746412,-0.74715,-0.747263,-0.746816,-0.745889,-0.744571,-0.742956,-0.741135,-0.739197,-0.737215,-0.735251,-0.733347,-0.731525,-0.729783,-0.7281,-0.726431,-0.724719,-0.722888,-0.72086,-0.718552,-0.715886,-0.712796,-0.709229,-0.705152,-0.700552,-0.695436,-0.689836,-0.683798,-0.677389,-0.670685,-0.663775,-0.656749,-0.649701,-0.642721,-0.63589,-0.629279,-0.622946,-0.616931,-0.611255,-0.60592,-0.600909,-0.596188,-0.591706,-0.587402,-0.583207,-0.579054,-0.574875,-0.570618,-0.566242,-0.561726,-0.557071,-0.552303,-0.54747,-0.542644,-0.537916,-0.533398,-0.529212,-0.525492,-0.522373,-0.519989,-0.518468,-0.517919,-0.518433,-0.520074,-0.522871,-0.52682,-0.531875,-0.537954,-0.544937,-0.552676,-0.561,-0.569726,-0.578674,-0.587671,-0.596567,-0.60524,-0.613601,-0.621594,-0.629199,-0.636425,-0.643307,-0.649897,-0.656261,-0.662467,-0.668581,-0.674662
-0.640178,-0.647013,-0.653844,-0.660693,-0.667559,-0.674414,-0.68121,-0.687878,-0.694329,-0.700466,-0.706187,-0.711393,-0.715996,-0.719925,-0.723128,-0.72558,-0.727279,-0.72825,-0.728539,-0.728212,-0.727349,-0.72604,-0.724381,-0.722467,-0.720386,-0.718218,-0.716026,-0.713858,-0.711738,-0.709671,-0.707639,-0.705604,-0.70351,-0.701289,-0.698862,-0.696151,-0.693081,-0.689584,-0.685609,-0.681121,-0.676105,-0.670569,-0.664539,-0.658061,-0.651199,-0.644028,-0.636634,-0.629108,-0.621544,-0.61403,-0.606653,-0.599484,-0.592586,-0.586002,-0.57976,-0.573868,-0.568314,-0.56307,-0.558091,-0.553321,-0.548696,-0.544148,-0.539614,-0.535039,-0.53038,-0.525614,-0.520737,-0.515771,-0.510758,-0.505765,-0.50088,-0.496208,-0.491871,-0.488,-0.484729,-0.482195,-0.480526,-0.479838,-0.480227,-0.481763,-0.484487,-0.488401,-0.493471,-0.499624,-0.506747,-0.5147,-0.523313,-0.532408,-0.541798,-0.551309,-0.560783,-0.570089,-0.579127,-0.587835,-0.596181,-0.604166,-0.611818,-0.619184,-0.626322,-0.633299,-0.640178,-0.647013
-0.608977,-0.616539,-0.624088,-0.631644,-0.639203,-0.646739,-0.6542,-0.661513,-0.668589,-0.675324,-0.681614,-0.687354,-0.692452,-0.696833,-0.700442,-0.703248,-0.70525,-0.706468,-0.706947,-0.706754,-0.705968,-0.704682,-0.702992,-0.700995,-0.698783,-0.696438,-0.694029,-0.691607,-0.689201,-0.686821,-0.684453,-0.682065,-0.679606,-0.677011,-0.674205,-0.671114,-0.667661,-0.663783,-0.659426,-0.654555,-0.649153,-0.643225,-0.636795,-0.629908,-0.622623,-0.615014,-0.607166,-0.599169,-0.591115,-0.583096,-0.575198,-0.567498,-0.560059,-0.55293,-0.546145,-0.539717,-0.533641,-0.527894,-0.522438,-0.517221,-0.512182,-0.507258,-0.502385,-0.497508,-0.492583,-0.487583,-0.4825,-0.47735,-0.472171,-0.467025,-0.461993,-0.457177,-0.452695,-0.448675,-0.445252,-0.442563,-0.440737,-0.439895,-0.440138,-0.441544,-0.444163,-0.448006,-0.453049,-0.459229,-0.466443,-0.474555,-0.483405,-0.492813,-0.502593,-0.512566,-0.522567,-0.532459,-0.542132,-0.551512,-0.560561,-0.569269,-0.577657,-0.585764,-0.593646,-0.601363,-0.608977,-0.616539
-0.575093,-0.583351,-0.591588,-0.599824,-0.608053,-0.616247,-0.624354,-0.632299,-0.639988,-0.647315,-0.654171,-0.660448,-0.666047,-0.670888,-0.674913,-0.678087,-0.680404,-0.681884,-0.682569,-0.682525,-0.681832,-0.680583,-0.678875,-0.676808,-0.674478,-0.671969,-0.669355,-0.666691,-0.664011,-0.661331,-0.658642,-0.655917,-0.653109,-0.650159,-0.646995,-0.643545,-0.639735,-0.635501,-0.630789,-0.625563,-0.619805,-0.613516,-0.606718,-0.599452,-0.591776,-0.583762,-0.575491,-0.567053,-0.558542,-0.550047,-0.541658,-0.533453,-0.5255,-0.517853,-0.510549,-0.503609,-0.497033,-0.490804,-0.484891,-0.479245,-0.473811,-0.468528,-0.463334,-0.458172,-0.452997,-0.44778,-0.442507,-0.437189,-0.431859,-0.426572,-0.421405,-0.416455,-0.411835,-0.407672,-0.404098,-0.40125,-0.39926,-0.398251,-0.398331,-0.399584,-0.402068,-0.405805,-0.41078,-0.416941,-0.424195,-0.432416,-0.441446,-0.451109,-0.461222,-0.471602,-0.482078,-0.492504,-0.502762,-0.51277,-0.522478,-0.531868,-0.540952,-0.549765,-0.558354,-0.566778,-0.575093,-0.583351
-0.538656,-0.547575,-0.556467,-0.565351,-0.574221,-0.583049,-0.591781,-0.60034,-0.608629,-0.616539,-0.623957,-0.630769,-0.636873,-0.642182,-0.646633,-0.650187,-0.652835,-0.654591,-0.655499,-0.65562,-0.655036,-0.653839,-0.652129,-0.650008,-0.647573,-0.644915,-0.642109,-0.639217,-0.636277,-0.633311,-0.630317,-0.627271,-0.624133,-0.620847,-0.617346,-0.61356,-0.609417,-0.604853,-0.599815,-0.594264,-0.58818,-0.581562,-0.574429,-0.566818,-0.558784,-0.550397,-0.541737,-0.532892,-0.523954,-0.515016,-0.506167,-0.497487,-0.489049,-0.480911,-0.473116,-0.465688,-0.458635,-0.451948,-0.445598,-0.439544,-0.433734,-0.42811,-0.422612,-0.417183,-0.411775,-0.406356,-0.400909,-0.395439,-0.389972,-0.384559,-0.37927,-0.374197,-0.369449,-0.365149,-0.361427,-0.35842,-0.356261,-0.355076,-0.354977,-0.356057,-0.358379,-0.361976,-0.366845,-0.372943,-0.380188,-0.388462,-0.397616,-0.407478,-0.417865,-0.428592,-0.439485,-0.45039,-0.461182,-0.471767,-0.482086,-0.492113,-0.501851,-0.511326,-0.520584,-0.529676,-0.538656,-0.547575
-0.499811,-0.509351,-0.518861,-0.528359,-0.537838,-0.547271,-0.556602,-0.565753,-0.574626,-0.583108,-0.59108,-0.598425,-0.605035,-0.610818,-0.615704,-0.619651,-0.622642,-0.624692,-0.625838,-0.626142,-0.625684,-0.624556,-0.622861,-0.620702,-0.618179,-0.615387,-0.612405,-0.609299,-0.606116,-0.60288,-0.599596,-0.596247,-0.592797,-0.589195,-0.585379,-0.58128,-0.57683,-0.571963,-0.566627,-0.560781,-0.554403,-0.547488,-0.540053,-0.532131,-0.523775,-0.515051,-0.506037,-0.496819,-0.48749,-0.478142,-0.468864,-0.459743,-0.450851,-0.442251,-0.433992,-0.426104,-0.4186,-0.411477,-0.404712,-0.398271,-0.392105,-0.38616,-0.380375,-0.374695,-0.369072,-0.363468,-0.357864,-0.352257,-0.34667,-0.341145,-0.335748,-0.330565,-0.325699,-0.321269,-0.317405,-0.31424,-0.31191,-0.310542,-0.310253,-0.311141,-0.313277,-0.316706,-0.321432,-0.327424,-0.334612,-0.342887,-0.352107,-0.362108,-0.372708,-0.383722,-0.394972,-0.406298,-0.417567,-0.428675,-0.439554,-0.450168,-0.460512,-0.470606,-0.480487,-0.490205,-0.499811,-0.509351
-0.458715,-0.468835,-0.478922,-0.488994,-0.499048,-0.509053,-0.518954,-0.528673,-0.538109,-0.547147,-0.555664,-0.563537,-0.570652,-0.576912,-0.582242,-0.586591,-0.589941,-0.592298,-0.5937,-0.594204,-0.59389,-0.592851,-0.591188,-0.589009,-0.586415,-0.583505,-0.580364,-0.577062,-0.573651,-0.570163,-0.566607,-0.562972,-0.55923,-0.555333,-0.551223,-0.546835,-0.542102,-0.53696,-0.531354,-0.525244,-0.518603,-0.511426,-0.503723,-0.495526,-0.486883,-0.477858,-0.468526,-0.458972,-0.449288,-0.439565,-0.429896,-0.420365,-0.411052,-0.402023,-0.393329,-0.385009,-0.377081,-0.369547,-0.362392,-0.355585,-0.349083,-0.342835,-0.336782,-0.33087,-0.325048,-0.319277,-0.313531,-0.307804,-0.302112,-0.296492,-0.291001,-0.285721,-0.280749,-0.276201,-0.272201,-0.268883,-0.266382,-0.264826,-0.264338,-0.265019,-0.26695,-0.270182,-0.274731,-0.280578,-0.287663,-0.295887,-0.305119,-0.315199,-0.325951,-0.337189,-0.348734,-0.36042,-0.372105,-0.383678,-0.395061,-0.406209,-0.417109,-0.427772,-0.43823,-0.448528,-0.458715,-0.468835
-0.415541,-0.426194,-0.436814,-0.447419,-0.458007,-0.468547,-0.478986,-0.489244,-0.499219,-0.508794,-0.517842,-0.526235,-0.533853,-0.540592,-0.54637,-0.551132,-0.554852,-0.557533,-0.559207,-0.559929,-0.559778,-0.558846,-0.557235,-0.555053,-0.552408,-0.549399,-0.546116,-0.542635,-0.539014,-0.535291,-0.531481,-0.527581,-0.523565,-0.519394,-0.515013,-0.510359,-0.505369,-0.499978,-0.494132,-0.487788,-0.480918,-0.473511,-0.465575,-0.457139,-0.448247,-0.438958,-0.429347,-0.419495,-0.409493,-0.399433,-0.389408,-0.379505,-0.369805,-0.360378,-0.351283,-0.34256,-0.334235,-0.326317,-0.318795,-0.311646,-0.30483,-0.298298,-0.291997,-0.28587,-0.279867,-0.273944,-0.268074,-0.262245,-0.256464,-0.250764,-0.245196,-0.239833,-0.234769,-0.230113,-0.225987,-0.222523,-0.219853,-0.218109,-0.217415,-0.217879,-0.219586,-0.222598,-0.226941,-0.232606,-0.239544,-0.247669,-0.256857,-0.266959,-0.2778,-0.289199,-0.300974,-0.312956,-0.324995,-0.336973,-0.348802,-0.360428,-0.371828,-0.383008,-0.393992,-0.404822,-0.415541,-0.426194
-0.370474,-0.38161,-0.392715,-0.403808,-0.414886,-0.425921,-0.436861,-0.447625,-0.458112,-0.468201,-0.477762,-0.486663,-0.494777,-0.501994,-0.508225,-0.513407,-0.517509,-0.520527,-0.522489,-0.523448,-0.523478,-0.522672,-0.521133,-0.51897,-0.516291,-0.513202,-0.509797,-0.506157,-0.502345,-0.498405,-0.49436,-0.490213,-0.485944,-0.48152,-0.476889,-0.471994,-0.466772,-0.461159,-0.455102,-0.448555,-0.441487,-0.433884,-0.425752,-0.417113,-0.408009,-0.398496,-0.388643,-0.378533,-0.368252,-0.357894,-0.347551,-0.337312,-0.327262,-0.317473,-0.308008,-0.298914,-0.290223,-0.281948,-0.274086,-0.266617,-0.259508,-0.252714,-0.246184,-0.239861,-0.233694,-0.227638,-0.221661,-0.215745,-0.209894,-0.204131,-0.198501,-0.193071,-0.18793,-0.183179,-0.178939,-0.175336,-0.172503,-0.170573,-0.169671,-0.169908,-0.171379,-0.174152,-0.178262,-0.183711,-0.190463,-0.198441,-0.207534,-0.217599,-0.22847,-0.239966,-0.251907,-0.264119,-0.276449,-0.288768,-0.300981,-0.313025,-0.324868,-0.336508,-0.347965,-0.359273,-0.370474,-0.38161
-0.32371,-0.335278,-0.346817,-0.358347,-0.369868,-0.381354,-0.392754,-0.403988,-0.414954,-0.42553,-0.435583,-0.444976,-0.453576,-0.461267,-0.467951,-0.47356,-0.478052,-0.481421,-0.483687,-0.484899,-0.48513,-0.484471,-0.483023,-0.480898,-0.478207,-0.475059,-0.471551,-0.46777,-0.463786,-0.459649,-0.455389,-0.451015,-0.446514,-0.441857,-0.436999,-0.431886,-0.426457,-0.42065,-0.41441,-0.407689,-0.400456,-0.392692,-0.384399,-0.375595,-0.366317,-0.356617,-0.346564,-0.336235,-0.325716,-0.3151,-0.304478,-0.293942,-0.283579,-0.273464,-0.263665,-0.254233,-0.245206,-0.236603,-0.228427,-0.220664,-0.213286,-0.206251,-0.199511,-0.193011,-0.186699,-0.180528,-0.174461,-0.168477,-0.162571,-0.156762,-0.151088,-0.145609,-0.140405,-0.135575,-0.131232,-0.127502,-0.124514,-0.122402,-0.121292,-0.121299,-0.122524,-0.12504,-0.128895,-0.1341,-0.140629,-0.148418,-0.157366,-0.16734,-0.17818,-0.189711,-0.201752,-0.214129,-0.226682,-0.239278,-0.251812,-0.264211,-0.276438,-0.28848,-0.300351,-0.312082,-0.32371,-0.335278
-0.275458,-0.287401,-0.29932,-0.311235,-0.323149,-0.335038,-0.346852,-0.358514,-0.369923,-0.380955,-0.391474,-0.40134,-0.410413,-0.41857,-0.425705,-0.431742,-0.436634,-0.440363,-0.442948,-0.44443,-0.44488,-0.444387,-0.443051,-0.440985,-0.438303,-0.435115,-0.431526,-0.427625,-0.423489,-0.419176,-0.41472,-0.410138,-0.405426,-0.400558,-0.395495,-0.390187,-0.384575,-0.3786,-0.372205,-0.365342,-0.357975,-0.350084,-0.341665,-0.332733,-0.323319,-0.313474,-0.30326,-0.292753,-0.282037,-0.271204,-0.260344,-0.249552,-0.238914,-0.228511,-0.218414,-0.208678,-0.199348,-0.190447,-0.181985,-0.173954,-0.166331,-0.159078,-0.152149,-0.145491,-0.139053,-0.132784,-0.126646,-0.12061,-0.114669,-0.108832,-0.103131,-0.0976188,-0.0923695,-0.0874756,-0.0830457,-0.0792006,-0.0760687,-0.0737811,-0.0724661,-0.0722426,-0.0732144,-0.0754635,-0.0790445,-0.0839791,-0.0902531,-0.0978138,-0.106571,-0.116402,-0.127155,-0.138659,-0.150736,-0.163212,-0.175922,-0.188728,-0.201517,-0.214208,-0.226754,-0.239138,-0.251364,-0.263459,-0.275458,-0.287401
-0.225935,-0.238194,-0.250436,-0.262681,-0.274933,-0.287173,-0.299353,-0.311399,-0.32321,-0.334662,-0.345617,-0.355931,-0.365459,-0.37407,-0.381651,-0.388117,-0.393412,-0.397512,-0.400427,-0.402195,-0.402882,-0.402573,-0.40137,-0.399385,-0.396732,-0.393527,-0.389876,-0.385876,-0.38161,-0.377139,-0.372509,-0.36774,-0.362836,-0.357778,-0.352533,-0.347053,-0.341283,-0.335165,-0.328643,-0.321667,-0.314198,-0.306213,-0.297703,-0.28868,-0.27917,-0.269219,-0.258885,-0.248242,-0.237371,-0.226362,-0.215307,-0.204299,-0.193427,-0.182775,-0.172416,-0.162413,-0.152812,-0.143645,-0.134928,-0.126656,-0.118812,-0.111364,-0.104268,-0.0974734,-0.0909276,-0.0845802,-0.0783879,-0.0723197,-0.0663605,-0.0605138,-0.0548042,-0.0492776,-0.0440008,-0.0390602,-0.034559,-0.0306135,-0.0273493,-0.0248963,-0.023383,-0.0229306,-0.023647,-0.0256205,-0.0289135,-0.0335574,-0.0395485,-0.0468458,-0.0553706,-0.0650096,-0.0756202,-0.0870386,-0.0990899,-0.111599,-0.1244,-0.137349,-0.150326,-0.163243,-0.176045,-0.188706,-0.201226,-0.213625,-0.225935,-0.238194
-0.175366,-0.187882,-0.200386,-0.212902,-0.225437,-0.237973,-0.250466,-0.262847,-0.275014,-0.286846,-0.298203,-0.308936,-0.318896,-0.327945,-0.335963,-0.342854,-0.348553,-0.353031,-0.356287,-0.358355,-0.359295,-0.359189,-0.358139,-0.356254,-0.353652,-0.350451,-0.346761,-0.342683,-0.338307,-0.333701,-0.328916,-0.323981,-0.318906,-0.313679,-0.308272,-0.302643,-0.296739,-0.290504,-0.283881,-0.276821,-0.269282,-0.261235,-0.252671,-0.243593,-0.234025,-0.224007,-0.213595,-0.202858,-0.191874,-0.180732,-0.169524,-0.158342,-0.147277,-0.136416,-0.125835,-0.1156,-0.105765,-0.0963652,-0.0874218,-0.0789378,-0.0709002,-0.063281,-0.0560403,-0.0491297,-0.0424967,-0.0360896,-0.0298625,-0.02378,-0.0178212,-0.0119834,-0.00628401,-0.000761598,0.00452402,0.00949315,0.0140485,0.0180782,0.0214603,0.0240668,0.0257695,0.0264454,0.0259834,0.0242898,0.0212949,0.0169582,0.0112732,0.00426987,-0.00398449,-0.0133873,-0.0238051,-0.0350815,-0.0470459,-0.0595244,-0.0723506,-0.0853753,-0.0984736,-0.111551,-0.124543,-0.137416,-0.150166,-0.162806,-0.175366,-0.187882
-0.123984,-0.136694,-0.149399,-0.162126,-0.174883,-0.187657,-0.200409,-0.21307,-0.225545,-0.237712,-0.249431,-0.26055,-0.270916,-0.280383,-0.288823,-0.296131,-0.302234,-0.307092,-0.310697,-0.313077,-0.314285,-0.3144,-0.31352,-0.311757,-0.309228,-0.306051,-0.302343,-0.29821,-0.293745,-0.289024,-0.284105,-0.279025,-0.2738,-0.268425,-0.262878,-0.257122,-0.251107,-0.244779,-0.238083,-0.230966,-0.223386,-0.215311,-0.206725,-0.19763,-0.188042,-0.177998,-0.167548,-0.156758,-0.145705,-0.134474,-0.123155,-0.111842,-0.100626,-0.0895968,-0.0788332,-0.0684057,-0.0583716,-0.048773,-0.039636,-0.0309693,-0.0227652,-0.0150005,-0.00763869,-0.000633803,0.00606588,0.0125129,0.0187557,0.0248337,0.0307731,0.036583,0.0422531,0.047752,0.0530272,0.0580059,0.0625968,0.0666933,0.0701772,0.0729231,0.0748037,0.0756951,0.0754833,0.07407,0.0713791,0.0673618,0.0620017,0.0553183,0.0473674,0.0382411,0.0280627,0.0169811,0.00516142,-0.00722521,-0.020012,-0.0330467,-0.0461996,-0.0593691,-0.0724845,-0.0855056,-0.09842,-0.111238,-0.123984,-0.136694
-0.0720272,-0.0848667,-0.0977104,-0.110585,-0.123502,-0.136454,-0.149405,-0.162291,-0.175021,-0.187474,-0.199511,-0.210978,-0.221717,-0.231577,-0.24042,-0.248134,-0.254635,-0.259874,-0.263834,-0.266534,-0.268023,-0.268375,-0.267685,-0.266062,-0.263625,-0.260496,-0.256791,-0.252624,-0.248091,-0.243277,-0.238245,-0.233041,-0.227686,-0.222184,-0.216518,-0.210655,-0.204552,-0.198155,-0.191411,-0.184265,-0.176674,-0.168602,-0.160029,-0.150951,-0.141381,-0.13135,-0.120904,-0.110104,-0.0990234,-0.0877458,-0.0763601,-0.0649594,-0.0536362,-0.0424803,-0.0315748,-0.0209934,-0.0107979,-0.00103572,0.00826188,0.0170804,0.0254223,0.0333063,0.0407647,0.0478411,0.0545861,0.0610527,0.0672915,0.0733457,0.0792465,0.0850092,0.0906304,0.0960861,0.101331,0.1063,0.110907,0.115051,0.118619,0.121489,0.123533,0.124629,0.124661,0.123525,0.12114,0.11745,0.112429,0.106087,0.0984677,0.0896532,0.0797569,0.0689188,0.057298,0.0450621,0.0323769,0.0193967,0.00625523,-0.00694026,-0.0201125,-0.0332147,-0.0462283,-0.0591583,-0.0720272,-0.0848667
-0.0197363,-0.0326411,-0.0455584,-0.0585167,-0.0715313,-0.0845978,-0.0976865,-0.110739,-0.123666,-0.136353,-0.148659,-0.160431,-0.171508,-0.18173,-0.190954,-0.199057,-0.205946,-0.211562,-0.215879,-0.218907,-0.220687,-0.22129,-0.220805,-0.219341,-0.217017,-0.213955,-0.210275,-0.206094,-0.201516,-0.196629,-0.191506,-0.186197,-0.180733,-0.175124,-0.16936,-0.163413,-0.157243,-0.150801,-0.144033,-0.136885,-0.129311,-0.121272,-0.112745,-0.103719,-0.0942045,-0.084225,-0.0738227,-0.0630545,-0.0519901,-0.0407097,-0.0293011,-0.0178564,-0.00646868,0.00477098,0.015777,0.0264722,0.0367906,0.0466802,0.0561041,0.0650425,0.0734926,0.0814681,0.0889977,0.096122,0.10289,0.109355,0.11557,0.121581,0.127423,0.133119,0.138672,0.144064,0.149258,0.154196,0.158799,0.162972,0.166606,0.169581,0.171775,0.173062,0.173326,0.172461,0.170381,0.167022,0.162351,0.156366,0.149102,0.14063,0.131054,0.120503,0.109132,0.0971021,0.0845781,0.0717148,0.0586492,0.0454933,0.0323304,0.0192132,0.00616631,-0.00681059,-0.0197363,-0.0326411
0.0326441,0.0197393,0.00681354,-0.00616337,-0.0192103,-0.0323274,-0.0454904,-0.0586463,-0.0717119,-0.0845752,-0.0970992,-0.109129,-0.1205,-0.131051,-0.140627,-0.149099,-0.156362,-0.162347,-0.167019,-0.170378,-0.172458,-0.173322,-0.173058,-0.171771,-0.169578,-0.166602,-0.162969,-0.158796,-0.154192,-0.149255,-0.14406,-0.138668,-0.133115,-0.127419,-0.121577,-0.115566,-0.109351,-0.102886,-0.0961178,-0.0889935,-0.081464,-0.0734884,-0.0650382,-0.0560998,-0.0466759,-0.0367863,-0.0264679,-0.0157726,-0.00476662,0.00647305,0.0178608,0.0293055,0.0407141,0.0519944,0.0630588,0.0738271,0.0842293,0.0942088,0.103724,0.112749,0.121276,0.129315,0.136889,0.144037,0.150805,0.157247,0.163417,0.169364,0.175128,0.180737,0.186201,0.19151,0.196633,0.20152,0.206098,0.210279,0.213958,0.217021,0.219345,0.220809,0.221293,0.220691,0.21891,0.215882,0.211565,0.20595,0.19906,0.190957,0.181733,0.171511,0.160434,0.148662,0.136355,0.123669,0.110742,0.0976894,0.0846007,0.0715342,0.0585196,0.0455614,0.0326441,0.0197393
0.0848696,0.0720301,0.0591613,0.0462312,0.0332176,0.0201154,0.0069432,-0.0062523,-0.0193938,-0.032374,-0.0450591,-0.057295,-0.0689158,-0.0797538,-0.0896501,-0.0984645,-0.106083,-0.112426,-0.117446,-0.121137,-0.123521,-0.124657,-0.124626,-0.12353,-0.121485,-0.118616,-0.115047,-0.110903,-0.106296,-0.101327,-0.0960821,-0.0906264,-0.0850052,-0.0792424,-0.0733416,-0.0672874,-0.0610486,-0.0545819,-0.0478369,-0.0407605,-0.0333021,-0.0254181,-0.0170762,-0.00825762,0.00104,0.0108022,0.0209977,0.0315791,0.0424846,0.0536406,0.0649637,0.0763645,0.0877501,0.0990278,0.110108,0.120908,0.131354,0.141385,0.150955,0.160033,0.168606,0.176678,0.184269,0.191415,0.198159,0.204556,0.210659,0.216522,0.222188,0.22769,0.233044,0.238249,0.243281,0.248095,0.252627,0.256795,0.260499,0.263629,0.266066,0.267688,0.268379,0.268027,0.266538,0.263837,0.259877,0.254638,0.248137,0.240423,0.23158,0.22172,0.210981,0.199514,0.187477,0.175024,0.162294,0.149408,0.136457,0.123505,0.110588,0.0977133,0.0848696,0.0720301
0.136697,0.123987,0.111241,0.0984229,0.0855086,0.0724874,0.0593721,0.0462026,0.0330497,0.020015,0.00722817,-0.00515842,-0.0169781,-0.0280596,-0.0382379,-0.0473642,-0.055315,-0.0619984,-0.0673584,-0.0713756,-0.0740665,-0.0754796,-0.0756914,-0.0747999,-0.0729193,-0.0701734,-0.0666894,-0.0625928,-0.0580019,-0.0530232,-0.047748,-0.042249,-0.036579,-0.030769,-0.0248297,-0.0187516,-0.0125088,-0.00606176,0.000637937,0.00764284,0.0150046,0.0227694,0.0309735,0.0396402,0.0487773,0.0583759,0.06841,0.0788375,0.0896011,0.100631,0.111846,0.123159,0.134478,0.145709,0.156763,0.167552,0.178002,0.188046,0.197634,0.206729,0.215315,0.22339,0.23097,0.238087,0.244783,0.251111,0.257126,0.262882,0.268429,0.273804,0.279029,0.284109,0.289028,0.293748,0.298214,0.302347,0.306055,0.309231,0.311761,0.313524,0.314403,0.314288,0.31308,0.3107,0.307095,0.302237,0.296134,0.288826,0.280386,0.270919,0.260553,0.249434,0.237715,0.225548,0.213073,0.200411,0.18766,0.174886,0.162129,0.149402,0.136697,0.123987
0.187885,0.175369,0.162809,0.150169,0.137419,0.124545,0.111553,0.0984765,0.0853782,0.0723536,0.0595273,0.0470488,0.0350845,0.0238082,0.0133904,0.00398767,-0.00426662,-0.0112699,-0.0169548,-0.0212914,-0.0242863,-0.0259798,-0.0264417,-0.0257657,-0.024063,-0.0214564,-0.0180743,-0.0140445,-0.00948916,-0.00452001,0.000765628,0.00628805,0.0119875,0.0178253,0.023784,0.0298666,0.0360937,0.0425008,0.0491338,0.0560445,0.0632852,0.0709044,0.078942,0.087426,0.0963695,0.105769,0.115605,0.125839,0.13642,0.147281,0.158346,0.169528,0.180737,0.191879,0.202862,0.2136,0.224012,0.234029,0.243597,0.252675,0.261239,0.269286,0.276825,0.283885,0.290508,0.296743,0.302647,0.308276,0.313683,0.31891,0.323985,0.328919,0.333704,0.33831,0.342687,0.346764,0.350454,0.353656,0.356257,0.358142,0.359193,0.359298,0.358358,0.35629,0.353034,0.348556,0.342857,0.335966,0.327948,0.318899,0.308939,0.298205,0.286849,0.275017,0.262849,0.250469,0.237975,0.22544,0.212905,0.200389,0.187885,0.175369
0.238197,0.225938,0.213627,0.201229,0.188709,0.176048,0.163246,0.150328,0.137352,0.124403,0.111602,0.0990929,0.0870416,0.0756232,0.0650127,0.0553738,0.046849,0.0395518,0.0335607,0.0289169,0.025624,0.0236506,0.0229343,0.0233867,0.0249001,0.0273532,0.0306174,0.0345629,0.0390642,0.0440048,0.0492816,0.0548082,0.0605178,0.0663645,0.0723238,0.078392,0.0845843,0.0909317,0.0974775,0.104272,0.111368,0.118816,0.12666,0.134932,0.14365,0.152816,0.162417,0.17242,0.182779,0.193431,0.204303,0.215311,0.226366,0.237375,0.248246,0.258889,0.269223,0.279174,0.288684,0.297707,0.306217,0.314202,0.32167,0.328647,0.335169,0.341287,0.347056,0.352536,0.357782,0.36284,0.367744,0.372512,0.377143,0.381613,0.38588,0.389879,0.39353,0.396735,0.399388,0.401373,0.402576,0.402885,0.402198,0.40043,0.397515,0.393414,0.38812,0.381654,0.374073,0.365462,0.355934,0.34562,0.334664,0.323212,0.311402,0.299356,0.287176,0.274936,0.262684,0.250439,0.238197,0.225938
0.287404,0.275461,0.263462,0.251367,0.23914,0.226757,0.214211,0.201519,0.188731,0.175925,0.163215,0.150739,0.138662,0.127158,0.116405,0.106574,0.097817,0.0902563,0.0839825,0.0790479,0.075467,0.073218,0.0722462,0.0724698,0.0737849,0.0760725,0.0792045,0.0830497,0.0874796,0.0923735,0.0976228,0.103135,0.108836,0.114673,0.120614,0.12665,0.132788,0.139057,0.145496,0.152153,0.159082,0.166335,0.173959,0.181989,0.190451,0.199352,0.208682,0.218418,0.228516,0.238918,0.249556,0.260349,0.271208,0.282042,0.292757,0.303264,0.313478,0.323323,0.332736,0.341669,0.350088,0.357979,0.365346,0.372209,0.378604,0.384579,0.390191,0.395499,0.400561,0.405429,0.410142,0.414724,0.419179,0.423493,0.427628,0.431529,0.435119,0.438306,0.440989,0.443054,0.44439,0.444884,0.444433,0.442951,0.440366,0.436636,0.431745,0.425708,0.418572,0.410416,0.401342,0.391477,0.380958,0.369925,0.358517,0.346854,0.33504,0.323152,0.311238,0.299322,0.287404,0.275461
0.33528,0.323713,0.312084,0.300354,0.288483,0.27644,0.264214,0.251814,0.239281,0.226685,0.214132,0.201755,0.189714,0.178183,0.167343,0.157369,0.148421,0.140632,0.134103,0.128899,0.125044,0.122527,0.121303,0.121295,0.122406,0.124518,0.127506,0.131236,0.135578,0.140409,0.145613,0.151092,0.156766,0.162575,0.168481,0.174465,0.180532,0.186703,0.193015,0.199515,0.206255,0.21329,0.220668,0.228431,0.236607,0.24521,0.254237,0.263669,0.273468,0.283583,0.293947,0.304482,0.315104,0.32572,0.336239,0.346568,0.356621,0.36632,0.375599,0.384403,0.392696,0.40046,0.407693,0.414413,0.420653,0.42646,0.43189,0.437003,0.44186,0.446517,0.451018,0.455393,0.459653,0.463789,0.467773,0.471554,0.475062,0.478211,0.480901,0.483026,0.484474,0.485133,0.484902,0.48369,0.481424,0.478055,0.473562,0.467954,0.46127,0.453579,0.444978,0.435585,0.425532,0.414956,0.40399,0.392756,0.381357,0.369871,0.35835,0.346819,0.33528,0.323713
0.381613,0.370476,0.359275,0.347968,0.336511,0.324871,0.313027,0.300984,0.288771,0.276451,0.264122,0.25191,0.239969,0.228473,0.217602,0.207537,0.198444,0.190466,0.183715,0.178265,0.174155,0.171383,0.169912,0.169674,0.170577,0.172507,0.17534,0.178943,0.183183,0.187933,0.193075,0.198505,0.204135,0.209898,0.215749,0.221665,0.227642,0.233698,0.239865,0.246188,0.252718,0.259512,0.266621,0.27409,0.281952,0.290227,0.298918,0.308012,0.317477,0.327265,0.337316,0.347555,0.357898,0.368256,0.378537,0.388647,0.398499,0.408013,0.417117,0.425756,0.433888,0.44149,0.448558,0.455106,0.461163,0.466775,0.471997,0.476892,0.481523,0.485947,0.490216,0.494363,0.498408,0.502348,0.50616,0.5098,0.513205,0.516294,0.518973,0.521136,0.522675,0.523481,0.523451,0.522492,0.52053,0.517511,0.51341,0.508227,0.501996,0.494779,0.486665,0.477765,0.468203,0.458114,0.447628,0.436863,0.425924,0.414888,0.403811,0.392718,0.381613,0.370476
0.426196,0.415543,0.404824,0.393995,0.38301,0.371831,0.360431,0.348805,0.336976,0.324998,0.312959,0.300977,0.289202,0.277803,0.266962,0.25686,0.247672,0.239547,0.232609,0.226945,0.222602,0.21959,0.217882,0.217419,0.218113,0.219857,0.222526,0.225991,0.230117,0.234773,0.239837,0.245199,0.250768,0.256468,0.262248,0.268078,0.273948,0.279871,0.285874,0.292,0.298302,0.304833,0.31165,0.318799,0.326321,0.334239,0.342564,0.351286,0.360382,0.369808,0.379508,0.389411,0.399437,0.409497,0.419499,0.42935,0.438962,0.44825,0.457143,0.465579,0.473514,0.480921,0.487792,0.494136,0.499981,0.505372,0.510362,0.515016,0.519397,0.523568,0.527584,0.531484,0.535294,0.539017,0.542638,0.546119,0.549401,0.552411,0.555056,0.557238,0.558848,0.559781,0.559932,0.559209,0.557535,0.554854,0.551135,0.546373,0.540594,0.533855,0.526237,0.517844,0.508797,0.499222,0.489246,0.478988,0.468549,0.458009,0.447422,0.436816,0.426196,0.415543
0.468837,0.458717,0.448531,0.438233,0.427774,0.417111,0.406212,0.395064,0.383681,0.372107,0.360422,0.348736,0.337192,0.325954,0.315202,0.305122,0.29589,0.287666,0.280581,0.274735,0.270185,0.266953,0.265022,0.264341,0.26483,0.266385,0.268887,0.272205,0.276204,0.280753,0.285724,0.291005,0.296495,0.302116,0.307808,0.313534,0.31928,0.325052,0.330874,0.336786,0.342838,0.349087,0.355589,0.362396,0.369551,0.377085,0.385013,0.393333,0.402026,0.411056,0.420369,0.429899,0.439569,0.449292,0.458976,0.46853,0.477861,0.486887,0.495529,0.503726,0.511429,0.518607,0.525247,0.531357,0.536963,0.542105,0.546838,0.551226,0.555336,0.559233,0.562975,0.566609,0.570165,0.573654,0.577065,0.580367,0.583508,0.586418,0.589011,0.591191,0.592853,0.593893,0.594207,0.593702,0.592301,0.589943,0.586594,0.582244,0.576915,0.570654,0.563539,0.555666,0.547149,0.538111,0.528675,0.518956,0.509055,0.49905,0.488997,0.478924,0.468837,0.458717
0.509353,0.499813,0.490207,0.480489,0.470608,0.460514,0.45017,0.439556,0.428677,0.417569,0.406301,0.394975,0.383725,0.372711,0.362111,0.35211,0.342889,0.334615,0.327427,0.321435,0.316709,0.313281,0.311144,0.310256,0.310545,0.311913,0.314244,0.317409,0.321273,0.325702,0.330568,0.335752,0.341149,0.346674,0.352261,0.357867,0.363472,0.369076,0.374699,0.380379,0.386163,0.392109,0.398275,0.404716,0.41148,0.418604,0.426107,0.433995,0.442255,0.450854,0.459746,0.468868,0.478145,0.487493,0.496822,0.50604,0.515054,0.523779,0.532135,0.540056,0.547491,0.554406,0.560784,0.56663,0.571966,0.576832,0.581283,0.585382,0.589198,0.5928,0.59625,0.599599,0.602883,0.606119,0.609302,0.612407,0.615389,0.618182,0.620704,0.622864,0.624559,0.625686,0.626144,0.62584,0.624694,0.622645,0.619653,0.615706,0.61082,0.605037,0.598427,0.591082,0.58311,0.574628,0.565755,0.556604,0.547273,0.53784,0.528361,0.518863,0.509353,0.499813
0.547577,0.538659,0.529678,0.520586,0.511329,0.501853,0.492115,0.482088,0.471769,0.461185,0.450393,0.439487,0.428594,0.417867,0.40748,0.397619,0.388465,0.380191,0.372946,0.366848,0.361979,0.358382,0.35606,0.354981,0.355079,0.356264,0.358423,0.361431,0.365152,0.369453,0.374201,0.379274,0.384563,0.389976,0.395443,0.400913,0.40636,0.411779,0.417186,0.422615,0.428114,0.433738,0.439547,0.445601,0.451951,0.458639,0.465691,0.473119,0.480915,0.489053,0.49749,0.50617,0.51502,0.523958,0.532896,0.541741,0.550401,0.558788,0.566821,0.574432,0.581565,0.588183,0.594267,0.599818,0.604856,0.60942,0.613563,0.617349,0.620849,0.624136,0.627274,0.630319,0.633314,0.63628,0.639219,0.642112,0.644917,0.647575,0.65001,0.652131,0.653841,0.655038,0.655622,0.655501,0.654593,0.652837,0.650189,0.646634,0.642184,0.636874,0.630771,0.623959,0.616541,0.60863,0.600341,0.591783,0.583051,0.574223,0.565353,0.556469,0.547577,0.538659
0.583353,0.575095,0.56678,0.558356,0.549767,0.540954,0.53187,0.52248,0.512773,0.502765,0.492506,0.48208,0.471604,0.461225,0.451112,0.441448,0.432418,0.424198,0.416944,0.410783,0.405807,0.402071,0.399587,0.398334,0.398254,0.399263,0.401253,0.404101,0.407675,0.411839,0.416458,0.421408,0.426575,0.431862,0.437192,0.44251,0.447783,0.453001,0.458175,0.463337,0.468531,0.473815,0.479248,0.484894,0.490808,0.497036,0.503612,0.510553,0.517856,0.525503,0.533456,0.541661,0.55005,0.558545,0.567057,0.575494,0.583765,0.591779,0.599455,0.606721,0.613519,0.619808,0.625566,0.630792,0.635503,0.639738,0.643547,0.646998,0.650161,0.653112,0.655919,0.658644,0.661333,0.664013,0.666693,0.669357,0.671971,0.67448,0.67681,0.678877,0.680585,0.681834,0.682527,0.682571,0.681886,0.680406,0.678089,0.674914,0.67089,0.666048,0.660449,0.654173,0.647317,0.639989,0.632301,0.624356,0.616249,0.608054,0.599825,0.59159,0.583353,0.575095
0.616541,0.608979,0.601365,0.593648,0.585766,0.577659,0.569271,0.560563,0.551514,0.542134,0.532461,0.522569,0.512568,0.502595,0.492815,0.483408,0.474558,0.466445,0.459231,0.453052,0.448008,0.444165,0.441547,0.440141,0.439898,0.44074,0.442566,0.445256,0.448679,0.452698,0.45718,0.461996,0.467028,0.472175,0.477354,0.482503,0.487586,0.492586,0.497511,0.502388,0.507261,0.512185,0.517224,0.522441,0.527897,0.533644,0.53972,0.546148,0.552933,0.560062,0.567501,0.575201,0.583099,0.591118,0.599171,0.607169,0.615017,0.622625,0.62991,0.636798,0.643227,0.649155,0.654557,0.659428,0.663785,0.667664,0.671116,0.674208,0.677013,0.679608,0.682067,0.684455,0.686823,0.689203,0.691609,0.694031,0.69644,0.698785,0.700996,0.702993,0.704684,0.70597,0.706756,0.706949,0.706469,0.705251,0.70325,0.700443,0.696835,0.692454,0.687355,0.681615,0.675325,0.66859,0.661515,0.654202,0.646741,0.639205,0.631645,0.62409,0.616541,0.608979
0.647014,0.640179,0.633301,0.626324,0.619185,0.61182,0.604168,0.596183,0.587837,0.579129,0.570091,0.560785,0.551311,0.5418,0.53241,0.523316,0.514702,0.50675,0.499626,0.493474,0.488404,0.48449,0.481766,0.48023,0.479841,0.480529,0.482198,0.484732,0.488003,0.491875,0.496212,0.500883,0.505768,0.510761,0.515774,0.52074,0.525617,0.530383,0.535042,0.539617,0.544151,0.548699,0.553324,0.558094,0.563073,0.568317,0.573871,0.579763,0.586005,0.592589,0.599487,0.606655,0.614033,0.621546,0.629111,0.636637,0.644031,0.651202,0.658064,0.664541,0.670571,0.676108,0.681123,0.685611,0.689586,0.693083,0.696153,0.698864,0.701291,0.703512,0.705606,0.707641,0.709673,0.71174,0.71386,0.716028,0.71822,0.720388,0.722469,0.724383,0.726042,0.72735,0.728214,0.728541,0.728252,0.72728,0.725581,0.723129,0.719926,0.715998,0.711394,0.706188,0.700467,0.69433,0.687879,0.681212,0.674415,0.66756,0.660695,0.653846,0.647014,0.640179
0.674663,0.668583,0.662468,0.656262,0.649899,0.643308,0.636427,0.629201,0.621596,0.613603,0.605242,0.596569,0.587673,0.578676,0.569728,0.561002,0.552678,0.544939,0.537956,0.531877,0.526822,0.522874,0.520076,0.518436,0.517922,0.518471,0.519992,0.522376,0.525495,0.529215,0.533401,0.537919,0.542647,0.547473,0.552306,0.557074,0.561729,0.566245,0.570621,0.574878,0.579056,0.58321,0.587405,0.591709,0.596191,0.600912,0.605923,0.611257,0.616934,0.622949,0.629282,0.635892,0.642723,0.649704,0.656751,0.663777,0.670687,0.677391,0.6838,0.689838,0.695438,0.700554,0.705154,0.709231,0.712798,0.715888,0.718553,0.720862,0.72289,0.72472,0.726433,0.728101,0.729785,0.731526,0.733349,0.735253,0.737217,0.739198,0.741137,0.742957,0.744572,0.74589,0.746818,0.747265,0.747152,0.746413,0.745002,0.742892,0.740083,0.736598,0.732484,0.727809,0.722657,0.717123,0.711303,0.705293,0.699176,0.69302,0.68687,0.680751,0.674663,0.668583
0.699392,0.69409,0.688764,0.683356,0.677795,0.672008,0.665927,0.659492,0.652663,0.64542,0.637777,0.629779,0.621505,0.613069,0.604615,0.596307,0.588325,0.58085,0.574057,0.568098,0.563101,0.559156,0.556318,0.554601,0.553983,0.55441,0.555796,0.558035,0.561005,0.564573,0.568603,0.572961,0.577521,0.582168,0.586808,0.591363,0.59578,0.60003,0.604108,0.60803,0.611836,0.615579,0.619325,0.623146,0.627113,0.631293,0.635741,0.640498,0.645588,0.651013,0.656758,0.662788,0.669048,0.675471,0.681976,0.688474,0.694874,0.701083,0.707011,0.71258,0.717723,0.72239,0.726548,0.730187,0.73332,0.73598,0.738218,0.740103,0.741715,0.743137,0.744454,0.745742,0.747066,0.748472,0.749989,0.751619,0.753347,0.755133,0.756921,0.758638,0.760199,0.761516,0.762495,0.763049,0.763099,0.76258,0.761444,0.759664,0.757239,0.754188,0.750556,0.746408,0.741823,0.736893,0.731711,0.726367,0.720942,0.715499,0.710083,0.704715,0.699392,0.69409
0.721121,0.716618,0.712102,0.707513,0.702778,0.69782,0.692565,0.686949,0.680923,0.674463,0.667572,0.660285,0.652674,0.644843,0.636926,0.629085,0.621493,0.614332,0.607776,0.601983,0.597086,0.593183,0.590338,0.588573,0.587876,0.588199,0.589463,0.591567,0.594393,0.597809,0.60168,0.60587,0.610253,0.614711,0.619144,0.623472,0.627637,0.631605,0.635367,0.638939,0.642355,0.645671,0.648951,0.652272,0.655707,0.659328,0.663196,0.667358,0.671842,0.676658,0.681796,0.687223,0.692891,0.698733,0.704673,0.710621,0.716485,0.722173,0.727595,0.73267,0.737329,0.74152,0.745209,0.748386,0.751061,0.753267,0.755057,0.7565,0.757678,0.758677,0.759585,0.760482,0.761436,0.762499,0.763702,0.765052,0.766538,0.768123,0.769753,0.771358,0.772858,0.774163,0.775184,0.775834,0.776036,0.775724,0.774851,0.773389,0.771336,0.76871,0.765553,0.761926,0.757907,0.753581,0.74904,0.744369,0.739645,0.734928,0.730261,0.72566,0.721121,0.716618
0.739786,0.736098,0.73241,0.728659,0.724769,0.720659,0.716252,0.711477,0.70628,0.700628,0.694518,0.687975,0.681061,0.673872,0.666536,0.659204,0.652047,0.645245,0.638972,0.633389,0.628633,0.624812,0.621994,0.620212,0.61946,0.619699,0.620856,0.622836,0.625523,0.628788,0.632497,0.636516,0.640713,0.644971,0.649186,0.653273,0.65717,0.66084,0.664271,0.667475,0.670486,0.673358,0.676157,0.678961,0.681848,0.684895,0.688166,0.691715,0.695578,0.699768,0.704279,0.709087,0.714143,0.719386,0.724739,0.730116,0.735423,0.740567,0.745459,0.750015,0.754166,0.757857,0.761054,0.763745,0.765939,0.76767,0.768992,0.769975,0.770702,0.771265,0.771752,0.772248,0.772825,0.773538,0.774422,0.775488,0.776727,0.778106,0.779573,0.781062,0.782493,0.78378,0.784835,0.785572,0.785915,0.785799,0.785178,0.784024,0.782332,0.780122,0.777431,0.77432,0.770862,0.767141,0.763242,0.759249,0.755233,0.751253,0.747345,0.743526,0.739786,0.736098
0.755338,0.752477,0.749632,0.746733,0.743703,0.740458,0.736915,0.732999,0.72865,0.723829,0.718522,0.71275,0.706563,0.70005,0.693328,0.686545,0.679865,0.673464,0.667516,0.662185,0.657612,0.653908,0.651152,0.649383,0.648603,0.648778,0.649845,0.651712,0.654267,0.657385,0.660932,0.664774,0.668779,0.672826,0.67681,0.680642,0.684258,0.687615,0.690699,0.693519,0.696108,0.698519,0.700822,0.703094,0.705418,0.707875,0.710535,0.713458,0.716683,0.720232,0.724104,0.728275,0.732704,0.737331,0.74208,0.746866,0.751597,0.756178,0.760518,0.764534,0.768154,0.771322,0.774005,0.776187,0.77788,0.779116,0.779952,0.780458,0.780722,0.780835,0.780892,0.78098,0.781174,0.781533,0.782094,0.782874,0.783864,0.785035,0.786337,0.787706,0.789065,0.790328,0.791409,0.792226,0.792701,0.792772,0.792393,0.791536,0.790197,0.788393,0.786161,0.78356,0.780659,0.77754,0.774284,0.770971,0.767669,0.764432,0.761294,0.758266,0.755338,0.752477
0.767742,0.76572,0.763726,0.761691,0.759533,0.757164,0.754497,0.751454,0.747967,0.743992,0.739509,0.734527,0.729092,0.723282,0.717206,0.711005,0.704838,0.698876,0.693293,0.688253,0.683901,0.680352,0.677691,0.675964,0.675181,0.675316,0.676309,0.678075,0.680506,0.683481,0.686866,0.690527,0.694333,0.698162,0.701903,0.705467,0.708786,0.711815,0.714535,0.716955,0.719107,0.721043,0.722833,0.724559,0.726306,0.728159,0.730196,0.732479,0.735056,0.737952,0.74117,0.744694,0.748483,0.752479,0.75661,0.76079,0.764927,0.768927,0.772697,0.776153,0.779222,0.781848,0.783995,0.785649,0.786821,0.787545,0.787877,0.787893,0.78768,0.787334,0.786953,0.786627,0.786434,0.786436,0.786675,0.787168,0.787909,0.788873,0.79001,0.791258,0.792542,0.793778,0.794882,0.795771,0.796371,0.796621,0.796475,0.795907,0.794911,0.793505,0.791726,0.789628,0.78728,0.78476,0.782146,0.779514,0.776929,0.774441,0.772078,0.76985,0.767742,0.76572
0.77698,0.775802,0.774667,0.773503,0.772224,0.770738,0.768956,0.766794,0.76418,0.761062,0.757415,0.753241,0.748576,0.74349,0.738086,0.732496,0.726873,0.721384,0.716202,0.711489,0.707392,0.704033,0.701499,0.699844,0.699084,0.699199,0.700136,0.701815,0.704132,0.706967,0.710191,0.713669,0.71727,0.72087,0.724359,0.727642,0.73065,0.733334,0.735676,0.73768,0.739379,0.740824,0.742087,0.743253,0.74441,0.745649,0.74705,0.748684,0.750602,0.752834,0.755391,0.758256,0.761395,0.76475,0.768251,0.771812,0.775343,0.778746,0.78193,0.78481,0.78731,0.789375,0.790968,0.792076,0.79271,0.792905,0.79272,0.792232,0.791532,0.79072,0.789895,0.789151,0.78857,0.788216,0.788134,0.788342,0.788838,0.789596,0.79057,0.791698,0.792907,0.794114,0.795238,0.796196,0.796916,0.797339,0.797418,0.79713,0.79647,0.795454,0.794119,0.792518,0.790719,0.788794,0.786821,0.784871,0.783004,0.781267,0.779684,0.778261,0.77698,0.775802
0.783046,0.782715,0.782444,0.782154,0.781757,0.781159,0.780266,0.778989,0.777252,0.774999,0.772196,0.768839,0.764958,0.760613,0.7559,0.750943,0.74589,0.740904,0.736153,0.7318,0.727992,0.724854,0.722478,0.720923,0.720211,0.720328,0.721227,0.722831,0.725043,0.727744,0.730808,0.734101,0.737491,0.740855,0.744079,0.747069,0.749751,0.752077,0.754024,0.755597,0.756826,0.757766,0.758489,0.759082,0.759638,0.760251,0.761008,0.761984,0.763236,0.764799,0.766686,0.768887,0.771368,0.774075,0.776937,0.779871,0.782783,0.785578,0.788163,0.790451,0.792367,0.793855,0.794879,0.795424,0.795505,0.795157,0.794442,0.793441,0.792246,0.790961,0.789689,0.788526,0.787559,0.786852,0.786452,0.78638,0.786636,0.787193,0.788008,0.789019,0.790155,0.791335,0.792477,0.793501,0.794338,0.794927,0.795227,0.795213,0.794881,0.794248,0.793351,0.792241,0.790985,0.789652,0.788317,0.787047,0.785899,0.784913,0.784113,0.783497,0.783046,0.782715
0.785949,0.786467,0.787058,0.787643,0.788128,0.788417,0.788412,0.788021,0.787162,0.785775,0.783819,0.781286,0.778195,0.774602,0.770595,0.76629,0.761828,0.757368,0.753075,0.74911,0.74562,0.742732,0.740542,0.739114,0.738473,0.738613,0.73949,0.741033,0.743149,0.745722,0.748627,0.751733,0.754907,0.758026,0.760975,0.763659,0.766003,0.767955,0.769492,0.770618,0.771364,0.771784,0.771954,0.771962,0.771907,0.771886,0.771991,0.772303,0.772884,0.773773,0.774988,0.776521,0.778341,0.780395,0.782613,0.784912,0.787198,0.789376,0.791351,0.793035,0.794355,0.795253,0.795692,0.795662,0.795176,0.794273,0.793019,0.791495,0.7898,0.788039,0.78632,0.78474,0.783389,0.782335,0.781624,0.78128,0.781302,0.781666,0.782328,0.783228,0.784295,0.785449,0.78661,0.7877,0.78865,0.789403,0.789918,0.790172,0.790162,0.789906,0.789441,0.788817,0.788099,0.787354,0.786654,0.786061,0.78563,0.785396,0.785377,0.78557,0.785949,0.786467
0.785711,0.787075,0.788527,0.789982,0.791347,0.792519,0.793398,0.793888,0.793903,0.793379,0.792269,0.790559,0.788262,0.785426,0.782133,0.778491,0.774637,0.770723,0.766909,0.763355,0.760209,0.757597,0.755618,0.75434,0.753794,0.753975,0.754847,0.756342,0.758371,0.760821,0.763569,0.766486,0.769439,0.772306,0.77497,0.777336,0.779326,0.78089,0.782002,0.782666,0.782914,0.782802,0.782406,0.781819,0.781144,0.780482,0.779932,0.779577,0.779484,0.779698,0.78024,0.781105,0.782262,0.783662,0.785234,0.786895,0.78855,0.790104,0.791461,0.792533,0.793245,0.793541,0.793385,0.792767,0.791704,0.790238,0.788436,0.786385,0.784186,0.781949,0.779784,0.777792,0.776064,0.77467,0.773657,0.773051,0.772849,0.773029,0.773546,0.774343,0.775346,0.776479,0.777662,0.778818,0.779881,0.780795,0.781521,0.782039,0.782346,0.782462,0.782423,0.78228,0.782094,0.781933,0.781864,0.781946,0.782228,0.782744,0.783505,0.784504,0.785711,0.787075
0.782367,0.784572,0.786878,0.789199,0.791435,0.793483,0.795238,0.7966,0.797482,0.797813,0.797543,0.796651,0.795145,0.793067,0.790491,0.78752,0.784283,0.780928,0.777611,0.774488,0.771706,0.769392,0.767648,0.766541,0.766109,0.76635,0.767231,0.768691,0.77064,0.772972,0.775566,0.778291,0.781019,0.783625,0.785994,0.788029,0.789653,0.790814,0.791486,0.791675,0.791411,0.790753,0.789781,0.788591,0.787289,0.785982,0.784772,0.783749,0.782984,0.782526,0.782398,0.782596,0.783095,0.783842,0.784769,0.785791,0.786814,0.78774,0.788473,0.788926,0.789023,0.788708,0.787947,0.786733,0.785084,0.783047,0.780693,0.778112,0.775409,0.772698,0.770092,0.767695,0.765599,0.763876,0.762574,0.761716,0.761303,0.76131,0.761694,0.762396,0.763343,0.76446,0.765669,0.766894,0.76807,0.769144,0.770079,0.770857,0.771478,0.77196,0.772343,0.772675,0.773017,0.773435,0.773992,0.774745,0.775737,0.776998,0.778535,0.780336,0.782367,0.784572
0.775964,0.779002,0.782155,0.785331,0.788428,0.79134,0.793959,0.796182,0.797918,0.799092,0.799651,0.799568,0.798846,0.797521,0.795661,0.793362,0.790748,0.78796,0.785151,0.782474,0.780074,0.778076,0.776584,0.775669,0.775367,0.775684,0.776589,0.778023,0.779902,0.78212,0.784559,0.787092,0.789589,0.791926,0.79399,0.795683,0.796927,0.79767,0.797889,0.797587,0.796799,0.795585,0.794027,0.792226,0.790292,0.788338,0.786469,0.78478,0.783347,0.782221,0.781428,0.780968,0.780813,0.780913,0.781198,0.781584,0.781975,0.782272,0.782379,0.782208,0.781683,0.780751,0.779379,0.777562,0.775322,0.77271,0.769801,0.766689,0.763486,0.760306,0.757267,0.754475,0.752024,0.749985,0.748407,0.747314,0.746703,0.746552,0.746814,0.747431,0.748333,0.749441,0.75068,0.751977,0.753268,0.754503,0.755646,0.756681,0.757611,0.758457,0.759256,0.760059,0.760925,0.761917,0.763095,0.764514,0.766211,0.768212,0.77052,0.773117,0.775964,0.779002
0.76656,0.770421,0.774408,0.778427,0.782373,0.786134,0.789602,0.79267,0.795244,0.797246,0.798618,0.79933,0.79938,0.798798,0.797647,0.796016,0.794025,0.791809,0.789515,0.787294,0.785287,0.783621,0.782397,0.781687,0.781532,0.781938,0.782878,0.784296,0.786111,0.788219,0.790504,0.792841,0.795102,0.797163,0.798912,0.80025,0.801101,0.801414,0.801164,0.800359,0.799035,0.797254,0.795103,0.792686,0.790118,0.787515,0.784991,0.782641,0.780547,0.778761,0.777313,0.776203,0.775403,0.774865,0.774516,0.77427,0.774032,0.773702,0.773183,0.772385,0.771236,0.769683,0.767695,0.76527,0.762437,0.759248,0.755785,0.752146,0.748447,0.744807,0.741346,0.738173,0.735381,0.733043,0.731206,0.729894,0.729103,0.728807,0.728963,0.729508,0.730373,0.731482,0.732758,0.734132,0.73554,0.736936,0.738287,0.739578,0.740815,0.742021,0.743232,0.744502,0.745886,0.747447,0.749242,0.75132,0.753717,0.756451,0.759521,0.762905,0.76656,0.770421
0.754224,0.758895,0.763703,0.76855,0.773326,0.77792,0.782217,0.786111,0.789503,0.792312,0.794479,0.795968,0.796774,0.796921,0.796467,0.795497,0.794123,0.792477,0.790701,0.788941,0.787337,0.786011,0.785066,0.784575,0.784579,0.785085,0.78607,0.78748,0.789235,0.791235,0.793367,0.795505,0.797523,0.7993,0.800723,0.801695,0.80214,0.802009,0.801279,0.799959,0.798087,0.79573,0.79298,0.789943,0.786741,0.783494,0.780319,0.777317,0.774571,0.772139,0.770048,0.7683,0.766869,0.765702,0.764729,0.76386,0.763,0.762046,0.760902,0.759478,0.757704,0.755527,0.752921,0.749888,0.74646,0.742696,0.738682,0.734523,0.730337,0.726249,0.722381,0.718842,0.715727,0.713109,0.711033,0.70952,0.708567,0.708145,0.708209,0.708696,0.709537,0.710655,0.711977,0.713432,0.714962,0.71652,0.718079,0.719625,0.721168,0.72273,0.724351,0.726082,0.72798,0.730105,0.73251,0.735241,0.738329,0.741789,0.745612,0.749774,0.754224,0.758895
0.739035,0.744501,0.750113,0.755769,0.761356,0.766761,0.771866,0.776562,0.780749,0.784343,0.787282,0.789526,0.791066,0.791924,0.792152,0.79183,0.791064,0.789982,0.788721,0.787424,0.786225,0.785247,0.784589,0.784325,0.784496,0.785111,0.786148,0.787555,0.789255,0.791149,0.793125,0.79506,0.79683,0.798314,0.799401,0.799995,0.800022,0.799434,0.798211,0.796364,0.793936,0.790998,0.787643,0.783987,0.780153,0.776267,0.77245,0.768808,0.765424,0.762359,0.759641,0.757273,0.755224,0.753444,0.751859,0.750378,0.748902,0.747331,0.745566,0.743519,0.741121,0.738321,0.735097,0.731457,0.727437,0.723102,0.718545,0.713874,0.709214,0.704693,0.700434,0.69655,0.693133,0.690256,0.687962,0.686271,0.685175,0.684646,0.684634,0.685079,0.685908,0.687046,0.688421,0.689964,0.691619,0.693343,0.69511,0.696912,0.698757,0.700674,0.702701,0.70489,0.707297,0.70998,0.712989,0.716365,0.720136,0.724311,0.728877,0.733803,0.739035,0.744501
0.721081,0.727325,0.733721,0.740165,0.746541,0.752733,0.758621,0.764094,0.769049,0.773401,0.777084,0.780057,0.782308,0.783855,0.784744,0.785052,0.784882,0.784353,0.783601,0.782762,0.781969,0.78134,0.780974,0.780942,0.781287,0.782016,0.78311,0.784518,0.786164,0.787951,0.789769,0.791497,0.793012,0.794194,0.794934,0.795139,0.794736,0.793679,0.791952,0.789569,0.786577,0.783051,0.779092,0.774817,0.770356,0.765841,0.761395,0.757126,0.753123,0.749443,0.746118,0.743147,0.7405,0.738123,0.73594,0.733859,0.73178,0.729599,0.72722,0.724554,0.721534,0.718114,0.714276,0.710032,0.705426,0.700528,0.695437,0.690268,0.68515,0.680214,0.675585,0.671377,0.667682,0.66457,0.662082,0.660235,0.659019,0.658402,0.658334,0.65875,0.659581,0.660751,0.662187,0.663825,0.66561,0.667502,0.66948,0.671536,0.673684,0.675952,0.678382,0.681025,0.683936,0.68717,0.690775,0.694789,0.699233,0.704112,0.709408,0.715083,0.721081,0.727325
0.70046,0.70746,0.714619,0.721827,0.728967,0.735919,0.742562,0.748782,0.754475,0.759555,0.763953,0.767627,0.770561,0.77277,0.774297,0.775215,0.775621,0.775632,0.775378,0.77499,0.774598,0.774317,0.774243,0.774445,0.774965,0.775813,0.776966,0.778376,0.779968,0.781647,0.783303,0.784818,0.78607,0.786942,0.787325,0.787128,0.786283,0.784747,0.782505,0.779578,0.776017,0.771902,0.767338,0.762449,0.757371,0.752238,0.747178,0.742302,0.737699,0.733427,0.729516,0.725965,0.72274,0.719786,0.717022,0.714356,0.711685,0.708905,0.705919,0.702641,0.699006,0.694971,0.690524,0.685683,0.680498,0.675048,0.669437,0.663786,0.658229,0.652899,0.647925,0.643419,0.639472,0.636151,0.633495,0.631517,0.630203,0.629519,0.629412,0.629818,0.630664,0.631876,0.633384,0.635123,0.637043,0.639107,0.641296,0.643607,0.646056,0.648674,0.651504,0.654596,0.658005,0.661784,0.665977,0.670618,0.675724,0.681294,0.687305,0.693714,0.70046,0.70746
0.677275,0.68501,0.692906,0.700852,0.708728,0.71641,0.723777,0.730713,0.737112,0.742887,0.747967,0.752309,0.755895,0.758737,0.760875,0.762378,0.76334,0.763872,0.7641,0.764153,0.764153,0.764214,0.764429,0.764865,0.765561,0.766525,0.767738,0.769149,0.770686,0.772253,0.773743,0.775038,0.776019,0.77657,0.776585,0.775978,0.77468,0.772653,0.769889,0.766412,0.762277,0.757572,0.752408,0.746914,0.74123,0.735495,0.729841,0.724379,0.7192,0.714361,0.70989,0.705782,0.702003,0.698493,0.695168,0.691933,0.688685,0.685318,0.681734,0.677852,0.673608,0.668966,0.663918,0.65849,0.652738,0.64675,0.640636,0.634523,0.62855,0.622852,0.617559,0.612783,0.608612,0.605111,0.602314,0.600231,0.598843,0.598114,0.597989,0.5984,0.599275,0.600541,0.602128,0.603976,0.606036,0.608274,0.610676,0.613243,0.615992,0.618958,0.622183,0.62572,0.629621,0.633937,0.638709,0.643967,0.649722,0.655968,0.662677,0.669802,0.677275,0.68501
0.651638,0.660082,0.66869,0.677346,0.685926,0.694307,0.702364,0.709981,0.717051,0.723484,0.729212,0.734187,0.73839,0.741832,0.744551,0.746612,0.748104,0.749137,0.74983,0.750307,0.750689,0.751084,0.751581,0.752244,0.753112,0.754192,0.755461,0.756871,0.758348,0.759798,0.761115,0.762183,0.762884,0.763105,0.762743,0.761713,0.759953,0.757427,0.754134,0.750101,0.745393,0.740101,0.734343,0.728255,0.721981,0.715664,0.709438,0.703417,0.697688,0.69231,0.687307,0.682671,0.678363,0.674319,0.670454,0.666669,0.662858,0.658917,0.654748,0.650272,0.645429,0.640189,0.634551,0.628548,0.622244,0.615736,0.609139,0.602588,0.596224,0.590187,0.584606,0.57959,0.575226,0.571575,0.568666,0.566504,0.565068,0.564315,0.56419,0.564623,0.565541,0.566872,0.568548,0.570511,0.572715,0.575132,0.577748,0.58057,0.583618,0.586928,0.590546,0.594521,0.598908,0.603752,0.609093,0.614955,0.621345,0.628251,0.635641,0.643461,0.651638,0.660082
0.623667,0.632794,0.642084,0.651417,0.66067,0.669714,0.678426,0.686686,0.694389,0.701444,0.70778,0.71335,0.718135,0.722143,0.725409,0.727997,0.729993,0.731501,0.732637,0.733522,0.73427,0.734986,0.735755,0.73664,0.737674,0.738863,0.740184,0.741587,0.742998,0.744325,0.745462,0.746294,0.746706,0.746587,0.745837,0.744375,0.742143,0.739112,0.735284,0.730695,0.725414,0.719542,0.713201,0.706534,0.699689,0.692813,0.686042,0.67949,0.673243,0.667356,0.661851,0.656715,0.651905,0.647353,0.64297,0.638654,0.634298,0.629797,0.625056,0.619998,0.614568,0.608742,0.602527,0.595964,0.589127,0.582119,0.575064,0.568102,0.561378,0.555033,0.549195,0.543973,0.539449,0.535679,0.532688,0.530475,0.529014,0.528261,0.528155,0.528626,0.529601,0.531008,0.532781,0.534865,0.537218,0.539815,0.542647,0.545723,0.549068,0.55272,0.556724,0.561133,0.565997,0.57136,0.577258,0.583711,0.59072,0.598269,0.606318,0.61481,0.623667,0.632794
0.593485,0.603265,0.613206,0.623184,0.633074,0.642745,0.652072,0.660937,0.669233,0.676868,0.683772,0.689898,0.695226,0.699762,0.70354,0.706622,0.709091,0.711048,0.712604,0.713874,0.714971,0.715994,0.717023,0.718118,0.719309,0.720599,0.721964,0.723353,0.724692,0.725888,0.726836,0.727423,0.727536,0.727067,0.72592,0.724017,0.721306,0.717763,0.713398,0.708253,0.702406,0.695962,0.689052,0.681825,0.674432,0.667025,0.659739,0.652687,0.645955,0.639594,0.633619,0.628014,0.622732,0.617698,0.61282,0.607993,0.60311,0.598065,0.592766,0.587138,0.581135,0.574738,0.567962,0.560859,0.55351,0.546027,0.538542,0.531199,0.524147,0.517529,0.51147,0.506077,0.501428,0.497571,0.494528,0.492291,0.490831,0.490099,0.49003,0.490555,0.4916,0.493093,0.494971,0.497181,0.499687,0.502466,0.505514,0.508844,0.512484,0.516473,0.520859,0.525693,0.531025,0.536897,0.543339,0.550367,0.557978,0.566149,0.574836,0.583975,0.593485,0.603265
0.561221,0.571624,0.582181,0.592769,0.603257,0.613517,0.62342,0.632847,0.641693,0.649866,0.657296,0.663936,0.669766,0.674791,0.679044,0.682586,0.685495,0.687871,0.68982,0.691453,0.692879,0.69419,0.695465,0.696756,0.698093,0.699475,0.700875,0.70224,0.703497,0.704552,0.705302,0.705634,0.705439,0.70461,0.703056,0.700704,0.697509,0.693451,0.688549,0.682852,0.676445,0.669443,0.661983,0.654218,0.646306,0.638398,0.63063,0.623115,0.615933,0.609132,0.602723,0.596682,0.590956,0.585467,0.580118,0.574802,0.56941,0.563838,0.557997,0.551816,0.545255,0.538303,0.530987,0.523364,0.515529,0.507599,0.499715,0.492026,0.484683,0.477828,0.471586,0.466059,0.461319,0.457409,0.454344,0.452112,0.450677,0.449986,0.449974,0.450567,0.451692,0.453281,0.45527,0.457612,0.460273,0.463235,0.466499,0.47008,0.474011,0.478333,0.483095,0.488347,0.494137,0.500505,0.507476,0.515063,0.523256,0.532028,0.541328,0.551088,0.561221,0.571624
0.527008,0.537999,0.549138,0.560298,0.571346,0.582152,0.592588,0.602535,0.611887,0.620554,0.628465,0.635576,0.641865,0.647338,0.652027,0.655991,0.659308,0.662071,0.664385,0.666356,0.668087,0.669668,0.67117,0.672644,0.674112,0.675573,0.676996,0.678328,0.679492,0.680396,0.680937,0.681004,0.68049,0.679292,0.677324,0.674517,0.670832,0.666259,0.660822,0.65458,0.647627,0.640084,0.632096,0.62382,0.615418,0.607044,0.598831,0.590891,0.583298,0.576095,0.569287,0.562843,0.556704,0.550788,0.544992,0.539209,0.533328,0.527248,0.52088,0.514163,0.507062,0.499577,0.491741,0.483626,0.475332,0.466988,0.45874,0.450741,0.443146,0.436094,0.429708,0.424084,0.41929,0.415361,0.412305,0.410104,0.408718,0.408088,0.408148,0.408823,0.41004,0.411732,0.413839,0.416316,0.419133,0.422279,0.425756,0.429587,0.433805,0.438453,0.443583,0.449243,0.45548,0.462329,0.469814,0.477941,0.486695,0.496043,0.50593,0.516283,0.527008,0.537999
0.490983,0.502528,0.514211,0.525902,0.537469,0.548778,0.559703,0.570124,0.579936,0.589051,0.597399,0.604935,0.611639,0.617518,0.622603,0.626952,0.630639,0.633757,0.636406,0.638689,0.640701,0.64253,0.644241,0.645879,0.647464,0.64899,0.650423,0.651708,0.652767,0.653509,0.65383,0.653622,0.652779,0.651204,0.648813,0.645547,0.641371,0.636284,0.630318,0.623543,0.616058,0.607996,0.599505,0.59075,0.581894,0.573091,0.564474,0.556148,0.548185,0.540619,0.533448,0.526635,0.520115,0.513799,0.507582,0.501354,0.495004,0.488433,0.481559,0.474325,0.466705,0.458708,0.450379,0.441798,0.433079,0.424356,0.415781,0.407514,0.399708,0.392501,0.386011,0.38033,0.375517,0.371602,0.368585,0.366442,0.365127,0.364578,0.364725,0.365494,0.366812,0.368613,0.370841,0.373456,0.376431,0.379758,0.383448,0.387523,0.392022,0.39699,0.402478,0.408535,0.415205,0.422521,0.430502,0.439147,0.448439,0.458338,0.468784,0.479698,0.490983,0.502528
0.453286,0.465348,0.477536,0.489718,0.50176,0.513528,0.524895,0.535743,0.545968,0.555483,0.56422,0.572135,0.57921,0.585452,0.590892,0.595586,0.599608,0.603047,0.606,0.608565,0.610834,0.612887,0.614785,0.616569,0.618254,0.619829,0.621258,0.622483,0.623425,0.623992,0.624082,0.623588,0.622407,0.620447,0.617629,0.6139,0.609234,0.603637,0.597153,0.589857,0.581862,0.573305,0.564342,0.555143,0.545871,0.53668,0.527701,0.519033,0.510741,0.502852,0.495355,0.488208,0.481337,0.474649,0.468036,0.461386,0.454588,0.447548,0.440187,0.432456,0.424339,0.415856,0.407062,0.39805,0.38894,0.379877,0.371018,0.362525,0.354551,0.347232,0.340681,0.334981,0.330186,0.326318,0.323369,0.321308,0.320084,0.319633,0.319881,0.320754,0.322181,0.324097,0.326449,0.329201,0.332333,0.33584,0.339737,0.344052,0.348825,0.354104,0.35994,0.366382,0.37347,0.381235,0.38969,0.398833,0.408637,0.419059,0.430034,0.441477,0.453286,0.465348
0.414061,0.426602,0.439254,0.451884,0.464356,0.476535,0.488297,0.499524,0.510113,0.519979,0.529057,0.537305,0.544705,0.551266,0.557019,0.562018,0.566338,0.570064,0.573289,0.576107,0.578605,0.580858,0.582922,0.584832,0.586598,0.588205,0.589614,0.590765,0.591576,0.591956,0.591803,0.591013,0.589486,0.587134,0.583885,0.579693,0.57454,0.568442,0.561452,0.553656,0.545174,0.536151,0.526752,0.517146,0.507501,0.497966,0.488669,0.479702,0.471124,0.462952,0.455169,0.447721,0.440531,0.433499,0.426515,0.419465,0.412241,0.404751,0.396925,0.388722,0.380134,0.371193,0.361967,0.352558,0.343097,0.333735,0.324637,0.315963,0.307866,0.300479,0.293908,0.28823,0.283489,0.279698,0.276844,0.274888,0.273776,0.273437,0.273799,0.274785,0.276325,0.278359,0.280837,0.283726,0.287012,0.290695,0.294794,0.299341,0.30438,0.309959,0.316131,0.322942,0.330432,0.338626,0.347535,0.357149,0.367439,0.378354,0.389825,0.401763,0.414061,0.426602
0.373454,0.386434,0.399509,0.412543,0.425398,0.437941,0.450047,0.461602,0.472505,0.482673,0.492044,0.500577,0.508256,0.515091,0.521114,0.52638,0.53096,0.534937,0.538402,0.541443,0.544143,0.546571,0.548778,0.550793,0.552621,0.554243,0.555616,0.556676,0.557343,0.557524,0.557117,0.556021,0.554141,0.551392,0.54771,0.543057,0.537424,0.530837,0.523357,0.515083,0.506143,0.496689,0.486891,0.476922,0.466947,0.457115,0.447546,0.438327,0.429506,0.421092,0.413058,0.405344,0.397864,0.390516,0.383185,0.375759,0.368132,0.360216,0.351948,0.343297,0.334267,0.3249,0.315277,0.30551,0.29574,0.286126,0.276834,0.268026,0.259854,0.252443,0.245895,0.240276,0.235622,0.23194,0.229206,0.227377,0.226392,0.22618,0.226664,0.227769,0.229428,0.23158,0.234183,0.237207,0.240642,0.244496,0.24879,0.253561,0.258855,0.264723,0.271216,0.278381,0.286253,0.294855,0.304193,0.314251,0.324997,0.336373,0.348307,0.360704,0.373454,0.386434
0.331612,0.344992,0.358449,0.371841,0.38503,0.397886,0.410285,0.422116,0.433282,0.443702,0.453315,0.462085,0.469998,0.477063,0.483315,0.488807,0.493609,0.497803,0.501475,0.504709,0.507584,0.510162,0.512488,0.514586,0.516456,0.518074,0.519394,0.520349,0.520858,0.520826,0.520155,0.518745,0.516505,0.513357,0.509244,0.504135,0.498031,0.49097,0.483023,0.474298,0.464932,0.455085,0.44493,0.434642,0.424386,0.414304,0.404512,0.395085,0.386064,0.377448,0.369201,0.361253,0.353515,0.345877,0.338225,0.330446,0.322438,0.31412,0.305436,0.296366,0.286924,0.277167,0.267185,0.257103,0.24707,0.237251,0.227813,0.218921,0.21072,0.20333,0.196845,0.191323,0.18679,0.183244,0.180654,0.178971,0.178129,0.178053,0.178667,0.179896,0.181674,0.183945,0.186669,0.189823,0.193403,0.197419,0.201899,0.206883,0.212421,0.218563,0.225362,0.232861,0.241095,0.250082,0.259822,0.270296,0.281465,0.293268,0.305629,0.318448,0.331612,0.344992
0.288684,0.302429,0.316226,0.32993,0.343403,0.356517,0.369155,0.381209,0.392584,0.403204,0.413012,0.421971,0.43007,0.437322,0.443761,0.44944,0.454427,0.458803,0.46265,0.466048,0.469069,0.47177,0.474192,0.476351,0.478243,0.479839,0.481089,0.481924,0.48226,0.482005,0.48106,0.479329,0.476725,0.473177,0.468636,0.46308,0.45652,0.449004,0.440615,0.43147,0.421715,0.411516,0.401051,0.390493,0.380004,0.369722,0.359754,0.350166,0.340988,0.33221,0.323784,0.315636,0.307667,0.299767,0.291818,0.283711,0.275347,0.266652,0.25758,0.248121,0.238302,0.228192,0.217894,0.207543,0.197294,0.187319,0.177787,0.168859,0.160676,0.153352,0.146971,0.141581,0.137199,0.133815,0.13139,0.129869,0.129181,0.129251,0.13,0.131354,0.133251,0.135638,0.138479,0.141758,0.145473,0.149642,0.154298,0.159483,0.16525,0.17165,0.178736,0.18655,0.195123,0.204468,0.214581,0.22544,0.236997,0.249191,0.26194,0.275143,0.288684,0.302429
0.24482,0.2589,0.273,0.286966,0.300667,0.313983,0.326802,0.339023,0.350555,0.361324,0.371275,0.380376,0.388618,0.396013,0.402597,0.408424,0.413561,0.418085,0.422074,0.425606,0.428745,0.431546,0.434039,0.436238,0.438132,0.439687,0.44085,0.44155,0.441701,0.441211,0.439983,0.437926,0.434957,0.431011,0.426049,0.420057,0.413058,0.405111,0.39631,0.38678,0.376677,0.366173,0.355444,0.344666,0.333996,0.323565,0.313469,0.303765,0.294473,0.28557,0.277001,0.268683,0.260513,0.252376,0.244157,0.235746,0.227051,0.218007,0.208576,0.198762,0.188604,0.178183,0.167613,0.15704,0.146627,0.136548,0.126972,0.118058,0.10994,0.102725,0.096485,0.0912606,0.0870593,0.0838601,0.0816187,0.080273,0.0797497,0.0799701,0.0808563,0.0823363,0.0843488,0.0868463,0.0897982,0.0931922,0.0970337,0.101345,0.106163,0.111535,0.117515,0.124156,0.131509,0.139615,0.1485,0.158176,0.168633,0.179841,0.191751,0.204295,0.217389,0.230936,0.24482,0.2589
0.200164,0.214571,0.228941,0.243115,0.256979,0.270432,0.283372,0.295702,0.307337,0.318203,0.32825,0.337447,0.345786,0.353283,0.359973,0.36591,0.371161,0.375799,0.379901,0.383537,0.386768,0.389642,0.392184,0.394401,0.396277,0.397773,0.398833,0.399384,0.399338,0.398604,0.397087,0.3947,0.391366,0.387028,0.381654,0.375242,0.367827,0.359476,0.350296,0.340422,0.330016,0.319252,0.308312,0.297366,0.286567,0.276036,0.26586,0.256086,0.246719,0.237729,0.22905,0.220593,0.212249,0.203902,0.195437,0.186748,0.17775,0.168386,0.15863,0.148496,0.138039,0.127351,0.116558,0.105814,0.0952892,0.085158,0.0755903,0.0667391,0.058732,0.0516661,0.0456047,0.040577,0.0365811,0.0335876,0.0315449,0.0303858,0.0300336,0.0304081,0.0314317,0.0330342,0.0351575,0.0377587,0.0408123,0.0443114,0.0482672,0.0527074,0.0576732,0.0632154,0.0693895,0.0762508,0.0838484,0.0922214,0.101393,0.11137,0.122138,0.13366,0.145882,0.158731,0.172123,0.185967,0.200164,0.214571
0.154835,0.169632,0.184247,0.198553,0.212498,0.226013,0.239009,0.251391,0.263074,0.273989,0.284084,0.293331,0.301725,0.309282,0.31604,0.322052,0.327382,0.332103,0.336286,0.339999,0.343296,0.346219,0.348787,0.351001,0.35284,0.35426,0.355202,0.35559,0.355337,0.35435,0.35254,0.349822,0.346127,0.341405,0.335633,0.328822,0.321015,0.312293,0.302772,0.292596,0.281934,0.270963,0.259864,0.248803,0.237926,0.227346,0.217137,0.207335,0.197934,0.188892,0.180136,0.171569,0.163078,0.154547,0.145862,0.136922,0.12765,0.117997,0.107951,0.0975377,0.0868248,0.0759169,0.0649513,0.0540891,0.0435049,0.0333751,0.0238666,0.0151264,0.00727408,0.000396835,-0.00545267,-0.0102555,-0.0140233,-0.0167939,-0.0186253,-0.0195898,-0.0197668,-0.0192377,-0.0180792,-0.0163594,-0.0141326,-0.011437,-0.00829275,-0.00470097,-0.00064478,0.00390873,0.00900524,0.0146989,0.0210472,0.028106,0.0359238,0.044537,0.0539664,0.0642131,0.0752573,0.0870573,0.0995499,0.112655,0.126283,0.140359,0.154835,0.169632
0.108862,0.124365,0.139161,0.153463,0.167376,0.180869,0.193853,0.206231,0.217912,0.228827,0.238925,0.24818,0.256588,0.264167,0.270955,0.277006,0.282383,0.287156,0.291393,0.295155,0.298493,0.301441,0.304014,0.306206,0.307989,0.309318,0.310127,0.310341,0.30987,0.308626,0.30652,0.303474,0.299423,0.294329,0.288177,0.280989,0.27282,0.263763,0.253943,0.243513,0.232644,0.221519,0.210315,0.199193,0.18829,0.17771,0.167514,0.157725,0.148328,0.139268,0.130465,0.121816,0.113206,0.104517,0.095639,0.0864768,0.0769609,0.0670537,0.0567548,0.0461041,0.0351815,0.0241037,0.0130176,0.00209113,-0.00849775,-0.0185731,-0.0279722,-0.0365548,-0.0442105,-0.0508627,-0.0564695,-0.0610224,-0.0645427,-0.0670761,-0.0686869,-0.0694516,-0.0694523,-0.0687706,-0.0674823,-0.0656525,-0.0633317,-0.0605532,-0.0573314,-0.0536615,-0.0495211,-0.0448718,-0.0396637,-0.0338395,-0.0273398,-0.0201082,-0.0120973,-0.00327259,0.00638317,0.0168671,0.0281543,0.0401962,0.05292,0.0662302,0.0800177,0.094202,0.108862,0.124365
0.061857,0.0794332,0.0940102,0.108008,0.121737,0.135123,0.148037,0.16036,0.171994,0.182866,0.192925,0.202146,0.210529,0.218093,0.224877,0.230935,0.236328,0.241124,0.245387,0.249173,0.252528,0.25548,0.258036,0.260186,0.261898,0.26312,0.263785,0.263814,0.26312,0.261614,0.259212,0.255842,0.251446,0.245995,0.239484,0.231947,0.223451,0.214098,0.204024,0.193388,0.182366,0.171141,0.159886,0.148756,0.137879,0.127346,0.117206,0.107472,0.0981133,0.0890686,0.0802486,0.0715455,0.0628424,0.0540225,0.0449789,0.0356239,0.0258973,0.0157724,0.00526173,-0.00558175,-0.0166654,-0.0278614,-0.039014,-0.0499498,-0.0604891,-0.0704579,-0.0796987,-0.0880793,-0.0954993,-0.101893,-0.107229,-0.111511,-0.114767,-0.117053,-0.118436,-0.118999,-0.118825,-0.117995,-0.116585,-0.114655,-0.112252,-0.109404,-0.106119,-0.102388,-0.0981814,-0.0934561,-0.0881579,-0.0822263,-0.0756003,-0.0682231,-0.0600483,-0.0510435,-0.0411942,-0.030507,-0.0190108,-0.00675934,0.00616568,0.0196464,0.0335142,0.0475594,0.061857,0.0794332
0.0314061,0.0372807,0.0490168,0.0622056,0.0756401,0.0888764,0.101685,0.113917,0.125466,0.136254,0.146235,0.155386,0.163708,0.171222,0.177969,0.184002,0.189383,0.194174,0.198437,0.202224,0.205574,0.208508,0.21103,0.213121,0.214745,0.215846,0.216356,0.216193,0.21527,0.213502,0.210808,0.207121,0.202394,0.196604,0.189761,0.181906,0.17312,0.163514,0.153234,0.142444,0.131324,0.120053,0.108802,0.0977171,0.086915,0.0764745,0.0664339,0.0567908,0.0475056,0.0385067,0.0296981,0.0209682,0.0121988,0.00327516,-0.00590457,-0.0154204,-0.0253228,-0.0356263,-0.0463055,-0.0572945,-0.0684883,-0.0797489,-0.090913,-0.101803,-0.112239,-0.122051,-0.131086,-0.139223,-0.146371,-0.152477,-0.157519,-0.16151,-0.16449,-0.166519,-0.167673,-0.168034,-0.167689,-0.166719,-0.165195,-0.163177,-0.160705,-0.157803,-0.154474,-0.1507,-0.146447,-0.141668,-0.136303,-0.130289,-0.123565,-0.116072,-0.107765,-0.0986136,-0.0886065,-0.0777524,-0.0660824,-0.0536507,-0.0405379,-0.0268668,-0.0128713,0.000788071,0.0115263,0.0149225
-0.0314155,-0.0108052,0.00228449,0.0156741,0.0290745,0.0422225,0.0549258,0.0670441,0.0784748,0.0891462,0.0990137,0.108059,0.116285,0.123717,0.130396,0.136376,0.141716,0.146478,0.150718,0.154483,0.157807,0.160704,0.163173,0.16519,0.166713,0.167683,0.168028,0.167667,0.166514,0.164485,0.161505,0.157513,0.152471,0.146366,0.139218,0.131081,0.122046,0.112234,0.101798,0.0909081,0.0797441,0.0684835,0.0572897,0.0463008,0.0356216,0.0253182,0.0154159,0.00590006,-0.00327964,-0.0122032,-0.0209726,-0.0297026,-0.0385111,-0.0475101,-0.0567953,-0.0664385,-0.0764791,-0.0869196,-0.0977217,-0.108807,-0.120058,-0.131329,-0.142449,-0.153239,-0.163519,-0.173124,-0.181911,-0.189766,-0.196609,-0.202399,-0.207127,-0.210813,-0.213507,-0.215276,-0.216198,-0.216362,-0.215852,-0.21475,-0.213125,-0.211033,-0.208508,-0.20557,-0.202214,-0.198418,-0.194142,-0.189332,-0.183926,-0.177859,-0.171065,-0.163488,-0.155084,-0.145823,-0.135697,-0.124717,-0.112914,-0.100338,-0.0870516,-0.0731095,-0.0584937,-0.0428177,-0.0314155,-0.0314155
