-0.0314108,-0.00561784,0.017434,0.0395192,0.0611204,0.0823807,0.103338,0.12399,0.144316,0.164288,0.183871,0.203024,0.221708,0.239879,0.257493,0.274506,0.290872,0.306549,0.321491,0.335657,0.349003,0.361485,0.373059,0.383675,0.393279,0.40181,0.409197,0.415358,0.420202,0.423624,0.42551,0.425732,0.424152,0.420617,0.414955,0.406976,0.396462,0.383163,0.366797,0.347063,0.323684,0.296532,0.265824,0.23236,0.197532,0.162946,0.129838,0.0987618,0.0696738,0.04219,0.0157946,-0.010056,-0.0359028,-0.0622839,-0.0897301,-0.11872,-0.149557,-0.182144,-0.215768,-0.249112,-0.280658,-0.309223,-0.334213,-0.355539,-0.373384,-0.388034,-0.399787,-0.408915,-0.415659,-0.42023,-0.422813,-0.423573,-0.422655,-0.420192,-0.416303,-0.411093,-0.404656,-0.397073,-0.388415,-0.378743,-0.36811,-0.356565,-0.34415,-0.33091,-0.316885,-0.302119,-0.286657,-0.270543,-0.253827,-0.236556,-0.218781,-0.200555,-0.181932,-0.162967,-0.143722,-0.124266,-0.104683,-0.0850919,-0.0657084,-0.0470478,-0.0314061,0.0314155
-0.0125662,0.0096091,0.0317345,0.0534813,0.0748654,0.0959159,0.116639,0.137021,0.157039,0.176662,0.195853,0.214574,0.232783,0.250438,0.267497,0.283916,0.299652,0.314664,0.328909,0.342349,0.354944,0.366652,0.377432,0.387238,0.396016,0.403708,0.410244,0.415543,0.419513,0.422049,0.423032,0.422332,0.419802,0.415279,0.408577,0.399487,0.387769,0.373149,0.35533,0.334028,0.309058,0.280512,0.248982,0.215652,0.18204,0.149464,0.118636,0.0896522,0.0622108,0.0358328,0.00998753,-0.0158632,-0.0422603,-0.0697475,-0.0988406,-0.129924,-0.16304,-0.197637,-0.232477,-0.265956,-0.296679,-0.32385,-0.347248,-0.367007,-0.383399,-0.396729,-0.407277,-0.415294,-0.420998,-0.424582,-0.426215,-0.426052,-0.424232,-0.420883,-0.41612,-0.410048,-0.402761,-0.394339,-0.384856,-0.374373,-0.362947,-0.350627,-0.337462,-0.323496,-0.308775,-0.293344,-0.277251,-0.260544,-0.243272,-0.225486,-0.207237,-0.188577,-0.169562,-0.150246,-0.130689,-0.110956,-0.0911214,-0.0712774,-0.0515384,-0.032018,-0.0125662,0.0096091
0.00350569,0.0247874,0.0462618,0.0676007,0.0886839,0.109463,0.129906,0.149984,0.169665,0.188913,0.207691,0.225958,0.243673,0.260795,0.277281,0.29309,0.308182,0.322517,0.336057,0.348765,0.360604,0.371537,0.381524,0.390521,0.398477,0.405334,0.411021,0.415459,0.418552,0.420193,0.420261,0.418617,0.415107,0.409554,0.401758,0.39149,0.378488,0.362466,0.343137,0.320286,0.293907,0.264416,0.232782,0.200385,0.168558,0.138145,0.109386,0.0820747,0.0557831,0.0300037,0.0042085,-0.0221394,-0.0495875,-0.0786742,-0.109847,-0.143276,-0.178584,-0.214669,-0.24991,-0.28273,-0.312108,-0.337661,-0.359443,-0.377702,-0.392739,-0.404842,-0.414269,-0.421244,-0.425962,-0.4286,-0.429313,-0.428249,-0.425541,-0.421313,-0.41568,-0.408747,-0.400607,-0.391346,-0.381036,-0.369743,-0.357525,-0.344435,-0.330525,-0.315842,-0.300434,-0.28435,-0.26764,-0.250352,-0.232539,-0.21425,-0.195539,-0.176457,-0.157057,-0.137393,-0.117521,-0.0974972,-0.077381,-0.0572289,-0.0370809,-0.0169113,0.00350569,0.0247874
0.0185731,0.0395775,0.0606743,0.0816709,0.102447,0.122929,0.143065,0.162813,0.182133,0.200985,0.219328,0.237122,0.254325,0.270896,0.286795,0.301982,0.316419,0.330069,0.342897,0.354869,0.365953,0.376112,0.38531,0.393505,0.400645,0.406672,0.411516,0.415094,0.417309,0.41805,0.417188,0.41458,0.410059,0.403435,0.394492,0.382982,0.368633,0.351163,0.330339,0.306091,0.278686,0.24889,0.21791,0.187042,0.157218,0.128811,0.101723,0.0755909,0.0499394,0.0242582,-0.00197891,-0.0293148,-0.0582973,-0.089418,-0.122953,-0.158701,-0.19574,-0.232507,-0.267297,-0.298858,-0.326616,-0.350512,-0.370751,-0.387623,-0.401418,-0.412396,-0.420785,-0.426784,-0.430569,-0.4323,-0.432124,-0.43018,-0.426598,-0.421501,-0.415004,-0.407212,-0.398223,-0.388122,-0.376987,-0.364887,-0.351882,-0.33803,-0.323383,-0.307993,-0.291912,-0.275189,-0.257875,-0.240023,-0.221682,-0.202906,-0.183746,-0.164253,-0.144479,-0.124475,-0.104292,-0.0839801,-0.0635847,-0.0431428,-0.0226691,-0.00213203,0.0185731,0.0395775
0.0331066,0.0539836,0.0748396,0.0955592,0.116046,0.136226,0.15604,0.17544,0.19438,0.212817,0.230709,0.248013,0.264688,0.280695,0.295995,0.310549,0.324323,0.337283,0.349397,0.360636,0.370967,0.38036,0.388777,0.396177,0.40251,0.407716,0.411723,0.414444,0.41578,0.415614,0.413812,0.410218,0.404656,0.396921,0.386783,0.373983,0.358252,0.339351,0.317163,0.291842,0.263971,0.234572,0.20485,0.175785,0.147864,0.121099,0.0952032,0.0697432,0.044234,0.018166,-0.00899129,-0.0377838,-0.0687281,-0.102182,-0.138105,-0.175783,-0.213781,-0.25034,-0.284,-0.313967,-0.34004,-0.362356,-0.381179,-0.396794,-0.409462,-0.419413,-0.426845,-0.431934,-0.434838,-0.435704,-0.43467,-0.431869,-0.42743,-0.421474,-0.414119,-0.405474,-0.395639,-0.384703,-0.372748,-0.359846,-0.346061,-0.331455,-0.316084,-0.300001,-0.28326,-0.265913,-0.248013,-0.229611,-0.210761,-0.191513,-0.171918,-0.152028,-0.131893,-0.111561,-0.0910791,-0.0704925,-0.0498402,-0.0291517,-0.00844078,0.0123021,0.0331066,0.0539836
0.047237,0.068023,0.0886973,0.109181,0.129396,0.149276,0.168762,0.187802,0.206348,0.224355,0.241779,0.258579,0.274715,0.290146,0.304837,0.318753,0.33186,0.34413,0.355533,0.366042,0.37563,0.384265,0.391912,0.398531,0.404068,0.408463,0.41164,0.41351,0.413968,0.41289,0.410133,0.405534,0.398903,0.390024,0.378656,0.364544,0.347452,0.327234,0.303957,0.278047,0.250345,0.221933,0.193789,0.166487,0.140149,0.114569,0.089366,0.0640864,0.0382434,0.011325,-0.0172028,-0.0478649,-0.0810756,-0.11693,-0.154925,-0.193816,-0.231869,-0.26747,-0.299597,-0.327871,-0.352332,-0.373204,-0.390756,-0.405246,-0.416902,-0.42592,-0.432474,-0.436717,-0.438792,-0.438834,-0.436974,-0.433342,-0.428064,-0.421263,-0.413061,-0.40357,-0.392894,-0.381129,-0.36836,-0.354664,-0.34011,-0.324762,-0.308679,-0.291918,-0.274533,-0.25658,-0.23811,-0.219177,-0.199833,-0.180129,-0.160117,-0.139845,-0.119364,-0.0987184,-0.0779548,-0.0571144,-0.0362339,-0.0153429,0.00553881,0.0264011,0.047237,0.068023
0.06099,0.0816906,0.102206,0.122474,0.142429,0.162011,0.181164,0.199835,0.217976,0.235542,0.252488,0.268774,0.284359,0.299208,0.313285,0.326559,0.339001,0.350584,0.361284,0.371074,0.37993,0.387822,0.394714,0.400565,0.405321,0.408916,0.411274,0.412298,0.411877,0.409882,0.406161,0.400539,0.392817,0.382772,0.370164,0.354766,0.336414,0.315113,0.291162,0.265229,0.238256,0.211179,0.184628,0.158823,0.133641,0.108762,0.0837697,0.0582056,0.0315813,0.0033828,-0.0269089,-0.0597402,-0.0953125,-0.133319,-0.172739,-0.211954,-0.249262,-0.28343,-0.313878,-0.340517,-0.363507,-0.383093,-0.399521,-0.413014,-0.423766,-0.431944,-0.437696,-0.441157,-0.442456,-0.441718,-0.439068,-0.434631,-0.428535,-0.420906,-0.411868,-0.401539,-0.390031,-0.377444,-0.36387,-0.349391,-0.334079,-0.318002,-0.301223,-0.2838,-0.265789,-0.247247,-0.228225,-0.208779,-0.188959,-0.168818,-0.148404,-0.127768,-0.106956,-0.0860151,-0.0649886,-0.043917,-0.0228373,-0.00178122,0.0192243,0.0401563,0.06099,0.0816906
0.0743531,0.0949637,0.115327,0.135387,0.155088,0.174373,0.193189,0.211485,0.229213,0.246328,0.262788,0.278551,0.293582,0.307844,0.321307,0.333942,0.345724,0.356629,0.366636,0.375722,0.383862,0.391028,0.397183,0.402284,0.406274,0.409084,0.410631,0.410816,0.40952,0.406605,0.401911,0.395255,0.386432,0.37522,0.361402,0.344809,0.325399,0.303371,0.27924,0.253801,0.227917,0.202242,0.177074,0.152375,0.127888,0.103242,0.0780091,0.0517304,0.0239174,-0.00593163,-0.0382743,-0.0733863,-0.11113,-0.150719,-0.190718,-0.229426,-0.265442,-0.297975,-0.326777,-0.351921,-0.373608,-0.392067,-0.407512,-0.42013,-0.430081,-0.437506,-0.442532,-0.445277,-0.445856,-0.444385,-0.440982,-0.435772,-0.428882,-0.420443,-0.410584,-0.39943,-0.3871,-0.373701,-0.359332,-0.34408,-0.328023,-0.311233,-0.293773,-0.275705,-0.257086,-0.237973,-0.218419,-0.198478,-0.178201,-0.157639,-0.136841,-0.115857,-0.0947336,-0.0735152,-0.0522454,-0.0309652,-0.00971241,0.0114779,0.0325736,0.0535431,0.0743531,0.0949637
0.0872965,0.107809,0.128018,0.147873,0.16732,0.186307,0.204783,0.222699,0.240008,0.256668,0.272635,0.287873,0.302346,0.316023,0.328875,0.340879,0.352011,0.362253,0.371584,0.379984,0.387428,0.393889,0.399328,0.403697,0.406938,0.408978,0.409727,0.40908,0.406912,0.403077,0.397408,0.389718,0.379802,0.367458,0.352514,0.334901,0.314736,0.292406,0.268563,0.243975,0.219289,0.194861,0.17073,0.146705,0.122464,0.0976147,0.0717304,0.0443525,0.0150052,-0.0167636,-0.0512747,-0.0885235,-0.127948,-0.168336,-0.208078,-0.245673,-0.280132,-0.311026,-0.338314,-0.362134,-0.382687,-0.400171,-0.414764,-0.426619,-0.435869,-0.442629,-0.447005,-0.449101,-0.449018,-0.446864,-0.442752,-0.436804,-0.429149,-0.419922,-0.409259,-0.397293,-0.384152,-0.369953,-0.3548,-0.338788,-0.322001,-0.304511,-0.286388,-0.267693,-0.248484,-0.228819,-0.208751,-0.188334,-0.167618,-0.146654,-0.125491,-0.104177,-0.0827584,-0.0612807,-0.0397872,-0.0183193,0.00308328,0.0243829,0.0455429,0.066527,0.0872965,0.107809
0.0997829,0.120189,0.14024,0.159886,0.179077,0.197764,0.215897,0.23343,0.250317,0.266517,0.281991,0.296703,0.310622,0.323719,0.33597,0.347354,0.357853,0.367449,0.376125,0.383862,0.390635,0.396413,0.401158,0.404818,0.407329,0.408614,0.408578,0.407109,0.404075,0.399326,0.392691,0.383982,0.373011,0.359614,0.343698,0.325323,0.304767,0.28255,0.259336,0.235739,0.212147,0.188669,0.165177,0.1414,0.116987,0.0915444,0.0646468,0.0358498,0.00471975,-0.0290846,-0.0656552,-0.104624,-0.14502,-0.185396,-0.224233,-0.260383,-0.293234,-0.322602,-0.348544,-0.371215,-0.390793,-0.407441,-0.421304,-0.432504,-0.441147,-0.447328,-0.451133,-0.452649,-0.451968,-0.449187,-0.444413,-0.437768,-0.429381,-0.419392,-0.407945,-0.395184,-0.381246,-0.366258,-0.350334,-0.333576,-0.316071,-0.297899,-0.279128,-0.259823,-0.240044,-0.219846,-0.199283,-0.178408,-0.157272,-0.135924,-0.114412,-0.0927861,-0.0710908,-0.0493718,-0.027673,-0.00603697,0.0154951,0.0368831,0.0580873,0.0790677,0.0997829,0.120189
0.111771,0.132061,0.151947,0.171381,0.190314,0.208698,0.226486,0.243634,0.260098,0.275839,0.290822,0.305013,0.318385,0.330913,0.342577,0.353359,0.363245,0.372219,0.380265,0.387365,0.393492,0.398614,0.402689,0.405662,0.407464,0.408011,0.407205,0.404927,0.401041,0.395392,0.387812,0.378125,0.366175,0.351859,0.335191,0.316362,0.295778,0.273992,0.251566,0.228901,0.206157,0.18327,0.160018,0.136094,0.11114,0.0847646,0.0565592,0.0261168,-0.0069048,-0.0426605,-0.0809377,-0.120998,-0.1616,-0.201294,-0.238834,-0.273436,-0.304762,-0.332762,-0.357534,-0.37922,-0.397968,-0.413908,-0.427153,-0.437799,-0.445929,-0.451615,-0.454928,-0.45594,-0.454729,-0.451383,-0.446003,-0.438706,-0.429626,-0.418907,-0.406701,-0.393163,-0.378443,-0.362679,-0.345996,-0.328504,-0.310296,-0.291456,-0.272055,-0.252159,-0.231827,-0.211114,-0.190075,-0.168761,-0.147222,-0.125508,-0.103667,-0.0817452,-0.0597901,-0.037847,-0.0159603,0.00582628,0.02747,0.0489286,0.07016,0.0911218,0.111771,0.132061
0.123216,0.143383,0.163099,0.182317,0.200988,0.219068,0.23651,0.253273,0.269316,0.284602,0.299099,0.312779,0.325616,0.337592,0.348688,0.358891,0.368189,0.376568,0.384013,0.390504,0.396015,0.400509,0.40394,0.406249,0.407363,0.407193,0.405635,0.402566,0.397848,0.391327,0.382844,0.372251,0.359441,0.344394,0.327234,0.308265,0.287939,0.266751,0.245093,0.223164,0.200951,0.178287,0.154906,0.130486,0.104675,0.0770977,0.0473804,0.0151939,-0.0196517,-0.0570601,-0.0964961,-0.136943,-0.177085,-0.215657,-0.251738,-0.284835,-0.314777,-0.341582,-0.365348,-0.386197,-0.404245,-0.419592,-0.432324,-0.442513,-0.450219,-0.455497,-0.458401,-0.458988,-0.457321,-0.453479,-0.447555,-0.439662,-0.429934,-0.41852,-0.405584,-0.391291,-0.375805,-0.359279,-0.34185,-0.323636,-0.30474,-0.285247,-0.265231,-0.24476,-0.223893,-0.202684,-0.181188,-0.159453,-0.13753,-0.115467,-0.0933122,-0.0711123,-0.048914,-0.026763,-0.00470472,0.0172163,0.0389557,0.0604696,0.081714,0.102645,0.123216,0.143383
0.134076,0.154113,0.173653,0.19265,0.211059,0.228833,0.245931,0.262312,0.277939,0.292779,0.306802,0.319984,0.332304,0.343748,0.3543,0.363952,0.372691,0.380507,0.387382,0.393297,0.398221,0.402115,0.40493,0.406601,0.40705,0.406186,0.403898,0.400063,0.394544,0.387195,0.377878,0.366486,0.352975,0.337418,0.320033,0.30118,0.281278,0.260698,0.239657,0.218189,0.196175,0.173392,0.149556,0.124349,0.0974346,0.0684726,0.0371564,0.00328255,-0.033133,-0.07172,-0.111679,-0.151872,-0.191083,-0.228316,-0.262935,-0.294642,-0.323361,-0.349133,-0.372042,-0.392185,-0.409649,-0.424508,-0.436823,-0.446646,-0.454017,-0.458975,-0.461555,-0.461799,-0.459758,-0.455497,-0.449099,-0.440674,-0.430352,-0.418288,-0.404654,-0.389632,-0.3734,-0.356126,-0.337963,-0.31904,-0.299467,-0.279334,-0.25872,-0.23769,-0.216304,-0.194617,-0.17268,-0.150542,-0.128252,-0.105858,-0.0834066,-0.0609447,-0.0385189,-0.0161755,0.00603942,0.0280802,0.0499012,0.0714571,0.0927021,0.113591,0.134076,0.154113
0.144307,0.164207,0.183568,0.202343,0.220488,0.23796,0.254717,0.270723,0.285943,0.300347,0.313912,0.326615,0.338442,0.349379,0.359418,0.368549,0.376763,0.384048,0.390388,0.395759,0.400129,0.403454,0.405681,0.406741,0.406553,0.405019,0.402031,0.397465,0.391189,0.383078,0.373022,0.360967,0.346943,0.331102,0.313716,0.295135,0.275691,0.255607,0.234953,0.213652,0.191523,0.16832,0.14376,0.117542,0.0893621,0.0589401,0.0260748,-0.0092684,-0.0468452,-0.0860479,-0.125931,-0.165387,-0.203403,-0.239242,-0.272482,-0.302945,-0.330597,-0.355481,-0.377664,-0.397215,-0.414197,-0.428662,-0.440651,-0.450194,-0.457317,-0.46204,-0.464383,-0.464374,-0.462046,-0.457451,-0.450661,-0.441776,-0.430924,-0.418263,-0.403973,-0.388251,-0.371294,-0.353289,-0.334404,-0.314782,-0.294542,-0.273783,-0.252582,-0.231009,-0.209121,-0.186972,-0.164611,-0.142087,-0.119448,-0.0967384,-0.0740062,-0.0512978,-0.0286596,-0.00613833,0.0162193,0.0383665,0.0602566,0.0818427,0.103078,0.123915,0.144307,0.164207
0.153867,0.173626,0.192805,0.211359,0.229243,0.246416,0.262839,0.27848,0.293306,0.307292,0.320418,0.332667,0.344027,0.35449,0.364047,0.372693,0.380418,0.38721,0.39305,0.397912,0.40176,0.404548,0.406216,0.406695,0.405898,0.403728,0.400076,0.394824,0.387854,0.379065,0.36839,0.355831,0.341484,0.32555,0.308309,0.290048,0.270984,0.251209,0.230684,0.209267,0.186748,0.16288,0.137394,0.110021,0.0805112,0.0486747,0.0144491,-0.0220117,-0.0602569,-0.0995269,-0.138858,-0.177278,-0.213997,-0.248489,-0.280472,-0.309835,-0.336562,-0.360685,-0.382252,-0.40131,-0.417901,-0.432057,-0.4438,-0.453146,-0.460104,-0.464678,-0.466874,-0.466703,-0.464182,-0.459347,-0.452256,-0.442996,-0.431689,-0.418494,-0.403598,-0.387214,-0.369557,-0.350837,-0.331241,-0.31093,-0.290034,-0.268657,-0.246882,-0.224778,-0.202402,-0.179806,-0.157038,-0.134145,-0.111171,-0.088163,-0.0651657,-0.0422256,-0.0193893,0.00329622,0.0257836,0.0480252,0.0699732,0.0915794,0.112796,0.133574,0.153867,0.173626
0.162716,0.182332,0.20133,0.219663,0.237291,0.254173,0.270274,0.285563,0.300013,0.313602,0.326315,0.338139,0.349065,0.359087,0.3682,0.376399,0.383673,0.390009,0.395385,0.399774,0.403134,0.405417,0.40656,0.40649,0.405119,0.40235,0.39808,0.392201,0.384615,0.375252,0.364091,0.351187,0.336681,0.320787,0.303746,0.285757,0.266923,0.247237,0.226591,0.204809,0.181678,0.156961,0.130422,0.101841,0.0710438,0.0379577,0.00267507,-0.0344748,-0.0728963,-0.11178,-0.15024,-0.187481,-0.222907,-0.256146,-0.287002,-0.315398,-0.341322,-0.364792,-0.385838,-0.404489,-0.420767,-0.434689,-0.446262,-0.455486,-0.462358,-0.466868,-0.469006,-0.468766,-0.466151,-0.461177,-0.453885,-0.444348,-0.432676,-0.419023,-0.403583,-0.386581,-0.368256,-0.34884,-0.328547,-0.307555,-0.286009,-0.264022,-0.241682,-0.219058,-0.196207,-0.173178,-0.150018,-0.12677,-0.103478,-0.0801857,-0.0569379,-0.0337804,-0.0107594,0.0120777,0.0346831,0.0570082,0.0790042,0.100622,0.121812,0.142527,0.162716,0.182332
0.170816,0.19029,0.209108,0.227227,0.244606,0.261208,0.277001,0.291957,0.306053,0.319272,0.331602,0.343033,0.353561,0.363181,0.37189,0.379681,0.386544,0.392463,0.397414,0.401365,0.404273,0.406086,0.406738,0.406153,0.404248,0.400927,0.396094,0.389658,0.381547,0.371724,0.360212,0.347102,0.332554,0.316759,0.299891,0.282057,0.263271,0.243454,0.222466,0.20012,0.176212,0.150537,0.1229,0.0931507,0.0612121,0.0271386,-0.00883,-0.0462332,-0.0844088,-0.122582,-0.159995,-0.196022,-0.23022,-0.262317,-0.292168,-0.319714,-0.344938,-0.367847,-0.388452,-0.406768,-0.422801,-0.436554,-0.448023,-0.457196,-0.464055,-0.46858,-0.470748,-0.470535,-0.467927,-0.462922,-0.45554,-0.445834,-0.433899,-0.41988,-0.403972,-0.386411,-0.367456,-0.34737,-0.326391,-0.304725,-0.282534,-0.259943,-0.237044,-0.213909,-0.190593,-0.167144,-0.143604,-0.120016,-0.0964196,-0.0728577,-0.0493735,-0.0260119,-0.00281898,0.0201579,0.0428705,0.0652694,0.087305,0.108927,0.130086,0.150732,0.170816,0.19029
0.178132,0.197466,0.216111,0.234023,0.251166,0.267503,0.283007,0.297653,0.311422,0.324301,0.336281,0.347357,0.357526,0.366785,0.37513,0.382556,0.389048,0.39459,0.399154,0.402705,0.405197,0.406575,0.406773,0.405716,0.40332,0.3995,0.394169,0.387257,0.378717,0.368548,0.356802,0.34359,0.329058,0.313352,0.296571,0.278743,0.259816,0.239676,0.218167,0.195112,0.170332,0.143661,0.114966,0.0841769,0.051324,0.016584,-0.0196882,-0.0569602,-0.0945736,-0.131839,-0.168137,-0.202982,-0.236039,-0.267103,-0.29606,-0.322855,-0.347467,-0.369889,-0.39012,-0.408161,-0.424007,-0.437648,-0.449071,-0.458254,-0.465169,-0.469784,-0.472062,-0.471969,-0.46947,-0.464545,-0.45719,-0.447437,-0.435358,-0.421083,-0.4048,-0.386752,-0.36722,-0.346493,-0.324846,-0.302513,-0.279679,-0.256485,-0.233031,-0.20939,-0.185617,-0.161757,-0.13785,-0.113933,-0.0900463,-0.0662281,-0.0425207,-0.0189677,0.00438541,0.0274912,0.0503011,0.0727654,0.0948335,0.116455,0.137578,0.158154,0.178132,0.197466
0.184634,0.203834,0.222313,0.240031,0.256951,0.273043,0.28828,0.302643,0.316116,0.32869,0.340359,0.35112,0.360972,0.369912,0.377938,0.385039,0.391203,0.396407,0.400622,0.40381,0.405924,0.406906,0.406691,0.405205,0.402371,0.39811,0.392353,0.385049,0.376177,0.365761,0.353871,0.340612,0.326099,0.310419,0.293606,0.275628,0.256394,0.235775,0.213619,0.189771,0.16409,0.13646,0.106821,0.0751902,0.0417006,0.00662769,-0.0296031,-0.0664438,-0.103288,-0.13955,-0.174732,-0.208459,-0.24047,-0.270603,-0.29876,-0.324889,-0.34896,-0.370957,-0.390869,-0.408684,-0.42439,-0.437968,-0.449394,-0.45864,-0.46567,-0.470441,-0.472908,-0.473021,-0.47073,-0.465996,-0.458792,-0.449121,-0.437031,-0.422627,-0.406083,-0.387641,-0.367597,-0.346274,-0.32398,-0.300987,-0.277512,-0.253713,-0.229703,-0.205558,-0.181333,-0.15707,-0.132805,-0.108571,-0.0844054,-0.0603433,-0.0364248,-0.012692,0.0108102,0.0340349,0.0569334,0.0794556,0.10155,0.123166,0.144253,0.164758,0.184634,0.203834
0.190294,0.209368,0.227693,0.245231,0.261949,0.277818,0.292816,0.306927,0.320138,0.332445,0.343843,0.354332,0.363911,0.372577,0.380326,0.387146,0.393021,0.397928,0.401834,0.404699,0.406473,0.4071,0.406515,0.404649,0.401431,0.396794,0.390684,0.38307,0.373951,0.363366,0.351384,0.338089,0.323553,0.307808,0.290836,0.272567,0.252892,0.231683,0.208809,0.184146,0.157598,0.129113,0.0987025,0.0664709,0.032635,-0.00246428,-0.0383753,-0.0745764,-0.110535,-0.145767,-0.179875,-0.212561,-0.243617,-0.272908,-0.300346,-0.325877,-0.349466,-0.371089,-0.390726,-0.408357,-0.423961,-0.437513,-0.448984,-0.458337,-0.465531,-0.470517,-0.47324,-0.473638,-0.471649,-0.467213,-0.460282,-0.45083,-0.438873,-0.424484,-0.407814,-0.389095,-0.368629,-0.346766,-0.323858,-0.300218,-0.276101,-0.251693,-0.227122,-0.202471,-0.177795,-0.153133,-0.128516,-0.103976,-0.0795411,-0.0552461,-0.0311277,-0.00722615,0.0164151,0.0397498,0.0627292,0.0853033,0.10742,0.129029,0.150078,0.170516,0.190294,0.209368
0.19509,0.214048,0.232233,0.24961,0.266148,0.281821,0.296611,0.310505,0.323493,0.335574,0.346744,0.357005,0.366355,0.374792,0.382307,0.388889,0.394518,0.399167,0.402803,0.405384,0.40686,0.407174,0.406266,0.404071,0.400527,0.395579,0.389188,0.381337,0.372038,0.361332,0.349275,0.335918,0.321291,0.305381,0.288133,0.269459,0.24925,0.227392,0.203782,0.178338,0.151016,0.121827,0.0908555,0.0582758,0.0243641,-0.0105078,-0.0458969,-0.0813312,-0.116357,-0.150576,-0.183668,-0.215393,-0.245578,-0.274103,-0.30089,-0.325881,-0.349037,-0.370326,-0.389723,-0.4072,-0.422733,-0.436289,-0.447836,-0.457332,-0.464731,-0.469979,-0.473014,-0.473766,-0.472161,-0.468124,-0.461583,-0.452485,-0.440812,-0.426599,-0.409961,-0.391106,-0.370334,-0.348014,-0.324537,-0.30027,-0.275513,-0.250489,-0.225349,-0.200184,-0.175054,-0.149994,-0.125031,-0.100189,-0.0754944,-0.0509762,-0.0266679,-0.00260725,0.021164,0.0446005,0.0676544,0.0902753,0.112412,0.134013,0.155026,0.175401,0.19509,0.214048
0.199002,0.217858,0.235922,0.25316,0.269544,0.285052,0.299667,0.313381,0.326188,0.338085,0.349072,0.35915,0.368317,0.376568,0.383893,0.390278,0.395702,0.400134,0.40354,0.405878,0.407097,0.407144,0.405962,0.403491,0.399679,0.394482,0.387872,0.379843,0.37041,0.359604,0.347458,0.333993,0.319197,0.303027,0.28541,0.266254,0.245461,0.222943,0.19863,0.172488,0.144527,0.114817,0.083504,0.0508142,0.0170557,-0.0173971,-0.0521322,-0.0867356,-0.120825,-0.154073,-0.186216,-0.217055,-0.246442,-0.27427,-0.300462,-0.32496,-0.347722,-0.36871,-0.387894,-0.405243,-0.420726,-0.434309,-0.445954,-0.455619,-0.463253,-0.468799,-0.472191,-0.473353,-0.472203,-0.46865,-0.462606,-0.453992,-0.442754,-0.428886,-0.412457,-0.393637,-0.372705,-0.350038,-0.326064,-0.301202,-0.275813,-0.250166,-0.224443,-0.198754,-0.173161,-0.147699,-0.12239,-0.0972508,-0.0723026,-0.0475691,-0.0230794,0.0011317,0.0250249,0.0485564,0.0716791,0.0943435,0.116498,0.138092,0.159073,0.179392,0.199002,0.217858
0.202017,0.220789,0.238752,0.255876,0.272134,0.287509,0.301988,0.315562,0.328229,0.339987,0.350836,0.360777,0.369805,0.377914,0.385093,0.391323,0.396581,0.400837,0.404054,0.406189,0.407196,0.407021,0.405613,0.402919,0.398895,0.393504,0.386728,0.378563,0.369018,0.358109,0.345845,0.332213,0.317177,0.300673,0.282625,0.262947,0.241564,0.218417,0.193477,0.166756,0.138316,0.108278,0.0768324,0.0442378,0.010811,-0.023091,-0.0570969,-0.0908494,-0.124027,-0.156356,-0.187618,-0.217642,-0.246296,-0.273483,-0.299128,-0.323174,-0.345573,-0.366287,-0.385279,-0.402517,-0.417966,-0.43159,-0.44335,-0.4532,-0.46109,-0.466959,-0.47074,-0.472354,-0.471712,-0.468716,-0.463262,-0.455247,-0.444587,-0.431232,-0.415201,-0.39661,-0.375699,-0.352833,-0.328463,-0.303063,-0.27706,-0.250786,-0.224466,-0.198235,-0.172166,-0.146293,-0.120633,-0.0951973,-0.0699991,-0.0450559,-0.0203919,0.00396252,0.0279708,0.0515915,0.0747789,0.0974844,0.119657,0.141247,0.162202,0.182474,0.202017,0.220789
0.204127,0.222833,0.240718,0.257755,0.273921,0.289199,0.303579,0.317055,0.329626,0.341289,0.352046,0.361894,0.370828,0.378838,0.385912,0.392028,0.397162,0.401281,0.404349,0.406325,0.407161,0.406811,0.405225,0.402358,0.398171,0.392635,0.385732,0.377455,0.367804,0.356776,0.344353,0.330502,0.315167,0.298281,0.279771,0.25957,0.237629,0.213922,0.188462,0.161304,0.132553,0.102371,0.0709766,0.0386415,0.00567457,-0.0275948,-0.0608385,-0.0937491,-0.126054,-0.157523,-0.187968,-0.217239,-0.245219,-0.271815,-0.296955,-0.320581,-0.342645,-0.363104,-0.381921,-0.399061,-0.414486,-0.428161,-0.440043,-0.450088,-0.458244,-0.464451,-0.468642,-0.470735,-0.47064,-0.468252,-0.463459,-0.456142,-0.446187,-0.433505,-0.418061,-0.399909,-0.379231,-0.356353,-0.331731,-0.305881,-0.279304,-0.252406,-0.225474,-0.198681,-0.172116,-0.145817,-0.119797,-0.0940612,-0.0686131,-0.0434634,-0.0186298,0.00586223,0.0299803,0.0536856,0.0769347,0.0996802,0.121873,0.143462,0.164399,0.184636,0.204127,0.222833
0.205328,0.223989,0.241823,0.258802,0.274908,0.290126,0.304448,0.317868,0.330386,0.342,0.352709,0.362508,0.37139,0.379345,0.386354,0.392396,0.397445,0.401468,0.404428,0.406285,0.406995,0.406514,0.404796,0.401802,0.397496,0.391851,0.384847,0.376471,0.366708,0.355535,0.342917,0.328805,0.313137,0.295848,0.27688,0.256188,0.233751,0.20958,0.183725,0.156278,0.127379,0.0972169,0.0660247,0.0340715,0.00164906,-0.0309448,-0.0634221,-0.0955176,-0.126998,-0.157664,-0.187353,-0.215929,-0.243285,-0.269334,-0.294006,-0.317241,-0.338992,-0.359214,-0.377868,-0.394918,-0.410326,-0.424054,-0.436062,-0.446304,-0.454729,-0.461279,-0.465887,-0.468473,-0.468946,-0.467202,-0.463121,-0.456574,-0.447426,-0.435557,-0.420879,-0.40338,-0.383168,-0.360507,-0.335822,-0.309656,-0.282575,-0.255076,-0.227522,-0.200144,-0.173057,-0.146312,-0.119917,-0.0938715,-0.0681697,-0.0428134,-0.0178127,0.00681337,0.0310373,0.0548241,0.0781331,0.100919,0.123134,0.14473,0.165658,0.185871,0.205328,0.223989
0.205621,0.224261,0.24207,0.259023,0.275104,0.2903,0.304603,0.318011,0.330519,0.342127,0.352831,0.362624,0.371497,0.379436,0.386421,0.392429,0.397432,0.401398,0.40429,0.40607,0.406695,0.406125,0.404318,0.401236,0.396846,0.39112,0.384033,0.37556,0.365673,0.354333,0.341494,0.327097,0.311084,0.2934,0.274005,0.25288,0.230034,0.205512,0.179393,0.151802,0.122903,0.0928973,0.0620224,0.0305363,-0.00129178,-0.033195,-0.0649205,-0.0962376,-0.126943,-0.156863,-0.185851,-0.213785,-0.240564,-0.266106,-0.290341,-0.313213,-0.33467,-0.35467,-0.373171,-0.390137,-0.40553,-0.419313,-0.431443,-0.441879,-0.45057,-0.457459,-0.462482,-0.465562,-0.466611,-0.465525,-0.462184,-0.456455,-0.44819,-0.437243,-0.423485,-0.40684,-0.387335,-0.365148,-0.340641,-0.314346,-0.28688,-0.258829,-0.230658,-0.202672,-0.175035,-0.147815,-0.121024,-0.0946538,-0.0686897,-0.043123,-0.0179546,0.00680424,0.0311321,0.0549988,0.0783673,0.101195,0.123437,0.145046,0.165976,0.186181,0.205621,0.224261
0.205015,0.223657,0.241468,0.258428,0.274518,0.28973,0.304056,0.317491,0.330033,0.341677,0.352418,0.362246,0.37115,0.379112,0.386112,0.392124,0.39712,0.401068,0.403931,0.405673,0.406254,0.405634,0.403775,0.400641,0.396196,0.39041,0.383248,0.374677,0.364656,0.353135,0.340061,0.325376,0.30903,0.290983,0.271217,0.249738,0.226584,0.201827,0.175575,0.147971,0.119196,0.089456,0.0589824,0.0280179,-0.00319189,-0.0344084,-0.0654081,-0.0959884,-0.12597,-0.155196,-0.183536,-0.210876,-0.237121,-0.262192,-0.286022,-0.308554,-0.329736,-0.349527,-0.367884,-0.38477,-0.400149,-0.413983,-0.426232,-0.436854,-0.445801,-0.453019,-0.458447,-0.462012,-0.46363,-0.463201,-0.460608,-0.455719,-0.44838,-0.438431,-0.425712,-0.410094,-0.391523,-0.370079,-0.346031,-0.319854,-0.292179,-0.263675,-0.234916,-0.206311,-0.178093,-0.150364,-0.123148,-0.0964312,-0.07019,-0.0444043,-0.019064,0.00582905,0.030261,0.0542078,0.077637,0.10051,0.122784,0.144415,0.165358,0.185571,0.205015,0.223657
0.203522,0.22219,0.240032,0.257029,0.273164,0.288429,0.302816,0.31632,0.328935,0.340656,0.351474,0.361376,0.370349,0.378373,0.385424,0.391478,0.396504,0.400471,0.403343,0.405085,0.405659,0.405026,0.40315,0.399992,0.395516,0.389684,0.382456,0.373787,0.363627,0.351922,0.338618,0.323662,0.307015,0.288658,0.268593,0.246851,0.223495,0.198619,0.172352,0.14485,0.116301,0.0869082,0.0568931,0.026481,-0.00410484,-0.0346506,-0.0649573,-0.0948442,-0.12415,-0.152734,-0.180474,-0.207265,-0.233017,-0.257652,-0.281106,-0.30332,-0.324247,-0.34384,-0.362062,-0.378873,-0.394237,-0.408118,-0.420478,-0.431276,-0.440466,-0.447999,-0.453815,-0.457848,-0.460017,-0.46023,-0.458375,-0.454324,-0.447926,-0.439015,-0.427413,-0.412951,-0.395508,-0.375065,-0.351775,-0.326015,-0.298379,-0.269581,-0.240308,-0.211093,-0.182269,-0.153994,-0.126316,-0.0992236,-0.0726842,-0.0466653,-0.0211444,0.00388771,0.0284266,0.0524557,0.0759485,0.0988709,0.121184,0.142846,0.163816,0.184053,0.203522,0.22219
0.201158,0.219878,0.237779,0.254844,0.271058,0.286411,0.300896,0.314506,0.327234,0.33907,0.350002,0.360016,0.369095,0.377216,0.384356,0.390486,0.395579,0.3996,0.402518,0.404295,0.404897,0.404285,0.402421,0.399265,0.394777,0.388914,0.381627,0.372865,0.362573,0.350695,0.33718,0.321987,0.305091,0.28649,0.266209,0.2443,0.220846,0.19596,0.169783,0.142478,0.114233,0.0852471,0.0557268,0.0258806,-0.00408821,-0.0339869,-0.0636362,-0.0928731,-0.121551,-0.14954,-0.176727,-0.203011,-0.228307,-0.25254,-0.275646,-0.297567,-0.318255,-0.337666,-0.35576,-0.3725,-0.387849,-0.401774,-0.414237,-0.425199,-0.434618,-0.442446,-0.44863,-0.453107,-0.455802,-0.456631,-0.455489,-0.452256,-0.446788,-0.438921,-0.42847,-0.415245,-0.399074,-0.379851,-0.357611,-0.332598,-0.305312,-0.276458,-0.246809,-0.217033,-0.187592,-0.158736,-0.130555,-0.103049,-0.0761828,-0.04991,-0.0241947,0.00098559,0.0256375,0.0497535,0.0733145,0.096292,0.118652,0.140356,0.161366,0.181644,0.201158,0.219878
0.197948,0.216742,0.234729,0.251892,0.268217,0.283693,0.298311,0.312063,0.324939,0.336925,0.348007,0.358168,0.367387,0.375641,0.382902,0.389144,0.394337,0.398448,0.401444,0.403291,0.403953,0.403391,0.401567,0.398437,0.393956,0.388076,0.380743,0.371901,0.361493,0.349467,0.335777,0.320395,0.303312,0.284544,0.264135,0.242154,0.218702,0.193902,0.167903,0.140872,0.112991,0.0844508,0.0554454,0.0261666,-0.00320013,-0.0324794,-0.0615082,-0.0901374,-0.118232,-0.145671,-0.172348,-0.198167,-0.223044,-0.246908,-0.269694,-0.291346,-0.311815,-0.331057,-0.349034,-0.365708,-0.381044,-0.395009,-0.407567,-0.418682,-0.428313,-0.436418,-0.442946,-0.447839,-0.451031,-0.452441,-0.451977,-0.449527,-0.444956,-0.43811,-0.428807,-0.416849,-0.402034,-0.384194,-0.363253,-0.339314,-0.312734,-0.284141,-0.254336,-0.224109,-0.194077,-0.164614,-0.135887,-0.107925,-0.0806941,-0.0541393,-0.0282094,-0.00286716,0.0219074,0.0461179,0.0697538,0.0927938,0.115209,0.136966,0.158031,0.178368,0.197948,0.216742
0.193918,0.212811,0.230909,0.248198,0.264663,0.280293,0.295077,0.309004,0.32206,0.33423,0.345495,0.355835,0.365227,0.373645,0.381061,0.387447,0.392772,0.397005,0.400113,0.402061,0.402813,0.40233,0.40057,0.397488,0.393035,0.387156,0.379796,0.370895,0.360399,0.34826,0.334442,0.318931,0.301732,0.282878,0.262428,0.240467,0.217104,0.192474,0.166727,0.140029,0.112555,0.0844871,0.0560052,0.027287,-0.00149721,-0.0301866,-0.0586314,-0.0866937,-0.114248,-0.14118,-0.167387,-0.192779,-0.217275,-0.240801,-0.263296,-0.284704,-0.304975,-0.324065,-0.341936,-0.358552,-0.373878,-0.387881,-0.400528,-0.411785,-0.421615,-0.429976,-0.436824,-0.442105,-0.445758,-0.447713,-0.447884,-0.446171,-0.442451,-0.436582,-0.428392,-0.417687,-0.404254,-0.387887,-0.368428,-0.345848,-0.320338,-0.292383,-0.262731,-0.232248,-0.201706,-0.171641,-0.142331,-0.113864,-0.0862247,-0.0593519,-0.0331803,-0.00765642,0.0172551,0.0415708,0.065291,0.0884028,0.110884,0.132706,0.15384,0.174253,0.193918,0.212811
0.189103,0.208115,0.226349,0.24379,0.260422,0.276235,0.291214,0.305345,0.318611,0.330994,0.342473,0.353022,0.362617,0.371229,0.37883,0.38539,0.390879,0.395265,0.398514,0.400593,0.401463,0.401086,0.399416,0.396406,0.392002,0.386148,0.378785,0.369856,0.35931,0.347104,0.333216,0.317641,0.300401,0.281541,0.261134,0.239275,0.216082,0.191692,0.166256,0.139936,0.1129,0.085318,0.0573602,0.0291906,0.000966584,-0.027163,-0.0550591,-0.082593,-0.109646,-0.136111,-0.161889,-0.186892,-0.21104,-0.234262,-0.256496,-0.277685,-0.29778,-0.316737,-0.334518,-0.351085,-0.366406,-0.380448,-0.393181,-0.404572,-0.414586,-0.423185,-0.430329,-0.435969,-0.44005,-0.442509,-0.44327,-0.442242,-0.439317,-0.434364,-0.427229,-0.417729,-0.405655,-0.390783,-0.372908,-0.351896,-0.327779,-0.300858,-0.271748,-0.241305,-0.210417,-0.179801,-0.149893,-0.120878,-0.0927797,-0.0655449,-0.0390968,-0.0133652,0.0117026,0.0361384,0.0599551,0.08315,0.105709,0.127609,0.148826,0.169333,0.189103,0.208115
0.183539,0.202691,0.221083,0.238698,0.255523,0.271543,0.286743,0.301105,0.314609,0.327232,0.33895,0.349736,0.359562,0.368396,0.376211,0.382974,0.388655,0.393222,0.396642,0.398879,0.399896,0.39965,0.398095,0.395182,0.390854,0.385053,0.37772,0.368801,0.358248,0.346031,0.332133,0.316565,0.299358,0.280571,0.260285,0.238603,0.215647,0.191555,0.166477,0.140568,0.11399,0.0869019,0.0594633,0.0318273,0.00414034,-0.0234588,-0.05084,-0.077882,-0.104473,-0.130508,-0.155894,-0.180543,-0.204379,-0.227329,-0.249331,-0.270329,-0.290272,-0.309117,-0.326823,-0.343355,-0.35868,-0.372766,-0.385584,-0.397103,-0.40729,-0.416112,-0.42353,-0.429502,-0.433978,-0.436902,-0.438205,-0.437809,-0.435617,-0.431514,-0.425361,-0.416993,-0.406214,-0.392804,-0.376534,-0.357206,-0.334723,-0.309198,-0.281056,-0.251038,-0.220075,-0.18904,-0.158561,-0.128967,-0.100361,-0.0727143,-0.0459474,-0.0199748,0.00527442,0.0298496,0.0537785,0.0770704,0.0997201,0.121713,0.143029,0.163645,0.183539,0.202691
0.177269,0.19658,0.215149,0.23296,0.249999,0.266249,0.281692,0.296308,0.310072,0.32296,0.334943,0.34599,0.356071,0.365154,0.373208,0.3802,0.386101,0.390876,0.394493,0.396915,0.398104,0.398017,0.396604,0.393815,0.389592,0.383877,0.376613,0.367747,0.357241,0.345069,0.331228,0.315736,0.298635,0.279994,0.259899,0.238459,0.215798,0.192053,0.167369,0.141896,0.115788,0.0891958,0.0622684,0.0351494,0.00797626,-0.0191208,-0.0460189,-0.072603,-0.0987658,-0.124408,-0.149437,-0.173768,-0.197324,-0.220034,-0.241835,-0.26267,-0.282488,-0.301243,-0.318895,-0.335408,-0.350748,-0.364886,-0.377792,-0.389436,-0.39979,-0.408821,-0.416496,-0.422775,-0.427616,-0.430966,-0.432768,-0.43295,-0.431429,-0.428104,-0.422854,-0.41553,-0.405959,-0.393934,-0.379226,-0.361606,-0.340892,-0.317041,-0.290265,-0.261117,-0.230453,-0.199236,-0.168285,-0.138119,-0.108966,-0.0808546,-0.0537199,-0.0274659,-0.00200375,0.0227353,0.0467959,0.0702014,0.0929577,0.115058,0.136489,0.157232,0.177269,0.19658
0.170335,0.189823,0.208589,0.226616,0.243887,0.260387,0.276093,0.290982,0.305028,0.318201,0.330469,0.341799,0.352158,0.361512,0.369829,0.377076,0.38322,0.388229,0.392068,0.394702,0.396089,0.396187,0.394945,0.39231,0.388226,0.382634,0.37548,0.366718,0.356312,0.344247,0.330527,0.315179,0.298253,0.279824,0.259984,0.238843,0.216526,0.193166,0.168904,0.143886,0.118255,0.0921566,0.0657303,0.0391113,0.0124294,-0.0141922,-0.0406368,-0.0667948,-0.0925628,-0.117844,-0.14255,-0.166595,-0.189904,-0.212406,-0.234037,-0.254738,-0.274457,-0.293148,-0.310768,-0.327281,-0.342654,-0.356854,-0.369855,-0.381628,-0.392145,-0.401377,-0.409294,-0.41586,-0.421038,-0.424781,-0.427039,-0.427749,-0.42684,-0.424223,-0.419793,-0.413423,-0.404958,-0.394214,-0.380977,-0.365013,-0.346098,-0.324081,-0.298989,-0.271144,-0.241228,-0.21018,-0.178957,-0.148288,-0.118576,-0.0899559,-0.0624015,-0.0358196,-0.0101065,0.0148262,0.0390423,0.0625813,0.085462,0.107688,0.129251,0.150138,0.170335,0.189823
0.162782,0.182467,0.201448,0.219707,0.23723,0.253995,0.269982,0.285162,0.299506,0.312981,0.325552,0.337184,0.347841,0.357487,0.366089,0.373612,0.380023,0.385289,0.389375,0.392244,0.393856,0.394166,0.393124,0.390676,0.386766,0.381338,0.37434,0.365731,0.355483,0.343585,0.330049,0.31491,0.298224,0.280068,0.260538,0.239745,0.217811,0.194868,0.171051,0.146499,0.12135,0.0957415,0.0698051,0.0436695,0.0174576,-0.00871343,-0.0347322,-0.0604931,-0.0858967,-0.110849,-0.135262,-0.159054,-0.182148,-0.204472,-0.225962,-0.246559,-0.266208,-0.284861,-0.302474,-0.31901,-0.334433,-0.348712,-0.361819,-0.373727,-0.384409,-0.393839,-0.401988,-0.408826,-0.414317,-0.418424,-0.421101,-0.422293,-0.421939,-0.419964,-0.416276,-0.410766,-0.403303,-0.393724,-0.381839,-0.367428,-0.350256,-0.330115,-0.306896,-0.28071,-0.252001,-0.221565,-0.190388,-0.159378,-0.129151,-0.0999985,-0.0719767,-0.0450168,-0.0190092,0.00615222,0.0305519,0.0542477,0.0772732,0.0996427,0.121357,0.142408,0.162782,0.182467
0.154657,0.174558,0.193771,0.212281,0.23007,0.247118,0.263399,0.278884,0.293541,0.307334,0.320224,0.332174,0.343146,0.353102,0.362007,0.369826,0.376524,0.382069,0.386425,0.389554,0.391416,0.391965,0.391153,0.388925,0.385226,0.380004,0.37321,0.364807,0.354771,0.3431,0.329809,0.314939,0.29855,0.280722,0.261551,0.241147,0.219631,0.19713,0.173775,0.149698,0.125033,0.0999083,0.0744509,0.0487826,0.0230207,-0.0027227,-0.0283407,-0.0537316,-0.0787988,-0.103451,-0.127601,-0.151169,-0.174076,-0.196253,-0.217633,-0.238154,-0.257762,-0.276405,-0.294038,-0.310621,-0.326117,-0.340494,-0.353723,-0.365778,-0.376632,-0.38626,-0.394637,-0.401735,-0.407525,-0.41197,-0.415033,-0.416668,-0.416819,-0.415424,-0.412405,-0.40767,-0.401104,-0.392573,-0.381908,-0.368916,-0.353372,-0.33505,-0.313763,-0.28946,-0.262351,-0.232999,-0.202292,-0.17122,-0.140604,-0.110942,-0.0824225,-0.055037,-0.0286883,-0.00325831,0.0213572,0.0452363,0.0684294,0.0909639,0.112849,0.134083,0.154657,0.174558
0.146,0.166137,0.185604,0.204382,0.222455,0.2398,0.256389,0.272193,0.287175,0.301297,0.31452,0.326802,0.338103,0.348385,0.357609,0.365742,0.372746,0.37859,0.383236,0.386648,0.388784,0.389601,0.389048,0.387073,0.383624,0.37865,0.372106,0.363959,0.354191,0.342801,0.329813,0.315267,0.299227,0.281775,0.263005,0.243026,0.221956,0.199918,0.177038,0.153444,0.129262,0.104616,0.0796266,0.0544107,0.0290806,0.00374386,-0.0214964,-0.0465417,-0.0712983,-0.0956765,-0.119591,-0.142962,-0.165712,-0.187769,-0.209067,-0.229542,-0.249137,-0.267798,-0.285479,-0.302136,-0.31773,-0.332228,-0.345599,-0.357816,-0.368854,-0.378687,-0.387294,-0.394648,-0.400723,-0.40549,-0.408913,-0.410955,-0.411569,-0.410701,-0.408285,-0.404243,-0.39848,-0.390882,-0.381308,-0.369588,-0.355525,-0.338897,-0.31949,-0.297152,-0.271903,-0.244058,-0.214294,-0.183552,-0.152787,-0.122711,-0.0936997,-0.0658546,-0.0391196,-0.0133787,0.0114882,0.0355797,0.0589655,0.0816878,0.103767,0.125206,0.146,0.166137
0.136848,0.157246,0.176988,0.196056,0.21443,0.232087,0.248999,0.265133,0.280452,0.294916,0.308482,0.321107,0.33275,0.34337,0.352929,0.361389,0.368717,0.374877,0.379833,0.383548,0.385983,0.387092,0.386828,0.38514,0.381978,0.377293,0.371044,0.363202,0.353751,0.342696,0.33006,0.315889,0.300246,0.283211,0.264879,0.245356,0.224756,0.203199,0.180805,0.157698,0.133998,0.109824,0.0852929,0.0605156,0.0356006,0.0106516,-0.0142317,-0.0389538,-0.0634229,-0.0875514,-0.111255,-0.134455,-0.157073,-0.179038,-0.200281,-0.220737,-0.240348,-0.259057,-0.276813,-0.293572,-0.309292,-0.323936,-0.337472,-0.349872,-0.361109,-0.371161,-0.380003,-0.387614,-0.393971,-0.399046,-0.402811,-0.405233,-0.406273,-0.405885,-0.404014,-0.400595,-0.395549,-0.38878,-0.380171,-0.369581,-0.356839,-0.341746,-0.32409,-0.303674,-0.280395,-0.254355,-0.225975,-0.196024,-0.165463,-0.135171,-0.105739,-0.0774305,-0.0502748,-0.0241823,0.000972843,0.0253077,0.0489124,0.0718463,0.0941416,0.11581,0.136848,0.157246
0.127231,0.147916,0.167959,0.187341,0.206039,0.224027,0.241277,0.257754,0.273421,0.288236,0.302155,0.315134,0.327129,0.338098,0.348003,0.356805,0.36447,0.370961,0.376245,0.380283,0.383037,0.384463,0.384516,0.383146,0.380305,0.375948,0.370036,0.362543,0.353457,0.342783,0.330548,0.316795,0.301589,0.285009,0.267147,0.248107,0.227998,0.206935,0.185037,0.16242,0.139201,0.115494,0.0914112,0.0670602,0.0425453,0.017967,-0.00657806,-0.0309968,-0.0551996,-0.0791004,-0.102616,-0.125668,-0.148179,-0.170076,-0.191289,-0.211754,-0.231407,-0.250191,-0.268052,-0.284942,-0.300815,-0.315633,-0.329361,-0.341968,-0.353426,-0.363712,-0.372803,-0.380678,-0.387316,-0.392695,-0.396789,-0.399571,-0.401008,-0.401062,-0.399687,-0.39683,-0.392425,-0.386392,-0.378637,-0.369042,-0.357465,-0.343736,-0.327661,-0.309038,-0.287702,-0.263607,-0.236942,-0.208233,-0.178311,-0.148114,-0.118423,-0.089701,-0.0621154,-0.0356394,-0.010161,0.014448,0.0382975,0.0614663,0.0840012,0.105922,0.127231,0.147916
0.117169,0.138169,0.158545,0.17827,0.197318,0.21566,0.233267,0.250104,0.266132,0.281309,0.295591,0.308931,0.321288,0.332616,0.342877,0.352032,0.360045,0.366882,0.372507,0.376886,0.379978,0.381743,0.382137,0.381113,0.378625,0.374631,0.369095,0.361992,0.353312,0.343061,0.331267,0.317973,0.30324,0.287147,0.269783,0.251247,0.231646,0.211091,0.189695,0.167571,0.144831,0.121587,0.0979442,0.0740085,0.0498804,0.0256575,0.00143401,-0.0226993,-0.0466548,-0.0703476,-0.0936961,-0.116621,-0.139046,-0.160898,-0.182107,-0.202604,-0.222325,-0.241211,-0.259204,-0.276253,-0.292309,-0.30733,-0.321278,-0.334118,-0.345822,-0.356364,-0.365721,-0.373874,-0.380801,-0.386485,-0.390902,-0.394031,-0.395845,-0.39631,-0.395392,-0.393044,-0.389215,-0.383839,-0.376838,-0.368118,-0.357562,-0.345029,-0.330353,-0.313348,-0.293831,-0.271675,-0.246899,-0.219787,-0.19095,-0.16125,-0.131567,-0.102562,-0.0745818,-0.0477113,-0.0218829,0.00302802,0.0271465,0.0505712,0.0733665,0.0955637,0.117169,0.138169
0.106673,0.128019,0.14876,0.168863,0.188294,0.207021,0.22501,0.242227,0.258632,0.274184,0.288839,0.302552,0.315277,0.326973,0.337598,0.347115,0.355487,0.36268,0.368661,0.373393,0.37684,0.378964,0.37972,0.379067,0.37696,0.37336,0.368232,0.361554,0.353316,0.343526,0.332208,0.319406,0.305178,0.2896,0.272757,0.254745,0.235667,0.21563,0.194743,0.173114,0.150852,0.128065,0.104855,0.0813251,0.0575721,0.0336912,0.00977442,-0.0140895,-0.0378144,-0.061317,-0.0845163,-0.107334,-0.129693,-0.151521,-0.172745,-0.193298,-0.213112,-0.232124,-0.250276,-0.267512,-0.28378,-0.299033,-0.313229,-0.326332,-0.338309,-0.349133,-0.358779,-0.367227,-0.374457,-0.380453,-0.385196,-0.388666,-0.390841,-0.391697,-0.391204,-0.389325,-0.386017,-0.381229,-0.374898,-0.366948,-0.357285,-0.345795,-0.332341,-0.316764,-0.298889,-0.278559,-0.255692,-0.230383,-0.203003,-0.174227,-0.144912,-0.115851,-0.0875806,-0.0603422,-0.0341544,-0.00892158,0.0154853,0.0391829,0.0622548,0.0847471,0.106673,0.128019
0.0957465,0.117465,0.138606,0.159126,0.178982,0.198131,0.216536,0.23416,0.250965,0.266909,0.281951,0.296046,0.309151,0.321222,0.332219,0.342105,0.350845,0.358404,0.364749,0.369847,0.373663,0.376159,0.377297,0.377034,0.375331,0.37215,0.367458,0.361234,0.353469,0.34417,0.333359,0.321077,0.30738,0.29234,0.276039,0.258568,0.240026,0.220516,0.200142,0.179011,0.157226,0.134892,0.112109,0.0889757,0.0655873,0.0420367,0.0184135,-0.00519513,-0.0287046,-0.0520326,-0.0750992,-0.0978264,-0.120138,-0.14196,-0.16322,-0.183848,-0.203776,-0.222939,-0.241274,-0.258723,-0.275229,-0.290743,-0.305219,-0.318615,-0.330895,-0.342028,-0.351989,-0.360755,-0.368307,-0.374629,-0.379704,-0.383516,-0.386049,-0.387281,-0.38719,-0.385746,-0.382917,-0.378661,-0.372929,-0.365659,-0.356779,-0.346197,-0.333805,-0.31947,-0.303041,-0.284362,-0.263309,-0.239852,-0.214162,-0.186687,-0.158142,-0.12934,-0.100969,-0.0734472,-0.0469219,-0.0213625,0.00334419,0.0273249,0.0506829,0.0734823,0.0957465,0.117465
0.0843908,0.106501,0.128074,0.149053,0.169378,0.188997,0.207861,0.22593,0.243164,0.259526,0.274973,0.289465,0.30296,0.315415,0.326793,0.337056,0.34617,0.354101,0.36082,0.366292,0.370487,0.373368,0.3749,0.375044,0.373762,0.37102,0.366786,0.36104,0.353772,0.344987,0.334708,0.322969,0.309826,0.295344,0.2796,0.262684,0.244689,0.225713,0.205858,0.185225,0.163917,0.142032,0.11967,0.0969264,0.0738937,0.0506628,0.0273217,0.00395594,-0.0193513,-0.0425187,-0.0654672,-0.0881191,-0.110399,-0.132231,-0.153544,-0.174267,-0.194328,-0.213662,-0.232203,-0.249889,-0.266661,-0.282463,-0.297247,-0.310965,-0.323578,-0.335052,-0.345356,-0.354467,-0.362364,-0.369031,-0.374452,-0.378615,-0.381505,-0.383108,-0.383404,-0.382373,-0.379989,-0.37622,-0.371028,-0.364365,-0.356174,-0.346386,-0.334913,-0.321652,-0.306479,-0.289255,-0.269847,-0.248167,-0.224247,-0.198328,-0.170921,-0.142746,-0.114549,-0.0869007,-0.0601076,-0.0342427,-0.00923851,0.0150266,0.038671,0.0617792,0.0843908,0.106501
0.0726074,0.0951157,0.117142,0.138617,0.159464,0.179607,0.198985,0.217547,0.235253,0.252065,0.267944,0.282853,0.296753,0.309605,0.321372,0.33202,0.341514,0.349825,0.356922,0.362776,0.367356,0.370631,0.372566,0.373128,0.37228,0.36999,0.36623,0.360978,0.354225,0.345974,0.336244,0.325068,0.312494,0.298584,0.283413,0.267062,0.249622,0.231187,0.211855,0.191722,0.170889,0.149451,0.127505,0.105144,0.0824591,0.0595389,0.0364698,0.0133359,-0.00978075,-0.0327999,-0.0556432,-0.0782333,-0.100495,-0.122353,-0.143734,-0.164567,-0.184779,-0.204303,-0.22307,-0.241015,-0.258075,-0.274192,-0.289311,-0.303381,-0.316358,-0.328202,-0.338881,-0.348365,-0.356634,-0.363669,-0.369456,-0.373983,-0.377239,-0.379213,-0.37989,-0.379257,-0.377294,-0.373978,-0.369279,-0.363163,-0.355585,-0.346493,-0.33582,-0.323487,-0.309396,-0.293432,-0.275476,-0.255419,-0.233217,-0.208961,-0.182961,-0.155765,-0.128068,-0.100528,-0.0735992,-0.0474892,-0.0222112,0.00232678,0.0262473,0.0496541,0.0726074,0.0951157
0.0604078,0.0833016,0.105786,0.127786,0.1492,0.169929,0.189885,0.209004,0.227236,0.244543,0.260891,0.276245,0.290572,0.303837,0.316006,0.327047,0.33693,0.345626,0.353107,0.359347,0.364318,0.36799,0.370335,0.37132,0.370913,0.369084,0.365806,0.361059,0.354833,0.347128,0.337959,0.327357,0.315365,0.30204,0.28745,0.271674,0.254796,0.236906,0.218098,0.198467,0.178108,0.157114,0.13558,0.113596,0.0912522,0.0686346,0.0458286,0.0229169,-1.95636e-05,-0.0229014,-0.0456507,-0.0681909,-0.0904465,-0.112343,-0.133806,-0.154763,-0.175142,-0.194871,-0.213882,-0.232105,-0.249476,-0.26593,-0.28141,-0.295859,-0.309229,-0.321474,-0.332557,-0.342447,-0.351116,-0.358547,-0.364723,-0.369633,-0.373268,-0.37562,-0.37668,-0.376437,-0.37488,-0.371991,-0.367751,-0.362134,-0.355107,-0.346632,-0.33666,-0.32513,-0.31197,-0.297091,-0.280391,-0.26177,-0.24115,-0.218534,-0.194071,-0.168124,-0.141255,-0.11411,-0.0872438,-0.0610003,-0.0355039,-0.0107222,0.0134519,0.0371342,0.0604078,0.0833016
0.0478182,0.0710645,0.0939898,0.11652,0.138538,0.15991,0.180517,0.200266,0.219095,0.236959,0.253824,0.269663,0.284447,0.298148,0.310736,0.322183,0.332464,0.341552,0.349423,0.356052,0.361416,0.365489,0.368245,0.369655,0.369691,0.368326,0.365534,0.361297,0.355601,0.348448,0.339848,0.329827,0.318423,0.305689,0.291688,0.276491,0.260179,0.242838,0.224557,0.205428,0.185541,0.164989,0.143863,0.122251,0.100242,0.0779201,0.0553692,0.032671,0.00990561,-0.0128485,-0.035514,-0.0580147,-0.0802753,-0.102221,-0.123778,-0.144872,-0.16543,-0.185379,-0.204649,-0.223168,-0.240867,-0.25768,-0.273543,-0.288397,-0.302186,-0.314861,-0.326379,-0.336704,-0.345805,-0.35366,-0.360251,-0.365567,-0.3696,-0.372343,-0.373792,-0.37394,-0.37278,-0.370304,-0.366497,-0.361342,-0.354818,-0.346897,-0.337544,-0.326716,-0.314361,-0.300411,-0.284791,-0.267413,-0.248199,-0.227107,-0.204184,-0.179636,-0.15386,-0.127407,-0.100851,-0.074641,-0.0490226,-0.0240512,0.000339202,0.0242615,0.0478182,0.0710645
0.0348837,0.0584299,0.0817517,0.104791,0.127422,0.149483,0.170813,0.191278,0.210788,0.229286,0.246736,0.263113,0.278396,0.292564,0.305595,0.317468,0.328159,0.337648,0.345914,0.352937,0.358696,0.36317,0.366336,0.368171,0.368648,0.367745,0.365437,0.361706,0.356541,0.349939,0.341908,0.332469,0.321657,0.309516,0.296105,0.28149,0.265747,0.248956,0.231202,0.212573,0.193158,0.173045,0.152323,0.131079,0.109398,0.0873656,0.0650627,0.0425705,0.0199679,-0.00266711,-0.0252578,-0.0477283,-0.0700035,-0.0920085,-0.113669,-0.134911,-0.155659,-0.175841,-0.195383,-0.214211,-0.232255,-0.249444,-0.265711,-0.280991,-0.295224,-0.308356,-0.320337,-0.331126,-0.340689,-0.348998,-0.356033,-0.361781,-0.366234,-0.369386,-0.371235,-0.37178,-0.371018,-0.368945,-0.365554,-0.360836,-0.354778,-0.347361,-0.338563,-0.328355,-0.3167,-0.303552,-0.288855,-0.272544,-0.254551,-0.234821,-0.213348,-0.190226,-0.165702,-0.140191,-0.114208,-0.0882449,-0.0626465,-0.0375712,-0.0130204,0.0110942,0.0348837,0.0584299
0.0216679,0.0454469,0.0690962,0.0925887,0.11581,0.138579,0.160689,0.181957,0.202246,0.221473,0.239591,0.256577,0.272416,0.287097,0.300605,0.312927,0.324048,0.333951,0.342622,0.350043,0.3562,0.361075,0.364649,0.366904,0.367817,0.367368,0.365537,0.362307,0.357665,0.351608,0.344141,0.33528,0.325055,0.313506,0.300684,0.28665,0.271474,0.255232,0.238004,0.219874,0.200928,0.181251,0.16093,0.140048,0.118692,0.0969424,0.074881,0.0525876,0.0301403,0.00761659,-0.0149074,-0.0373561,-0.0596544,-0.0817276,-0.103501,-0.124899,-0.145848,-0.166273,-0.186098,-0.205248,-0.22365,-0.24123,-0.257917,-0.273642,-0.288341,-0.301952,-0.314423,-0.325704,-0.335757,-0.34455,-0.352057,-0.358264,-0.363161,-0.366743,-0.369009,-0.369962,-0.369601,-0.36793,-0.364947,-0.360649,-0.355029,-0.34808,-0.339787,-0.330132,-0.319094,-0.306643,-0.292741,-0.277343,-0.260397,-0.241854,-0.221686,-0.199924,-0.176701,-0.152296,-0.127117,-0.101629,-0.0762298,-0.051172,-0.0265401,-0.00229393,0.0216679,0.0454469
0.00825077,0.032187,0.0560774,0.079937,0.103683,0.127137,0.150057,0.172202,0.193373,0.213438,0.232329,0.250014,0.266485,0.281737,0.295769,0.308576,0.320152,0.330489,0.339577,0.347405,0.353964,0.35924,0.36322,0.365889,0.367231,0.367228,0.365863,0.363121,0.358991,0.353467,0.346553,0.338261,0.328616,0.31765,0.305411,0.291954,0.277341,0.261645,0.24494,0.227306,0.208825,0.18958,0.169655,0.149132,0.128094,0.106622,0.0847962,0.0626949,0.0403961,0.0179763,-0.00448852,-0.0269231,-0.0492524,-0.0714015,-0.0932956,-0.114859,-0.136017,-0.156693,-0.17681,-0.196293,-0.215064,-0.233047,-0.250168,-0.266355,-0.281536,-0.295648,-0.30863,-0.320429,-0.330998,-0.340301,-0.348309,-0.355002,-0.360368,-0.364403,-0.367105,-0.368479,-0.368531,-0.367265,-0.364686,-0.360798,-0.3556,-0.34909,-0.341264,-0.332114,-0.321628,-0.309789,-0.296577,-0.281963,-0.265912,-0.248389,-0.229365,-0.208838,-0.186873,-0.163638,-0.139424,-0.114617,-0.0896133,-0.0647247,-0.0401169,-0.0158152,0.00825077,0.032187
-0.00527649,0.0187384,0.0427766,0.066896,0.0910628,0.115128,0.138841,0.161906,0.18405,0.205072,0.224857,0.243354,0.260551,0.276453,0.291071,0.304411,0.316479,0.327276,0.3368,0.345048,0.352016,0.357696,0.36208,0.365159,0.366921,0.367353,0.366441,0.364173,0.360538,0.355532,0.349155,0.341417,0.332337,0.321945,0.310279,0.297388,0.283332,0.268175,0.251987,0.234844,0.216824,0.198006,0.178472,0.158303,0.137578,0.116378,0.094781,0.0728655,0.0507083,0.0283856,0.00597294,-0.0164546,-0.0388222,-0.0610547,-0.083077,-0.104813,-0.126187,-0.147122,-0.16754,-0.187363,-0.206512,-0.224909,-0.242475,-0.259135,-0.274815,-0.289443,-0.302956,-0.315292,-0.326401,-0.336239,-0.344772,-0.351977,-0.357838,-0.362348,-0.365507,-0.36732,-0.367796,-0.366943,-0.364771,-0.361288,-0.356501,-0.350413,-0.343027,-0.334343,-0.324357,-0.313066,-0.30046,-0.286525,-0.271244,-0.254594,-0.236555,-0.217117,-0.196308,-0.174221,-0.151045,-0.127071,-0.102645,-0.0780907,-0.0536347,-0.0293706,-0.00527649,0.0187384
-0.0188156,0.00519934,0.0292938,0.0535585,0.0780154,0.102571,0.126999,0.150975,0.174153,0.196243,0.217054,0.236494,0.254536,0.271189,0.286473,0.30041,0.313019,0.324313,0.334301,0.342988,0.350376,0.356467,0.361257,0.364742,0.366916,0.367771,0.367297,0.365486,0.362328,0.35782,0.351961,0.344757,0.336225,0.326388,0.315281,0.302945,0.289434,0.274806,0.259128,0.242468,0.224902,0.206506,0.187357,0.167535,0.147117,0.126183,0.104809,0.0830729,0.0610508,0.0388184,0.0164509,-0.0059767,-0.0283895,-0.0507122,-0.0728695,-0.0947852,-0.116382,-0.137583,-0.158308,-0.178478,-0.198012,-0.21683,-0.234851,-0.251995,-0.268183,-0.283342,-0.297399,-0.31029,-0.321957,-0.332351,-0.341432,-0.349172,-0.35555,-0.360558,-0.364194,-0.366464,-0.367378,-0.366949,-0.365189,-0.362112,-0.35773,-0.352053,-0.345088,-0.336843,-0.327321,-0.316527,-0.304462,-0.291124,-0.276509,-0.260609,-0.243415,-0.224921,-0.205138,-0.184118,-0.161977,-0.138914,-0.115202,-0.0911381,-0.0669722,-0.0428535,-0.0188156,0.00519934
-0.0322657,-0.0083295,0.0157368,0.0400391,0.0646479,0.0895379,0.114543,0.139352,0.163569,0.186806,0.208774,0.229303,0.248331,0.265857,0.28191,0.296527,0.309742,0.321583,0.332072,0.341225,0.349054,0.355566,0.360766,0.364657,0.367238,0.368506,0.368456,0.367084,0.364383,0.36035,0.354986,0.348294,0.340287,0.330986,0.320418,0.30862,0.295639,0.281528,0.266347,0.250161,0.233041,0.215058,0.196287,0.176805,0.156688,0.136013,0.114855,0.0932915,0.0713976,0.0492485,0.0269193,0.00448471,-0.0179802,-0.0404,-0.062699,-0.0848005,-0.106627,-0.128099,-0.149137,-0.169661,-0.189586,-0.208832,-0.227313,-0.244948,-0.261654,-0.277351,-0.291965,-0.305423,-0.317663,-0.32863,-0.338277,-0.34657,-0.353486,-0.359011,-0.363143,-0.365887,-0.367254,-0.367259,-0.36592,-0.363253,-0.359275,-0.354002,-0.347446,-0.33962,-0.330535,-0.320202,-0.308628,-0.295824,-0.281794,-0.266545,-0.250077,-0.232394,-0.213506,-0.193443,-0.172274,-0.150131,-0.127212,-0.10376,-0.0800149,-0.0561559,-0.0322657,-0.0083295
-0.0455289,-0.0217498,0.00221235,0.0264592,0.0510921,0.0761513,0.101552,0.127043,0.152224,0.176632,0.199857,0.221622,0.241793,0.26034,0.277289,0.29269,0.306595,0.319049,0.330089,0.339746,0.348042,0.354995,0.360616,0.364917,0.367902,0.369576,0.369938,0.368988,0.366723,0.363143,0.358248,0.352042,0.344536,0.335745,0.325693,0.314412,0.301943,0.288332,0.273634,0.25791,0.241223,0.223644,0.205243,0.186093,0.166268,0.145844,0.124895,0.103497,0.0817235,0.0596505,0.0373522,0.0149035,-0.00762056,-0.0301444,-0.0525918,-0.0748855,-0.0969471,-0.118697,-0.140054,-0.160935,-0.181257,-0.200935,-0.219882,-0.238013,-0.255241,-0.271484,-0.286661,-0.300696,-0.31352,-0.32507,-0.335297,-0.344159,-0.351627,-0.357686,-0.36233,-0.365563,-0.367396,-0.367847,-0.366936,-0.364684,-0.361113,-0.356241,-0.350087,-0.342668,-0.334,-0.3241,-0.312982,-0.300663,-0.287157,-0.272479,-0.256643,-0.23966,-0.221544,-0.202319,-0.182032,-0.160766,-0.138657,-0.11589,-0.0926697,-0.0691778,-0.0455289,-0.0217498
-0.0585167,-0.0349704,-0.0111806,0.0129347,0.0374866,0.0625633,0.0881635,0.114129,0.140114,0.165628,0.190155,0.21328,0.234757,0.25449,0.272487,0.288801,0.303501,0.316652,0.32831,0.338521,0.347322,0.354741,0.360803,0.365523,0.368916,0.370991,0.371755,0.371213,0.369365,0.366215,0.361764,0.356018,0.348984,0.340676,0.331115,0.320326,0.308346,0.295215,0.280982,0.265703,0.249437,0.232249,0.214205,0.195377,0.175836,0.155654,0.134906,0.113665,0.0920043,0.0699994,0.0477243,0.0252537,0.00266298,-0.0199721,-0.0425749,-0.0650674,-0.0873705,-0.109404,-0.131084,-0.152329,-0.173051,-0.193165,-0.212581,-0.231211,-0.248965,-0.265757,-0.281502,-0.296118,-0.30953,-0.321672,-0.332487,-0.341927,-0.34996,-0.356564,-0.361731,-0.365464,-0.367774,-0.368681,-0.368206,-0.366374,-0.363211,-0.35874,-0.352984,-0.345964,-0.3377,-0.328214,-0.317526,-0.305657,-0.292628,-0.278463,-0.263183,-0.246809,-0.229361,-0.210866,-0.191358,-0.170894,-0.149567,-0.127507,-0.104877,-0.0818382,-0.0585167,-0.0349704
-0.0711579,-0.0479116,-0.0243544,-0.000431375,0.0239601,0.0489331,0.0745534,0.100765,0.127324,0.15378,0.17956,0.204112,0.227038,0.248134,0.267351,0.284733,0.300357,0.31431,0.326669,0.337499,0.346855,0.35478,0.361306,0.366464,0.370273,0.372752,0.373914,0.373768,0.372322,0.36958,0.365549,0.360235,0.353645,0.345791,0.336691,0.326368,0.314851,0.302176,0.288388,0.273535,0.257672,0.24086,0.223161,0.204643,0.185374,0.165425,0.144867,0.123773,0.102217,0.080271,0.0580105,0.0355097,0.0128441,-0.00991008,-0.0326757,-0.0553741,-0.0779253,-0.100248,-0.122257,-0.14387,-0.164996,-0.185549,-0.205436,-0.224567,-0.242849,-0.260191,-0.276504,-0.291702,-0.305705,-0.318441,-0.329846,-0.339869,-0.34847,-0.355626,-0.361324,-0.365564,-0.368358,-0.369726,-0.369693,-0.368285,-0.365533,-0.361463,-0.356102,-0.349476,-0.341609,-0.332524,-0.322247,-0.310802,-0.298217,-0.28452,-0.269739,-0.253903,-0.23704,-0.219179,-0.200352,-0.180605,-0.159999,-0.138629,-0.116613,-0.0940829,-0.0711579,-0.0479116
-0.0834033,-0.0605095,-0.0372355,-0.0135523,0.0106229,0.0354063,0.0609047,0.0871507,0.11402,0.141168,0.168041,0.193991,0.218458,0.241079,0.261703,0.280328,0.297032,0.311915,0.325079,0.336612,0.346587,0.355066,0.362095,0.367716,0.371959,0.37485,0.37641,0.376654,0.375597,0.373247,0.369614,0.364705,0.358531,0.351102,0.342433,0.332545,0.321463,0.309219,0.29585,0.281402,0.265923,0.249469,0.232099,0.213876,0.194866,0.175136,0.154758,0.133801,0.112338,0.0904419,0.0681864,0.0456462,0.0228968,1.48166e-05,-0.0229218,-0.0458338,-0.0686402,-0.0912581,-0.113603,-0.135587,-0.157122,-0.178116,-0.198476,-0.218109,-0.236917,-0.254808,-0.271687,-0.287465,-0.302057,-0.315384,-0.327378,-0.337982,-0.347152,-0.35486,-0.361089,-0.365838,-0.369119,-0.370951,-0.371361,-0.370379,-0.368038,-0.364369,-0.359402,-0.353165,-0.345688,-0.336995,-0.327116,-0.316078,-0.303913,-0.290651,-0.276328,-0.260977,-0.244632,-0.227327,-0.209097,-0.189981,-0.170026,-0.1493,-0.127886,-0.105887,-0.0834033,-0.0605095
-0.0952276,-0.0727194,-0.0497656,-0.0263579,-0.00243608,0.0221037,0.0473838,0.0734964,0.100428,0.127972,0.155673,0.182873,0.208878,0.233139,0.255346,0.275407,0.293368,0.309335,0.323431,0.335768,0.346444,0.35554,0.363121,0.369241,0.373943,0.377262,0.379227,0.379863,0.379187,0.377216,0.373962,0.369437,0.363652,0.356618,0.348351,0.338868,0.32819,0.316347,0.303371,0.289302,0.274184,0.258067,0.241008,0.223063,0.204297,0.184774,0.164561,0.143729,0.122348,0.10049,0.0782285,0.0556383,0.032795,0.00977568,-0.0133412,-0.0364754,-0.0595449,-0.0824655,-0.105151,-0.127513,-0.149459,-0.170898,-0.191732,-0.211866,-0.2312,-0.249636,-0.267077,-0.28343,-0.298603,-0.312514,-0.32509,-0.336269,-0.346001,-0.354255,-0.36101,-0.366265,-0.370029,-0.372322,-0.373173,-0.372615,-0.370683,-0.367413,-0.362836,-0.356987,-0.349893,-0.341586,-0.332096,-0.321452,-0.309689,-0.296841,-0.282944,-0.268039,-0.252163,-0.235354,-0.217651,-0.19909,-0.179715,-0.159573,-0.138728,-0.117253,-0.0952276,-0.0727194
-0.106626,-0.084515,-0.061903,-0.0387938,-0.0151479,0.00911904,0.0341256,0.0599933,0.0867897,0.114442,0.142644,0.170823,0.198235,0.224159,0.248085,0.269771,0.289183,0.306412,0.32159,0.334855,0.346332,0.356125,0.364319,0.370985,0.376181,0.379954,0.382341,0.383374,0.38308,0.38148,0.378592,0.374431,0.369012,0.362347,0.354451,0.345342,0.335039,0.323567,0.310954,0.297237,0.282454,0.266652,0.249881,0.232196,0.213656,0.194322,0.174261,0.153539,0.132226,0.110393,0.088114,0.065462,0.0425134,0.0193458,-0.00396164,-0.0273277,-0.0506692,-0.0739006,-0.0969339,-0.119679,-0.142041,-0.163927,-0.185236,-0.20587,-0.225727,-0.244704,-0.262701,-0.279619,-0.295364,-0.309848,-0.322994,-0.334735,-0.345017,-0.353804,-0.361075,-0.366825,-0.371062,-0.373808,-0.375094,-0.374954,-0.373426,-0.370549,-0.366359,-0.360891,-0.354177,-0.34625,-0.33714,-0.326882,-0.315508,-0.303057,-0.289567,-0.275078,-0.259634,-0.243276,-0.226044,-0.207978,-0.189116,-0.1695,-0.149175,-0.128197,-0.106626,-0.084515
-0.117604,-0.0958852,-0.0736204,-0.05082,-0.0274605,-0.00347769,0.0212315,0.046794,0.0733229,0.100849,0.129225,0.158032,0.186583,0.214063,0.23976,0.263222,0.284282,0.302966,0.3194,0.33374,0.346138,0.356724,0.365608,0.372882,0.378618,0.382877,0.38571,0.387156,0.387251,0.386021,0.383491,0.379681,0.374608,0.368288,0.360738,0.351973,0.342014,0.330882,0.318603,0.305208,0.290734,0.27522,0.258714,0.241266,0.222932,0.203769,0.183842,0.163214,0.141954,0.120132,0.0978208,0.0750936,0.0520269,0.0286987,0.00518895,-0.01842,-0.0420436,-0.0655948,-0.0889838,-0.112118,-0.134902,-0.157237,-0.179023,-0.200156,-0.220531,-0.240043,-0.258586,-0.276059,-0.292363,-0.307405,-0.321104,-0.333389,-0.344202,-0.353505,-0.361274,-0.367501,-0.372197,-0.375382,-0.37709,-0.377356,-0.376224,-0.373732,-0.369921,-0.364828,-0.358488,-0.350934,-0.342199,-0.332318,-0.321325,-0.309259,-0.296159,-0.282068,-0.26703,-0.251089,-0.234288,-0.216667,-0.198264,-0.179117,-0.159263,-0.138744,-0.117604,-0.0958852
-0.128174,-0.106828,-0.0849021,-0.0624086,-0.039335,-0.0156352,0.00877459,0.0340108,0.0602025,0.0874454,0.115721,0.144788,0.174109,0.202891,0.230279,0.255595,0.278468,0.298804,0.316686,0.332269,0.345728,0.357223,0.366891,0.374846,0.381181,0.385973,0.389284,0.391167,0.391664,0.39081,0.388637,0.38517,0.38043,0.374436,0.367208,0.358762,0.349117,0.338295,0.326319,0.313217,0.299022,0.28377,0.267503,0.250268,0.232117,0.213104,0.193291,0.172739,0.151515,0.129687,0.107328,0.0845102,0.0613108,0.037808,0.0140828,-0.00978152,-0.0336988,-0.0575803,-0.081334,-0.104865,-0.128076,-0.150864,-0.173127,-0.194757,-0.215646,-0.235685,-0.254765,-0.272779,-0.289624,-0.305205,-0.319436,-0.332241,-0.343562,-0.353356,-0.361598,-0.36828,-0.373412,-0.377017,-0.379129,-0.379787,-0.379035,-0.376918,-0.373476,-0.368749,-0.362774,-0.355587,-0.34722,-0.337709,-0.327089,-0.315399,-0.302678,-0.28897,-0.27432,-0.258772,-0.24237,-0.225157,-0.20717,-0.188446,-0.169016,-0.148915,-0.128174,-0.106828
-0.138344,-0.117343,-0.095738,-0.0735395,-0.0507424,-0.0273151,-0.0031935,0.0217212,0.0475539,0.0744293,0.102415,0.131426,0.161116,0.190824,0.219669,0.246789,0.271572,0.293736,0.31326,0.330271,0.344954,0.357492,0.368054,0.376779,0.383785,0.389165,0.392999,0.39535,0.396272,0.39581,0.394,0.390874,0.386459,0.380778,0.373852,0.365702,0.356346,0.345806,0.334103,0.321264,0.307318,0.292298,0.276243,0.259195,0.241202,0.222317,0.202596,0.182099,0.160891,0.13904,0.116614,0.0936894,0.0703409,0.0466478,0.022692,-0.00144176,-0.0256658,-0.0498893,-0.0740182,-0.0979549,-0.121598,-0.144844,-0.167585,-0.189711,-0.211109,-0.231666,-0.251269,-0.269807,-0.287174,-0.30327,-0.318006,-0.331304,-0.343102,-0.353356,-0.362041,-0.369149,-0.37469,-0.378689,-0.381182,-0.382211,-0.381824,-0.380064,-0.376978,-0.372606,-0.366987,-0.360156,-0.352149,-0.343001,-0.332746,-0.321424,-0.309073,-0.295738,-0.281461,-0.266289,-0.250265,-0.233432,-0.215828,-0.197488,-0.178442,-0.158719,-0.138344,-0.117343
-0.148113,-0.127428,-0.106119,-0.0841961,-0.0616592,-0.0384876,-0.0146346,0.00997858,0.0354617,0.0619431,0.0895349,0.118263,0.147962,0.178167,0.208098,0.236816,0.26349,0.287594,0.308938,0.327568,0.343651,0.357387,0.36897,0.378571,0.386331,0.392369,0.396779,0.399641,0.40102,0.40097,0.399536,0.396757,0.392666,0.38729,0.380654,0.372781,0.363692,0.353408,0.341951,0.329346,0.31562,0.300803,0.284931,0.268042,0.250182,0.231398,0.211746,0.191282,0.170068,0.148171,0.125661,0.102609,0.079093,0.055192,0.0309888,0.00656959,-0.0179761,-0.0425551,-0.0670709,-0.0914229,-0.115507,-0.139215,-0.162435,-0.185054,-0.206955,-0.22802,-0.248131,-0.267174,-0.285039,-0.301623,-0.316832,-0.330588,-0.342828,-0.353506,-0.362598,-0.370096,-0.376013,-0.380376,-0.383223,-0.384599,-0.384553,-0.383134,-0.380387,-0.376355,-0.371079,-0.364595,-0.356937,-0.348142,-0.338244,-0.327282,-0.315293,-0.302321,-0.288407,-0.273598,-0.257936,-0.241463,-0.224216,-0.206231,-0.187536,-0.168155,-0.148113,-0.127428
-0.157468,-0.13707,-0.116031,-0.0943616,-0.0720639,-0.0491269,-0.0255184,-0.00117885,0.0239817,0.0500802,0.0772426,0.105559,0.134999,0.165299,0.19587,0.225831,0.254221,0.280272,0.30356,0.323985,0.34165,0.35675,0.3695,0.380097,0.388711,0.395486,0.400537,0.403961,0.405837,0.40623,0.405194,0.402775,0.399013,0.393941,0.387588,0.379979,0.371139,0.36109,0.349854,0.337456,0.323921,0.309278,0.29356,0.276802,0.259046,0.240338,0.220728,0.200272,0.17903,0.157065,0.134447,0.111247,0.0875433,0.0634145,0.038945,0.0142224,-0.0106615,-0.0356113,-0.0605273,-0.0853057,-0.109838,-0.134014,-0.157715,-0.180825,-0.20322,-0.22478,-0.245383,-0.264909,-0.283244,-0.300282,-0.31593,-0.330106,-0.342746,-0.353806,-0.363262,-0.37111,-0.377365,-0.382057,-0.385226,-0.386921,-0.387192,-0.386091,-0.383664,-0.379957,-0.375008,-0.368857,-0.361538,-0.353085,-0.343534,-0.332922,-0.321286,-0.308668,-0.295108,-0.280651,-0.265337,-0.249208,-0.232301,-0.214647,-0.196275,-0.177209,-0.157468,-0.13707
-0.166388,-0.146251,-0.125456,-0.104015,-0.0819335,-0.0592077,-0.0358175,-0.0117208,0.0131521,0.0388997,0.0656421,0.0934955,0.122516,0.152601,0.183377,0.21413,0.243906,0.271763,0.297022,0.31937,0.338788,0.355424,0.369496,0.381223,0.390805,0.398409,0.404178,0.408226,0.410647,0.41152,0.410911,0.408873,0.405453,0.40069,0.394618,0.387267,0.378663,0.368831,0.357796,0.345581,0.332212,0.317715,0.302122,0.285467,0.267787,0.249126,0.229532,0.209057,0.18776,0.165703,0.142953,0.119582,0.0956676,0.0712891,0.0465322,0.0214862,-0.00375474,-0.0290923,-0.0544236,-0.0796407,-0.104632,-0.129279,-0.153463,-0.17706,-0.199942,-0.221983,-0.243056,-0.263038,-0.281811,-0.299268,-0.315313,-0.329863,-0.342857,-0.354252,-0.364026,-0.37218,-0.378731,-0.383712,-0.387169,-0.389151,-0.389713,-0.388905,-0.386777,-0.383375,-0.378737,-0.372903,-0.365908,-0.357785,-0.348569,-0.338296,-0.327003,-0.314729,-0.301514,-0.287398,-0.272422,-0.256625,-0.24004,-0.222699,-0.20463,-0.185853,-0.166388,-0.146251
-0.17484,-0.15494,-0.134366,-0.11313,-0.0912412,-0.0687028,-0.0455047,-0.0216198,0.00300249,0.0284401,0.0547971,0.0821917,0.110721,0.140394,0.171021,0.202105,0.232826,0.26219,0.289312,0.313627,0.334925,0.353258,0.368811,0.381813,0.392485,0.401024,0.407597,0.412339,0.415364,0.416764,0.416618,0.414988,0.411929,0.407487,0.401702,0.394607,0.386233,0.376607,0.365755,0.353703,0.340476,0.3261,0.310605,0.294024,0.276392,0.25775,0.238143,0.217622,0.196243,0.174067,0.151159,0.127592,0.103441,0.0787888,0.0537211,0.0283296,0.00271077,-0.0230336,-0.0487967,-0.0744664,-0.0999254,-0.125052,-0.149719,-0.173798,-0.197156,-0.21966,-0.24118,-0.261587,-0.280763,-0.298595,-0.31499,-0.329865,-0.343161,-0.354839,-0.364881,-0.373292,-0.380094,-0.385324,-0.389031,-0.391268,-0.39209,-0.391551,-0.389699,-0.38658,-0.382234,-0.3767,-0.370012,-0.362203,-0.353309,-0.343363,-0.332401,-0.320459,-0.307577,-0.293793,-0.279143,-0.263664,-0.247389,-0.230345,-0.21256,-0.194052,-0.17484,-0.15494
-0.182786,-0.163102,-0.142726,-0.121673,-0.0999555,-0.0775816,-0.0545505,-0.0308481,-0.0064408,0.0187292,0.0447461,0.0717162,0.0997489,0.128913,0.159153,0.190176,0.221367,0.251818,0.280541,0.306741,0.329973,0.350126,0.367309,0.38173,0.393625,0.403212,0.410684,0.416201,0.419896,0.421877,0.422237,0.42105,0.418378,0.414276,0.408788,0.401954,0.393808,0.384382,0.373702,0.361797,0.348692,0.334414,0.318993,0.302459,0.284846,0.266195,0.246547,0.225951,0.204461,0.182137,0.159044,0.135252,0.110838,0.0858857,0.0604816,0.03472,0.00870035,-0.0174718,-0.043685,-0.0698222,-0.0957603,-0.121371,-0.146522,-0.171077,-0.194897,-0.217844,-0.239781,-0.260579,-0.280113,-0.298274,-0.314966,-0.330111,-0.343653,-0.355558,-0.365814,-0.374431,-0.381438,-0.386875,-0.390795,-0.393253,-0.394305,-0.394007,-0.392406,-0.389548,-0.385473,-0.380219,-0.37382,-0.366309,-0.357719,-0.348084,-0.337438,-0.325817,-0.313255,-0.299789,-0.285453,-0.27028,-0.2543,-0.23754,-0.220021,-0.201765,-0.182786,-0.163102
-0.190182,-0.170694,-0.150497,-0.129607,-0.10804,-0.0858095,-0.0629225,-0.039376,-0.0151513,0.00979093,0.0355146,0.0621079,0.0896746,0.118308,0.148033,0.178717,0.209955,0.241019,0.270952,0.298812,0.32392,0.345951,0.364878,0.380854,0.394102,0.404856,0.41333,0.419709,0.424146,0.42677,0.427686,0.426982,0.42473,0.420991,0.415818,0.409256,0.401343,0.392114,0.3816,0.36983,0.356832,0.342633,0.327263,0.310751,0.293132,0.274443,0.254724,0.234024,0.212394,0.189893,0.166584,0.142538,0.117833,0.0925507,0.0667821,0.0406235,0.0141778,-0.012445,-0.0391283,-0.0657489,-0.0921773,-0.118278,-0.143911,-0.168933,-0.193198,-0.216562,-0.238883,-0.260029,-0.279874,-0.298309,-0.31524,-0.330595,-0.344323,-0.356396,-0.36681,-0.375582,-0.382745,-0.388347,-0.392442,-0.395088,-0.396342,-0.396257,-0.394882,-0.392262,-0.388435,-0.38344,-0.377309,-0.370075,-0.361772,-0.35243,-0.342084,-0.330765,-0.318509,-0.305346,-0.29131,-0.276429,-0.26073,-0.244237,-0.226969,-0.208946,-0.190182,-0.170694
-0.196984,-0.177673,-0.157636,-0.136891,-0.115455,-0.093349,-0.0705855,-0.0471716,-0.0231012,0.00164868,0.0271228,0.0533896,0.080538,0.108663,0.137832,0.168014,0.198982,0.230216,0.260898,0.290064,0.316857,0.340724,0.361453,0.379087,0.393808,0.405844,0.415426,0.422759,0.428018,0.431351,0.432879,0.432704,0.430908,0.427563,0.422728,0.416453,0.408783,0.399755,0.389405,0.377764,0.364861,0.350725,0.335387,0.318876,0.301225,0.282471,0.262655,0.241821,0.22002,0.19731,0.173755,0.149424,0.124395,0.0987526,0.0725892,0.0460043,0.0191051,-0.00799327,-0.035168,-0.0622889,-0.0892185,-0.115813,-0.141924,-0.1674,-0.192088,-0.215838,-0.238503,-0.259948,-0.280049,-0.298697,-0.315804,-0.331304,-0.345153,-0.357334,-0.36785,-0.376725,-0.384001,-0.389727,-0.393962,-0.396764,-0.398189,-0.398291,-0.397116,-0.394708,-0.391106,-0.386346,-0.380461,-0.373483,-0.365444,-0.356376,-0.346309,-0.335275,-0.323306,-0.31043,-0.296676,-0.28207,-0.266635,-0.250392,-0.233358,-0.215551,-0.196984,-0.177673
-0.203146,-0.183995,-0.164099,-0.14348,-0.12216,-0.10016,-0.0775023,-0.0542008,-0.0302609,-0.00567336,0.0195893,0.0455764,0.0723587,0.100022,0.128645,0.158256,0.188754,0.219808,0.25079,0.280828,0.30899,0.334533,0.357033,0.376377,0.392661,0.406084,0.416875,0.425255,0.431417,0.43553,0.43773,0.438134,0.436837,0.43392,0.429449,0.423482,0.416069,0.407251,0.397068,0.385553,0.372738,0.358654,0.343332,0.326802,0.309098,0.290254,0.270312,0.249315,0.227314,0.204364,0.180529,0.15588,0.130494,0.104458,0.0778669,0.050824,0.0234416,-0.00415897,-0.0318477,-0.0594858,-0.0869267,-0.114017,-0.140599,-0.166512,-0.191594,-0.21569,-0.238651,-0.260339,-0.280632,-0.299426,-0.31664,-0.332217,-0.346123,-0.358351,-0.368914,-0.377844,-0.385189,-0.391003,-0.395345,-0.398273,-0.399842,-0.400103,-0.399103,-0.396882,-0.393479,-0.388929,-0.383265,-0.376518,-0.368721,-0.359903,-0.350093,-0.339323,-0.327619,-0.315009,-0.301517,-0.287166,-0.271976,-0.255964,-0.239146,-0.221535,-0.203146,-0.183995
-0.208625,-0.189614,-0.169843,-0.149333,-0.128111,-0.106203,-0.0836349,-0.0604291,-0.0365998,-0.0121501,0.0129329,0.0386809,0.0651463,0.0923993,0.120516,0.149551,0.17948,0.210117,0.241025,0.271491,0.300622,0.327564,0.3517,0.372731,0.390623,0.405509,0.417597,0.42711,0.434256,0.439219,0.442154,0.44319,0.442437,0.439985,0.43591,0.430276,0.423138,0.414543,0.404533,0.393147,0.380417,0.366377,0.351059,0.334494,0.316716,0.29776,0.277667,0.256479,0.234246,0.211024,0.186877,0.161874,0.136096,0.109631,0.0825765,0.0550416,0.0271442,-0.000986951,-0.0292129,-0.0573848,-0.0853453,-0.11293,-0.13997,-0.166294,-0.191735,-0.21613,-0.239328,-0.261194,-0.281608,-0.300475,-0.317724,-0.333308,-0.347206,-0.359423,-0.369981,-0.378923,-0.386299,-0.392167,-0.396586,-0.399612,-0.401299,-0.401694,-0.400841,-0.398781,-0.39555,-0.391184,-0.385714,-0.379173,-0.371591,-0.362997,-0.353421,-0.342889,-0.331427,-0.319059,-0.305807,-0.291689,-0.276721,-0.260917,-0.244292,-0.226856,-0.208625,-0.189614
-0.213383,-0.194492,-0.174825,-0.154408,-0.133269,-0.111438,-0.0889464,-0.0658222,-0.0420878,-0.0177562,0.00717251,0.0327149,0.058906,0.0857993,0.11346,0.141948,0.171281,0.20137,0.231935,0.262442,0.292117,0.320096,0.345627,0.368228,0.387706,0.404091,0.417539,0.428258,0.436461,0.442342,0.446072,0.447795,0.447633,0.445686,0.442039,0.436765,0.429923,0.421567,0.411743,0.40049,0.387846,0.373846,0.358523,0.341911,0.324042,0.304953,0.284684,0.263277,0.240783,0.217257,0.192763,0.167371,0.141163,0.11423,0.0866756,0.0586123,0.0301661,0.00147496,-0.0273114,-0.0560321,-0.084517,-0.112589,-0.140066,-0.166769,-0.192521,-0.217157,-0.240525,-0.262494,-0.282952,-0.301814,-0.319022,-0.334544,-0.348373,-0.360524,-0.371033,-0.379948,-0.387323,-0.393217,-0.397688,-0.400787,-0.402566,-0.403068,-0.402336,-0.400409,-0.397322,-0.39311,-0.387807,-0.381443,-0.374048,-0.365652,-0.35628,-0.34596,-0.334713,-0.322561,-0.309521,-0.295609,-0.280838,-0.265218,-0.248761,-0.231478,-0.213383,-0.194492
-0.217383,-0.19859,-0.179009,-0.158667,-0.137596,-0.115829,-0.0934023,-0.0703481,-0.0466961,-0.0224677,0.00232643,0.0276896,0.0536416,0.0802193,0.107474,0.13546,0.164213,0.193701,0.223758,0.254011,0.283843,0.312462,0.339066,0.363028,0.383991,0.401851,0.416683,0.428658,0.437975,0.444834,0.449417,0.451878,0.452352,0.45095,0.447767,0.442881,0.43636,0.428261,0.418634,0.407524,0.39497,0.381009,0.365676,0.349005,0.331031,0.311791,0.291324,0.269673,0.246888,0.223026,0.198148,0.17233,0.145653,0.118213,0.0901177,0.0614873,0.032457,0.00317586,-0.0261932,-0.0554747,-0.0844834,-0.113027,-0.140912,-0.167948,-0.193953,-0.218759,-0.242219,-0.264207,-0.284625,-0.303402,-0.320495,-0.335888,-0.349591,-0.361631,-0.372053,-0.38091,-0.38826,-0.394158,-0.398657,-0.401807,-0.403652,-0.404236,-0.403596,-0.401772,-0.398799,-0.394712,-0.389544,-0.383327,-0.376089,-0.36786,-0.358664,-0.348526,-0.337465,-0.325498,-0.312642,-0.298906,-0.284302,-0.268838,-0.252522,-0.235366,-0.217383,-0.19859
-0.220595,-0.201877,-0.182361,-0.162078,-0.14106,-0.119345,-0.0969719,-0.0739784,-0.0503991,-0.0262627,-0.0015887,0.0236152,0.0493555,0.0756541,0.102547,0.13008,0.158289,0.187173,0.216642,0.246447,0.276125,0.305007,0.33232,0.357359,0.379624,0.398868,0.415059,0.428303,0.43877,0.446652,0.452134,0.455379,0.456532,0.455713,0.453027,0.448558,0.442382,0.43456,0.425147,0.41419,0.401732,0.387811,0.372465,0.355729,0.337638,0.318229,0.297543,0.275623,0.252519,0.228287,0.202991,0.176707,0.14952,0.12153,0.0928517,0.0636135,0.0339625,0.00406176,-0.0259096,-0.0557588,-0.0852827,-0.114273,-0.142523,-0.169832,-0.196016,-0.220909,-0.244371,-0.266288,-0.286579,-0.30519,-0.322097,-0.337303,-0.350831,-0.362724,-0.373032,-0.381811,-0.389116,-0.394999,-0.399508,-0.402685,-0.404573,-0.405209,-0.404632,-0.40288,-0.399989,-0.395995,-0.39093,-0.384827,-0.377715,-0.369621,-0.360569,-0.350579,-0.339671,-0.327858,-0.315152,-0.30156,-0.287091,-0.271752,-0.255548,-0.238491,-0.220595,-0.201877
-0.222991,-0.204324,-0.184854,-0.164611,-0.143632,-0.121958,-0.0996295,-0.0766889,-0.0531754,-0.0291232,-0.00455915,0.0204997,0.0460488,0.0720968,0.0986662,0.125789,0.153498,0.181804,0.21066,0.239906,0.26921,0.298039,0.325705,0.351494,0.374811,0.395279,0.412744,0.427227,0.438848,0.447776,0.454188,0.458253,0.46012,0.459918,0.457759,0.453736,0.447927,0.440402,0.431218,0.420426,0.408072,0.394195,0.378835,0.362027,0.343809,0.324218,0.303294,0.281081,0.257629,0.232994,0.207243,0.180453,0.152713,0.124128,0.0948209,0.0649327,0.0346241,0.00407606,-0.0265126,-0.056928,-0.086947,-0.116344,-0.144899,-0.172406,-0.19868,-0.223563,-0.246928,-0.268679,-0.288755,-0.307123,-0.323782,-0.338752,-0.352072,-0.363793,-0.37397,-0.382658,-0.389906,-0.39576,-0.400259,-0.403441,-0.405343,-0.406003,-0.405457,-0.403744,-0.400901,-0.396965,-0.391969,-0.385947,-0.378926,-0.370933,-0.36199,-0.352116,-0.341326,-0.32963,-0.317039,-0.303556,-0.289188,-0.273939,-0.257816,-0.240828,-0.222991,-0.204324
-0.224551,-0.205911,-0.186464,-0.166245,-0.145292,-0.123647,-0.101355,-0.0784615,-0.0550086,-0.0310355,-0.00657515,0.0183481,0.0437202,0.0695388,0.0958136,0.122565,0.149815,0.177579,0.205832,0.234471,0.263264,0.291802,0.31951,0.345718,0.369797,0.391268,0.409864,0.425506,0.438246,0.448213,0.455569,0.460474,0.46308,0.463521,0.461915,0.45836,0.452941,0.44573,0.436791,0.426175,0.413932,0.400104,0.384729,0.367846,0.349493,0.329705,0.308525,0.285995,0.262167,0.237096,0.210852,0.183512,0.155173,0.125945,0.0959631,0.0653814,0.0343796,0.00316063,-0.0280522,-0.0590203,-0.0894982,-0.119243,-0.148024,-0.175634,-0.201893,-0.226659,-0.249822,-0.271311,-0.291089,-0.309148,-0.325508,-0.340207,-0.353298,-0.364837,-0.374878,-0.38347,-0.390653,-0.396464,-0.400934,-0.404096,-0.405983,-0.406632,-0.406082,-0.404373,-0.401542,-0.397629,-0.392667,-0.38669,-0.379725,-0.371797,-0.362927,-0.353131,-0.342422,-0.330806,-0.318292,-0.30488,-0.290576,-0.275382,-0.259305,-0.242356,-0.224551,-0.205911
-0.225257,-0.206619,-0.187176,-0.166964,-0.146023,-0.124398,-0.102136,-0.0792839,-0.0558884,-0.0319919,-0.00763178,0.0171613,0.0423655,0.0679692,0.0939712,0.12038,0.147209,0.174468,0.202143,0.230167,0.258376,0.286463,0.313966,0.340295,0.364834,0.387052,0.406586,0.423256,0.437037,0.448006,0.456289,0.462036,0.465392,0.466492,0.465455,0.462386,0.457373,0.450493,0.44181,0.431382,0.419257,0.40548,0.390092,0.37313,0.354633,0.334636,0.313181,0.290312,0.266078,0.240537,0.213759,0.185825,0.156838,0.126917,0.0962102,0.0648915,0.0331639,0.00125788,-0.0305735,-0.0620636,-0.0929431,-0.122954,-0.151859,-0.179458,-0.205584,-0.230116,-0.252971,-0.274107,-0.293515,-0.311212,-0.32724,-0.341654,-0.354511,-0.36587,-0.375779,-0.384275,-0.391387,-0.39714,-0.401558,-0.404669,-0.406508,-0.407111,-0.40652,-0.404777,-0.401921,-0.397993,-0.393029,-0.387059,-0.380113,-0.372213,-0.363379,-0.353622,-0.342954,-0.331379,-0.3189,-0.305521,-0.291241,-0.276065,-0.260001,-0.243059,-0.225257,-0.206619
-0.225097,-0.206438,-0.186979,-0.166757,-0.145816,-0.124202,-0.101963,-0.0791504,-0.0558108,-0.03199,-0.00772954,0.0169353,0.0419765,0.0673744,0.0931187,0.119207,0.145645,0.172433,0.199562,0.226983,0.254577,0.282117,0.309237,0.33544,0.360161,0.382856,0.403099,0.420626,0.43533,0.447223,0.456391,0.462958,0.467056,0.468815,0.468356,0.465782,0.461185,0.454645,0.446229,0.435994,0.423994,0.410272,0.394869,0.377824,0.359174,0.338955,0.317207,0.293974,0.269304,0.243256,0.215901,0.187325,0.157637,0.12697,0.095488,0.0633907,0.0309111,-0.00168575,-0.0341118,-0.0660693,-0.0972665,-0.127434,-0.15634,-0.183795,-0.209658,-0.233839,-0.256286,-0.276991,-0.295973,-0.313276,-0.328961,-0.343091,-0.355729,-0.366923,-0.37671,-0.385111,-0.392142,-0.397816,-0.402153,-0.405181,-0.406933,-0.407452,-0.40678,-0.404963,-0.402043,-0.398063,-0.393057,-0.387058,-0.380093,-0.372182,-0.363342,-0.353585,-0.342916,-0.33134,-0.318856,-0.305467,-0.291173,-0.275977,-0.25989,-0.242923,-0.225097,-0.206438
-0.224065,-0.205362,-0.185867,-0.165621,-0.144668,-0.123058,-0.100839,-0.0780622,-0.0547782,-0.0310342,-0.00687468,0.0176613,0.0425405,0.0677371,0.0932329,0.119017,0.145085,0.171431,0.198043,0.224883,0.251859,0.278801,0.305421,0.331312,0.355973,0.378887,0.3996,0.417783,0.433256,0.445963,0.455942,0.46328,0.468092,0.470496,0.470607,0.468527,0.464349,0.458152,0.450006,0.43997,0.428095,0.414427,0.399007,0.381873,0.36306,0.342605,0.320545,0.296921,0.271783,0.245188,0.21721,0.187939,0.157494,0.126024,0.0937172,0.0608046,0.0275584,-0.0057142,-0.0386851,-0.0710248,-0.102424,-0.132612,-0.161371,-0.188538,-0.214007,-0.237724,-0.259677,-0.279892,-0.298416,-0.315318,-0.330671,-0.344542,-0.356986,-0.368039,-0.377715,-0.38602,-0.392952,-0.398521,-0.402742,-0.405645,-0.407269,-0.40766,-0.406866,-0.404935,-0.401912,-0.39784,-0.392755,-0.386687,-0.379663,-0.371701,-0.362816,-0.353015,-0.342303,-0.330682,-0.318151,-0.30471,-0.290361,-0.275109,-0.258964,-0.241942,-0.224065,-0.205362
-0.222157,-0.203389,-0.183841,-0.163558,-0.142585,-0.120971,-0.0987678,-0.0760269,-0.0527995,-0.0291348,-0.00507935,0.0193247,0.0440403,0.0690363,0.0942881,0.119777,0.145491,0.171417,0.197538,0.22382,0.250189,0.276511,0.302561,0.328005,0.352418,0.375324,0.396272,0.414897,0.43096,0.444343,0.455029,0.463066,0.468541,0.471556,0.472215,0.470616,0.466848,0.46099,0.453111,0.44327,0.431519,0.417902,0.402459,0.385227,0.36624,0.34553,0.323134,0.299092,0.273449,0.246263,0.21761,0.187587,0.156324,0.123994,0.090815,0.0570605,0.0230517,-0.0108537,-0.0442847,-0.0768843,-0.108335,-0.13838,-0.166829,-0.193558,-0.218508,-0.241666,-0.263062,-0.282754,-0.300819,-0.31734,-0.332396,-0.34605,-0.358338,-0.369272,-0.378845,-0.387041,-0.39385,-0.399275,-0.403337,-0.406071,-0.407521,-0.40774,-0.406781,-0.404695,-0.401529,-0.397325,-0.392121,-0.385945,-0.378822,-0.370767,-0.361793,-0.351906,-0.341107,-0.329397,-0.316775,-0.303241,-0.288798,-0.273453,-0.257218,-0.240111,-0.222157,-0.203389
-0.219377,-0.200524,-0.180909,-0.160577,-0.139575,-0.117953,-0.0957634,-0.0730584,-0.0498899,-0.0263082,-0.00236147,0.021906,0.0464538,0.0712468,0.096255,0.121454,0.146823,0.172344,0.197995,0.22374,0.249517,0.275216,0.300656,0.325565,0.349586,0.372296,0.393268,0.412126,0.428589,0.442488,0.453754,0.462394,0.46846,0.472033,0.473202,0.472056,0.468679,0.463145,0.455523,0.445868,0.434232,0.420657,0.405181,0.387838,0.36866,0.347676,0.324918,0.300422,0.274233,0.246407,0.217021,0.186182,0.154038,0.120789,0.0866987,0.052093,0.0173549,-0.0171017,-0.0508646,-0.0835598,-0.114879,-0.144596,-0.172566,-0.198718,-0.223041,-0.245572,-0.266379,-0.28555,-0.303185,-0.319373,-0.33419,-0.347679,-0.359851,-0.370685,-0.380149,-0.388211,-0.394857,-0.400092,-0.403945,-0.40646,-0.407689,-0.407691,-0.406523,-0.40424,-0.40089,-0.396516,-0.391152,-0.384828,-0.377564,-0.369375,-0.36027,-0.350251,-0.339322,-0.327479,-0.314723,-0.301055,-0.28648,-0.271006,-0.254649,-0.23743,-0.219377,-0.200524
-0.215732,-0.196778,-0.177082,-0.156692,-0.135655,-0.114021,-0.0918445,-0.0691767,-0.0460704,-0.0225767,0.0012555,0.02538,0.049754,0.0743391,0.0991009,0.12401,0.149039,0.174165,0.199358,0.224584,0.249785,0.274866,0.299677,0.323997,0.347523,0.369891,0.390706,0.409602,0.426276,0.440523,0.452226,0.461352,0.467918,0.471977,0.473602,0.472868,0.469849,0.464615,0.457228,0.447743,0.436207,0.422659,0.407134,0.389663,0.370272,0.348987,0.325835,0.300848,0.274064,0.24554,0.215356,0.183632,0.150539,0.116319,0.0812916,0.0458548,0.0104625,-0.0244133,-0.0583299,-0.0909154,-0.121894,-0.15109,-0.178421,-0.203875,-0.227497,-0.249368,-0.269593,-0.288283,-0.30555,-0.321481,-0.336131,-0.349513,-0.361599,-0.372335,-0.381667,-0.389554,-0.395985,-0.400975,-0.404564,-0.406806,-0.407765,-0.407505,-0.406086,-0.403565,-0.399991,-0.395407,-0.389844,-0.383331,-0.375885,-0.367517,-0.358236,-0.348043,-0.336937,-0.324919,-0.311988,-0.298146,-0.283402,-0.267768,-0.251261,-0.233905,-0.215732,-0.196778
-0.211235,-0.192165,-0.172379,-0.151923,-0.130846,-0.109199,-0.0870354,-0.0644075,-0.0413678,-0.0179678,0.00574291,0.0297169,0.0539095,0.0782797,0.10279,0.127405,0.152095,0.176829,0.201576,0.226295,0.250931,0.275401,0.299578,0.323274,0.346237,0.36815,0.388662,0.407426,0.424136,0.43856,0.450551,0.460032,0.466991,0.471451,0.473461,0.473082,0.470377,0.465406,0.458226,0.448884,0.437424,0.423881,0.408286,0.390662,0.371031,0.349413,0.325828,0.300301,0.272865,0.243577,0.212521,0.179836,0.145728,0.110495,0.0745341,0.0383304,0.00241588,-0.0326877,-0.0665288,-0.0987665,-0.129184,-0.157677,-0.184235,-0.208909,-0.231796,-0.253019,-0.27271,-0.290997,-0.30799,-0.323757,-0.338318,-0.351641,-0.363653,-0.374272,-0.383426,-0.39108,-0.397232,-0.401914,-0.405181,-0.4071,-0.40774,-0.407173,-0.405461,-0.402662,-0.398825,-0.39399,-0.388189,-0.381444,-0.373773,-0.365184,-0.355683,-0.34527,-0.333946,-0.32171,-0.308563,-0.294512,-0.279567,-0.263742,-0.247059,-0.229546,-0.211235,-0.192165
-0.205903,-0.186707,-0.166821,-0.146294,-0.125175,-0.103515,-0.0813659,-0.0587814,-0.0358136,-0.012514,0.0110674,0.0348822,0.0588847,0.0830314,0.107282,0.131599,0.155946,0.180289,0.204591,0.22881,0.252892,0.276759,0.300299,0.323352,0.345704,0.367082,0.387176,0.405664,0.422252,0.436695,0.448821,0.458524,0.465757,0.470517,0.472831,0.472739,0.470291,0.465536,0.458521,0.449288,0.437873,0.424305,0.408608,0.3908,0.370895,0.348903,0.324837,0.298712,0.270557,0.240427,0.208417,0.174691,0.139508,0.103244,0.0663986,0.0295551,-0.00667929,-0.0417567,-0.0752518,-0.106889,-0.136536,-0.164174,-0.189866,-0.213726,-0.235895,-0.25653,-0.275781,-0.293779,-0.310613,-0.326317,-0.340858,-0.354147,-0.36607,-0.376521,-0.385432,-0.392778,-0.398581,-0.402891,-0.405779,-0.407322,-0.407598,-0.406681,-0.404636,-0.40152,-0.39738,-0.392256,-0.386174,-0.379157,-0.371218,-0.362365,-0.3526,-0.341925,-0.33034,-0.317846,-0.304448,-0.290153,-0.274976,-0.258935,-0.242055,-0.224365,-0.205903,-0.186707
-0.199758,-0.180428,-0.160438,-0.139837,-0.118674,-0.097001,-0.0748701,-0.0523337,-0.0294439,-0.00625215,0.0171913,0.0408376,0.0646398,0.0885532,0.112535,0.136544,0.160542,0.18449,0.208348,0.232071,0.255603,0.278871,0.301774,0.324174,0.345883,0.366667,0.386254,0.404352,0.420681,0.434998,0.447115,0.456903,0.464288,0.469242,0.471766,0.471882,0.469623,0.465026,0.458127,0.448958,0.437547,0.423916,0.40808,0.390048,0.369823,0.347407,0.3228,0.296009,0.267055,0.235993,0.202937,0.168093,0.131794,0.0945276,0.0569121,0.0196372,-0.0166388,-0.0513836,-0.0842423,-0.115039,-0.143742,-0.170422,-0.195213,-0.218281,-0.239805,-0.259961,-0.278906,-0.296755,-0.313559,-0.329292,-0.343853,-0.357097,-0.368878,-0.379086,-0.387668,-0.394625,-0.400005,-0.403879,-0.406332,-0.407451,-0.40732,-0.406013,-0.403596,-0.400124,-0.395644,-0.39019,-0.383788,-0.376457,-0.368208,-0.359046,-0.348976,-0.337997,-0.326111,-0.313323,-0.29964,-0.285072,-0.269638,-0.253359,-0.236263,-0.218384,-0.199758,-0.180428
-0.192828,-0.173358,-0.15326,-0.132584,-0.111379,-0.0896956,-0.0675865,-0.0451036,-0.0222987,0.000776948,0.0240731,0.0475407,0.071132,0.0948009,0.118503,0.142195,0.165835,0.189382,0.212791,0.236015,0.258998,0.28167,0.303936,0.325674,0.346719,0.366867,0.38588,0.403494,0.419451,0.433515,0.44549,0.455233,0.462649,0.467684,0.470318,0.470555,0.468409,0.463903,0.45706,0.447903,0.436447,0.422705,0.406682,0.388375,0.367777,0.344875,0.319656,0.292114,0.262266,0.230172,0.195975,0.159948,0.122534,0.08436,0.0461822,0.008776,-0.0271966,-0.0612751,-0.0932198,-0.122977,-0.150622,-0.176308,-0.200227,-0.222586,-0.243591,-0.263424,-0.282231,-0.300087,-0.31698,-0.332804,-0.347383,-0.360527,-0.372077,-0.381941,-0.390097,-0.396582,-0.401468,-0.404846,-0.406814,-0.407466,-0.406886,-0.40515,-0.402324,-0.39846,-0.393601,-0.387778,-0.381016,-0.373329,-0.364728,-0.355217,-0.3448,-0.333478,-0.321257,-0.308142,-0.294144,-0.279278,-0.263565,-0.247031,-0.229706,-0.211625,-0.192828,-0.173358
-0.185145,-0.165532,-0.145326,-0.124575,-0.103329,-0.0816395,-0.0595572,-0.0371341,-0.0144217,0.00852924,0.0316683,0.0549464,0.0783152,0.101728,0.125138,0.148501,0.171772,0.194908,0.217861,0.240582,0.263014,0.285087,0.306715,0.327783,0.348148,0.36763,0.386017,0.403075,0.418567,0.432268,0.443983,0.45356,0.460887,0.465893,0.468537,0.468802,0.466686,0.462197,0.455343,0.446134,0.434575,0.420666,0.404398,0.385757,0.364718,0.341255,0.315337,0.286945,0.256093,0.222856,0.187431,0.15019,0.111729,0.0728447,0.034421,-0.002732,-0.0380188,-0.0711102,-0.101913,-0.130503,-0.157051,-0.181778,-0.204922,-0.226718,-0.247381,-0.267086,-0.285941,-0.303955,-0.321023,-0.336946,-0.351486,-0.364427,-0.375627,-0.385034,-0.392668,-0.3986,-0.402927,-0.405758,-0.407196,-0.407339,-0.406274,-0.404075,-0.400803,-0.39651,-0.391234,-0.385004,-0.377841,-0.369758,-0.360765,-0.350865,-0.340063,-0.328364,-0.315774,-0.302303,-0.287966,-0.272781,-0.256774,-0.239971,-0.222406,-0.204117,-0.185145,-0.165532
-0.176743,-0.156988,-0.136675,-0.115852,-0.0945689,-0.0728771,-0.0508273,-0.0284709,-0.00585902,0.0169578,0.0399294,0.0630066,0.0861406,0.109284,0.132389,0.15541,0.178301,0.201014,0.223501,0.245711,0.267585,0.289056,0.310039,0.330432,0.350104,0.368894,0.386617,0.403062,0.418012,0.431258,0.44261,0.451912,0.45904,0.463909,0.46646,0.466659,0.464486,0.459933,0.452995,0.443666,0.431937,0.417794,0.401215,0.382166,0.360607,0.336491,0.30977,0.280412,0.248433,0.213943,0.177225,0.138805,0.0994741,0.0602027,0.0219552,-0.0145088,-0.0487388,-0.0805808,-0.110097,-0.137478,-0.162974,-0.186854,-0.209387,-0.230819,-0.251362,-0.271157,-0.290244,-0.30853,-0.3258,-0.341765,-0.356148,-0.368746,-0.379464,-0.3883,-0.39532,-0.400628,-0.404342,-0.406578,-0.407447,-0.407046,-0.405462,-0.402764,-0.399013,-0.394255,-0.388525,-0.381849,-0.374247,-0.365729,-0.356305,-0.345979,-0.334758,-0.32265,-0.309664,-0.295814,-0.281118,-0.2656,-0.249284,-0.232205,-0.214395,-0.195894,-0.176743,-0.156988
-0.167665,-0.147769,-0.127351,-0.10646,-0.0851442,-0.0634556,-0.0414447,-0.0191625,0.00334031,0.0260133,0.0488067,0.071671,0.0945575,0.117418,0.140204,0.162869,0.185364,0.207642,0.229651,0.251339,0.272647,0.293507,0.313841,0.33355,0.352516,0.370596,0.387622,0.403408,0.417756,0.43047,0.44137,0.450299,0.457128,0.461759,0.464118,0.464157,0.461838,0.457138,0.450035,0.440509,0.428537,0.414085,0.397115,0.377574,0.3554,0.330524,0.302877,0.27242,0.239183,0.203346,0.165331,0.125876,0.0859925,0.0467885,0.00920935,-0.0261372,-0.0590071,-0.0894349,-0.117622,-0.143849,-0.168419,-0.191634,-0.213778,-0.235095,-0.255768,-0.275873,-0.295341,-0.31395,-0.331366,-0.347241,-0.361302,-0.373398,-0.383499,-0.39166,-0.39799,-0.402616,-0.405669,-0.407273,-0.407539,-0.406562,-0.404426,-0.401198,-0.396934,-0.391675,-0.385455,-0.378297,-0.370217,-0.361227,-0.351336,-0.340552,-0.328882,-0.316338,-0.302934,-0.288686,-0.273617,-0.257753,-0.241124,-0.223762,-0.205705,-0.186992,-0.167665,-0.147769
-0.157953,-0.137921,-0.117403,-0.0964471,-0.0751043,-0.0534248,-0.0314595,-0.00925921,0.0131256,0.0356447,0.0582485,0.0808876,0.103513,0.126077,0.148529,0.170823,0.192908,0.214735,0.236252,0.257405,0.278135,0.298376,0.318049,0.337065,0.355314,0.372667,0.388972,0.404061,0.417756,0.429876,0.440248,0.44872,0.455158,0.459457,0.461531,0.461317,0.458764,0.45383,0.44648,0.436676,0.424376,0.409532,0.392081,0.371949,0.349048,0.323284,0.294571,0.262869,0.228254,0.191024,0.151814,0.111622,0.0716622,0.0330739,-0.00334399,-0.0372213,-0.0685423,-0.0975104,-0.124433,-0.149648,-0.173496,-0.196292,-0.218321,-0.239806,-0.260867,-0.28147,-0.301397,-0.32028,-0.337696,-0.353289,-0.366839,-0.378275,-0.387639,-0.39504,-0.400617,-0.404515,-0.406872,-0.407812,-0.407444,-0.405863,-0.403145,-0.399355,-0.394544,-0.388751,-0.382005,-0.374329,-0.365737,-0.356241,-0.345852,-0.334579,-0.322435,-0.309434,-0.295593,-0.280935,-0.265484,-0.249269,-0.232323,-0.214679,-0.196376,-0.177453,-0.157953,-0.137921
-0.147656,-0.127493,-0.106879,-0.0858651,-0.0645004,-0.0428361,-0.0209234,0.00118694,0.0234445,0.0457993,0.0682018,0.0906029,0.112954,0.135205,0.157309,0.179215,0.200873,0.222234,0.243244,0.263848,0.283986,0.303594,0.322598,0.34091,0.358429,0.375039,0.390601,0.404964,0.417965,0.429437,0.439218,0.447158,0.453126,0.457007,0.458709,0.458154,0.455277,0.450024,0.44234,0.43217,0.419455,0.404123,0.386088,0.365251,0.341493,0.314696,0.284761,0.25167,0.215592,0.177023,0.136883,0.0964365,0.0570002,0.0195905,-0.0152575,-0.0474477,-0.07717,-0.104754,-0.130573,-0.155002,-0.178395,-0.201073,-0.223302,-0.24525,-0.266928,-0.288141,-0.308494,-0.327493,-0.344686,-0.35977,-0.372622,-0.38326,-0.391792,-0.398369,-0.403148,-0.406283,-0.407915,-0.408164,-0.407137,-0.404923,-0.401596,-0.397214,-0.391824,-0.385464,-0.378159,-0.369931,-0.360794,-0.350762,-0.339847,-0.328061,-0.315422,-0.301947,-0.287658,-0.272581,-0.256743,-0.240177,-0.222915,-0.204994,-0.18645,-0.167324,-0.147656,-0.127493
-0.136825,-0.116537,-0.0958349,-0.0747673,-0.053386,-0.0317428,-0.00988943,0.0121229,0.0342438,0.0564234,0.0786126,0.100762,0.122824,0.144748,0.166486,0.187987,0.209202,0.230079,0.250565,0.270604,0.290136,0.309099,0.327419,0.345015,0.361793,0.377644,0.392445,0.406056,0.418329,0.429109,0.438245,0.445591,0.451016,0.454403,0.45565,0.454671,0.451387,0.445726,0.43762,0.426993,0.413766,0.397841,0.379107,0.357433,0.332671,0.304678,0.27336,0.238763,0.201226,0.161536,0.120936,0.0808761,0.0425987,0.00684173,-0.0261824,-0.0566287,-0.0848394,-0.111221,-0.136185,-0.160119,-0.183383,-0.206285,-0.229046,-0.25173,-0.274178,-0.295989,-0.316602,-0.335462,-0.352165,-0.36652,-0.378513,-0.388247,-0.39588,-0.401586,-0.405536,-0.407884,-0.408767,-0.408304,-0.406594,-0.403722,-0.399757,-0.394754,-0.388756,-0.381797,-0.373902,-0.365091,-0.35538,-0.344785,-0.33332,-0.321003,-0.307853,-0.293893,-0.279149,-0.26365,-0.247426,-0.230512,-0.212941,-0.194749,-0.175973,-0.156652,-0.136825,-0.116537
-0.125516,-0.105112,-0.0843256,-0.0632091,-0.0418156,-0.0201987,0.00158867,0.0234949,0.0454696,0.067463,0.0894263,0.111311,0.133068,0.154649,0.176004,0.197083,0.217837,0.238212,0.258156,0.277612,0.296522,0.314824,0.332447,0.349315,0.365339,0.380418,0.39444,0.407277,0.418793,0.428845,0.437289,0.443987,0.448807,0.45163,0.452349,0.450866,0.447091,0.440938,0.432318,0.421139,0.407294,0.390662,0.371099,0.348439,0.322507,0.293148,0.260304,0.224159,0.185326,0.144954,0.104559,0.0655919,0.0290212,-0.00478446,-0.0359172,-0.0647183,-0.0916215,-0.117072,-0.141494,-0.165281,-0.188786,-0.21228,-0.235889,-0.259507,-0.282745,-0.304987,-0.325573,-0.343981,-0.359932,-0.37337,-0.384385,-0.393143,-0.399834,-0.404643,-0.407743,-0.409286,-0.409402,-0.408206,-0.405792,-0.402238,-0.397609,-0.391957,-0.385322,-0.377735,-0.369221,-0.3598,-0.349491,-0.338311,-0.326278,-0.313415,-0.299744,-0.285293,-0.270091,-0.254171,-0.237566,-0.220311,-0.202441,-0.183992,-0.164996,-0.145492,-0.125516,-0.105112
-0.113789,-0.0932761,-0.0724108,-0.051248,-0.0298451,-0.00825854,0.0134571,0.0352494,0.057068,0.0788636,0.100588,0.122192,0.143629,0.16485,0.185805,0.206444,0.226717,0.246572,0.265955,0.284811,0.303083,0.320708,0.33762,0.353746,0.369002,0.383297,0.396525,0.408569,0.419304,0.428597,0.436311,0.442312,0.446472,0.44867,0.448792,0.446731,0.442385,0.435653,0.426428,0.414594,0.40002,0.382552,0.362014,0.338206,0.310929,0.280043,0.245592,0.208002,0.168265,0.127879,0.0884577,0.0512101,0.0166989,-0.0150714,-0.0444216,-0.0718038,-0.0976942,-0.122551,-0.146802,-0.170838,-0.194983,-0.219427,-0.244132,-0.268741,-0.292608,-0.314966,-0.335161,-0.352807,-0.367788,-0.380174,-0.390136,-0.397878,-0.403603,-0.407501,-0.409739,-0.410462,-0.409797,-0.40785,-0.404711,-0.400452,-0.395135,-0.388808,-0.381509,-0.373268,-0.36411,-0.354056,-0.343127,-0.331345,-0.318731,-0.305312,-0.291114,-0.27617,-0.260513,-0.244177,-0.2272,-0.209617,-0.191463,-0.172771,-0.153574,-0.133902,-0.113789,-0.0932761
-0.101711,-0.0810963,-0.0601528,-0.0389427,-0.0175301,0.00402397,0.0256627,0.0473332,0.0689854,0.0905709,0.112042,0.133352,0.154452,0.175295,0.195831,0.216011,0.235785,0.2551,0.273903,0.292141,0.309756,0.326689,0.342875,0.358245,0.372723,0.38622,0.39864,0.409876,0.419809,0.428315,0.435266,0.440531,0.443983,0.445499,0.44496,0.442251,0.437257,0.429859,0.419933,0.407338,0.391912,0.37347,0.351798,0.326666,0.297875,0.265351,0.229342,0.19064,0.150646,0.11106,0.0733195,0.0382086,0.0058658,-0.0239848,-0.051801,-0.0780843,-0.103323,-0.127978,-0.152475,-0.177186,-0.202368,-0.22806,-0.253964,-0.279424,-0.30358,-0.325637,-0.345077,-0.361705,-0.375562,-0.386816,-0.395687,-0.402396,-0.407148,-0.410129,-0.411497,-0.411392,-0.409932,-0.407218,-0.403334,-0.398349,-0.392322,-0.385296,-0.377308,-0.36839,-0.358566,-0.347861,-0.336297,-0.3239,-0.310696,-0.296715,-0.281989,-0.266554,-0.250447,-0.233705,-0.216367,-0.198471,-0.180052,-0.16114,-0.141763,-0.121945,-0.101711,-0.0810963
-0.0893575,-0.0686454,-0.0476176,-0.0263521,-0.00492492,0.0165967,0.038154,0.0596945,0.0811692,0.102531,0.123734,0.144732,0.165479,0.185925,0.206024,0.225726,0.24498,0.263736,0.281941,0.299542,0.316483,0.332707,0.348154,0.362756,0.376442,0.38913,0.400731,0.411143,0.420257,0.427955,0.434114,0.438607,0.441308,0.442091,0.440833,0.437408,0.431689,0.42354,0.412814,0.399343,0.382935,0.363366,0.340391,0.313765,0.283328,0.249169,0.211868,0.17266,0.133245,0.0952423,0.0596726,0.0268424,-0.00344958,-0.03165,-0.0582776,-0.0838467,-0.108846,-0.133733,-0.158926,-0.184744,-0.211309,-0.238405,-0.265397,-0.291353,-0.315329,-0.336658,-0.355042,-0.370476,-0.383123,-0.393213,-0.400984,-0.40666,-0.410442,-0.412504,-0.412999,-0.412057,-0.40979,-0.406294,-0.401647,-0.395917,-0.389157,-0.381411,-0.372716,-0.363101,-0.352594,-0.341222,-0.329012,-0.315993,-0.302194,-0.287651,-0.2724,-0.256478,-0.239928,-0.222791,-0.205107,-0.186917,-0.168255,-0.149152,-0.129628,-0.109693,-0.0893575,-0.0686454
-0.0768224,-0.0560081,-0.0348742,-0.0135332,0.00791993,0.0294113,0.0508825,0.0722833,0.0935678,0.114692,0.13561,0.156279,0.176653,0.196685,0.216327,0.23553,0.254245,0.272422,0.29001,0.306956,0.323206,0.338707,0.3534,0.367222,0.380106,0.391975,0.402746,0.412323,0.420603,0.427473,0.432815,0.436505,0.438417,0.438421,0.436388,0.432182,0.425661,0.416672,0.405042,0.390575,0.373043,0.352189,0.327743,0.299482,0.267366,0.231775,0.193729,0.154845,0.116856,0.081005,0.0477968,0.0171357,-0.0113926,-0.0383131,-0.0641598,-0.0894448,-0.114655,-0.140244,-0.166593,-0.193908,-0.222068,-0.250498,-0.278221,-0.304153,-0.327456,-0.347703,-0.364828,-0.378975,-0.390384,-0.399308,-0.405989,-0.410645,-0.413463,-0.41461,-0.414229,-0.412443,-0.409359,-0.405067,-0.399642,-0.393148,-0.385638,-0.377154,-0.367733,-0.357406,-0.346204,-0.334156,-0.321293,-0.307647,-0.293254,-0.278151,-0.262378,-0.245978,-0.228995,-0.211474,-0.19346,-0.174995,-0.156118,-0.136859,-0.117231,-0.0972281,-0.0768224,-0.0560081
-0.0642358,-0.0432865,-0.0219906,-0.0005345,0.0209624,0.0424259,0.0638036,0.0850522,0.106131,0.127,0.147616,0.167937,0.187919,0.207516,0.226681,0.245366,0.263523,0.281102,0.298053,0.314326,0.329871,0.344634,0.35856,0.371591,0.383664,0.394706,0.404638,0.41337,0.420804,0.426831,0.431335,0.434194,0.435281,0.434462,0.4316,0.426549,0.41915,0.409229,0.396587,0.380996,0.362193,0.339895,0.313837,0.283883,0.250234,0.213686,0.175696,0.138025,0.102108,0.0686574,0.0377154,0.00892374,-0.0182343,-0.0443046,-0.0698179,-0.0952835,-0.121187,-0.147961,-0.175894,-0.204973,-0.23471,-0.264128,-0.29202,-0.317364,-0.339578,-0.358508,-0.374272,-0.387109,-0.397288,-0.405069,-0.410683,-0.414333,-0.4162,-0.416436,-0.415178,-0.412542,-0.408631,-0.40353,-0.397313,-0.39004,-0.381764,-0.372527,-0.362367,-0.351318,-0.339412,-0.326683,-0.313164,-0.298893,-0.283907,-0.268249,-0.251963,-0.235093,-0.217687,-0.199794,-0.181463,-0.162742,-0.143678,-0.124305,-0.104639,-0.084649,-0.0642358,-0.0432865
-0.0518234,-0.0306071,-0.00901953,0.0126162,0.0341759,0.0556074,0.0768776,0.0979561,0.11881,0.139403,0.159697,0.179651,0.199221,0.218363,0.237031,0.255178,0.272756,0.289718,0.306015,0.3216,0.336424,0.350436,0.363586,0.375818,0.387071,0.39728,0.406367,0.414247,0.420824,0.425994,0.429642,0.431644,0.431873,0.430189,0.426447,0.420486,0.412131,0.401183,0.387415,0.370566,0.350348,0.326469,0.298728,0.267179,0.232401,0.195644,0.158613,0.122873,0.0893434,0.0582266,0.0292462,0.00191097,-0.0243272,-0.050011,-0.0756667,-0.101805,-0.128901,-0.157317,-0.187153,-0.218036,-0.249032,-0.278846,-0.306272,-0.330544,-0.351393,-0.368893,-0.383276,-0.394823,-0.403808,-0.410479,-0.415052,-0.417719,-0.418644,-0.417975,-0.415839,-0.412349,-0.407602,-0.401682,-0.39466,-0.386596,-0.377542,-0.367541,-0.356633,-0.344855,-0.332241,-0.318829,-0.304657,-0.289764,-0.274192,-0.257987,-0.241194,-0.223863,-0.206044,-0.187789,-0.169151,-0.150189,-0.130958,-0.111516,-0.091898,-0.0720749,-0.0518234,-0.0306071
-0.040111,-0.0180962,0.00405127,0.0259368,0.0475564,0.0689324,0.0900682,0.110951,0.131555,0.151851,0.1718,0.191365,0.210502,0.229169,0.24732,0.264909,0.28189,0.298217,0.313845,0.328726,0.342816,0.356067,0.368432,0.379858,0.390288,0.399658,0.407896,0.414919,0.420632,0.424933,0.427707,0.428831,0.42817,0.425581,0.420905,0.413969,0.404576,0.392503,0.377493,0.359257,0.337496,0.311961,0.282599,0.249792,0.214563,0.178488,0.143189,0.109767,0.0786,0.0495169,0.0220708,-0.00427673,-0.0300732,-0.0558555,-0.0821516,-0.109469,-0.138237,-0.168659,-0.200499,-0.23291,-0.264561,-0.29407,-0.320469,-0.343344,-0.3627,-0.378751,-0.391787,-0.402093,-0.409932,-0.415532,-0.419095,-0.420797,-0.420795,-0.419226,-0.416213,-0.411864,-0.406275,-0.399526,-0.39169,-0.382825,-0.372984,-0.362212,-0.350552,-0.338042,-0.324721,-0.310629,-0.295807,-0.280299,-0.26415,-0.247406,-0.230118,-0.212335,-0.19411,-0.175498,-0.156559,-0.137356,-0.117964,-0.0984724,-0.0789898,-0.0596102,-0.040111,-0.0180962
-0.0314108,-0.00561784,0.017434,0.0395192,0.0611204,0.0823807,0.103338,0.12399,0.144316,0.164288,0.183871,0.203024,0.221708,0.239879,0.257493,0.274506,0.290872,0.306549,0.321491,0.335657,0.349003,0.361485,0.373059,0.383675,0.393279,0.40181,0.409197,0.415358,0.420202,0.423624,0.42551,0.425732,0.424152,0.420617,0.414955,0.406976,0.396462,0.383163,0.366797,0.347063,0.323684,0.296532,0.265824,0.23236,0.197532,0.162946,0.129838,0.0987618,0.0696738,0.04219,0.0157946,-0.010056,-0.0359028,-0.0622839,-0.0897301,-0.11872,-0.149557,-0.182144,-0.215768,-0.249112,-0.280658,-0.309223,-0.334213,-0.355539,-0.373384,-0.388034,-0.399787,-0.408915,-0.415659,-0.42023,-0.422813,-0.423573,-0.422655,-0.420192,-0.416303,-0.411093,-0.404656,-0.397073,-0.388415,-0.378743,-0.36811,-0.356565,-0.34415,-0.33091,-0.316885,-0.302119,-0.286657,-0.270543,-0.253827,-0.236556,-0.218781,-0.200555,-0.181932,-0.162967,-0.143722,-0.124266,-0.104683,-0.0850919,-0.0657084,-0.0470478,-0.0307494,-0.0043626
-0.0314108,0.0096091,0.0317345,0.0534813,0.0748654,0.0959159,0.116639,0.137021,0.157039,0.176662,0.195853,0.214574,0.232783,0.250438,0.267497,0.283916,0.299652,0.314664,0.328909,0.342349,0.354944,0.366652,0.377432,0.387238,0.396016,0.403708,0.410244,0.415543,0.419513,0.422049,0.423032,0.422332,0.419802,0.415279,0.408577,0.399487,0.387769,0.373149,0.35533,0.334028,0.309058,0.280512,0.248982,0.215652,0.18204,0.149464,0.118636,0.0896522,0.0622108,0.0358328,0.00998753,-0.0158632,-0.0422603,-0.0697475,-0.0988406,-0.129924,-0.16304,-0.197637,-0.232477,-0.265956,-0.296679,-0.32385,-0.347248,-0.367007,-0.383399,-0.396729,-0.407277,-0.415294,-0.420998,-0.424582,-0.426215,-0.426052,-0.424232,-0.420883,-0.41612,-0.410048,-0.402761,-0.394339,-0.384856,-0.374373,-0.362947,-0.350627,-0.337462,-0.323496,-0.308775,-0.293344,-0.277251,-0.260544,-0.243272,-0.225486,-0.207237,-0.188577,-0.169562,-0.150246,-0.130689,-0.110956,-0.0911214,-0.0712774,-0.0515384,-0.032018,-0.0314061,0.0314155
